uuid,name,categorie,floor_usd,ts
08e30682-b725-430f-bdfd-36394fb1aa0e,Captain America – Animated,collectible,259.99,2026-09-30 07:03:24
c6c4987d-df55-48bf-b727-655b73668c06,Red Skull,collectible,24,2026-09-30 07:03:24
3f2e5500-cb74-4d1a-970f-a6905b074743,Odin,collectible,26,2026-09-30 07:03:24
407c2658-6e20-471f-b677-95e95dffd4a3,Community Events Participant Award,collectible,45,2026-09-30 07:03:24
6b921b0c-6764-4e2f-afd8-75deb784e77e,AT-AT - March of the Empire,collectible,13,2026-09-30 07:03:24
0e0313e5-e1bb-43be-bf73-e45bf130d86b,Two Ton Sam,collectible,8.88,2026-09-30 07:03:24
00e93e80-e149-4038-bb6f-7737ce16fe80,Mourning Glory,collectible,49,2026-09-30 07:03:24
ec1ee9f4-8389-4f8b-9303-cbe02d2ba0c6,Young Warhol,collectible,11.99,2026-09-30 07:03:24
a494f556-ebcd-4252-b4ec-ccd52c331c5c,Mickey,collectible,14.69,2026-09-30 07:03:24
19016c85-350f-4b18-8a93-45a58961a6e9,Battlestar Galactica Logo,collectible,53.3,2026-09-30 07:03:24
d98cd2ce-46f0-46bc-b5ca-72e9737c8a44,E-Rank Hunter - Frame,collectible,475,2026-09-30 07:03:24
658f1d45-3417-40ec-84f7-054cb8f0d494,Symbiote,collectible,4.95,2026-09-30 07:03:24
92635283-99b4-4597-ba69-01e39ccba334,Master Splinter - Father Figure,collectible,3.5,2026-09-30 07:03:24
a5a669d8-75dc-4efd-b313-72d3cfdc0067,Santa on a Snowy Rooftop,collectible,1.09,2026-09-30 07:03:24
ffcd8f65-95d5-4b9a-8dab-e919bdeda8be,Graffi ver. Phantom,collectible,225,2026-09-30 07:03:24
742b6127-cae8-43de-858c-0db0a7c14c4b,LISA – Playful Era,collectible,44,2026-09-30 07:03:24
af36d0b7-21fc-404d-a6ea-6b5676c9ba30,Hoodie,collectible,12.99,2026-09-30 07:03:24
0f8752da-6035-4717-884b-84dc10995f4f,Octo-Cart,collectible,7.26,2026-09-30 07:03:24
f1bb37cc-7350-403f-9e06-5942bc3765ec,Master Splinter - Weapon Training,collectible,5,2026-09-30 07:03:24
53ff9a39-afb8-4a2e-b9de-516d6ea965d5,Laser Beam Machine,collectible,3,2026-09-30 07:03:24
8c448663-6552-41cf-8490-1a8c073c38bb,Confetti Machine,collectible,3,2026-09-30 07:03:24
d422752a-51cf-40da-82a1-257f817eed43,HiKR,collectible,8,2026-09-30 07:03:24
8424b8e4-01ad-4c77-b816-d728bc74b647,Bowling,collectible,7.99,2026-09-30 07:03:24
08ed38aa-561e-4a86-b64e-434f4fcfe1b2,Guitar Tank,collectible,2.28,2026-09-30 07:03:24
7475a966-ed09-4fa8-9b3f-ca6833ea98af,Spider-Man: Miles Morales - Animated,collectible,33000,2026-09-30 09:05:42
1969839e-04bc-4433-801f-3a2007e410f4,You'll find that I’m full of surprises,collectible,19.9,2026-09-30 09:05:42
4a8e584e-4cd0-47e8-8954-af74c52d90fe,Invisible Woman,collectible,3.98,2026-09-30 09:05:42
56128c3c-1c59-4be5-82f5-380d0712f9cf,Ironheart - Neon,collectible,549,2026-09-30 09:05:42
0433455f-ebd3-447d-bb00-347564d5f6a4,Guile Story,collectible,99,2026-09-30 09:05:42
1bacdd79-a711-4a24-9bfa-c0927e871e9a,Chris Robots Will Kill - SUYE Special Sky Blue,collectible,65,2026-09-30 09:05:42
658f1d45-3417-40ec-84f7-054cb8f0d494,Symbiote,collectible,3.11,2026-09-30 09:05:42
4a1211b1-0144-4827-8014-2120901a5b91,Bigfoot,collectible,1.3,2026-09-30 09:05:42
ee7aea83-c0c1-4346-b4a6-a482d6aca04a,King Triton’s Palace Grounds,collectible,6.5,2026-09-30 09:05:42
ea954588-2e89-4829-9b96-92609acfc4c1,Eson the Searcher,collectible,4.99,2026-09-30 09:05:42
8f796085-6c23-43e4-af28-f0df9cace79f,Sakura,collectible,35,2026-09-30 09:05:42
95b86201-ed47-471f-ada2-4e053041379b,Partners Statue,collectible,1980,2026-09-30 10:07:48
e120c73b-c7bd-4905-a2f7-55f3b0b9ab9a,BB-8,collectible,12.8,2026-09-30 10:07:48
a67aa0d3-7e99-4e1d-9fc0-780c2cafe8f9,Diamond Emma Frost - Marauders #21 (2021),collectible,30000,2026-09-30 11:11:14
9954145f-e85c-462e-b84b-2b50a3e3fbe9,Elsa,collectible,67,2026-09-30 11:11:14
2975026b-9d14-475b-a356-d35855637309,Hulk - Animated,collectible,36,2026-09-30 11:11:14
733a17a8-14be-4e49-93b7-02e22c7374bd,Superman vs. The Flash,collectible,17.59,2026-09-30 11:11:14
42727e5d-945e-419f-800d-381d6046c087,Ariel,collectible,110,2026-09-30 11:11:14
952c9eee-bddf-4898-ac4c-2602dd80a2ab,The Pink Panther - Gold,collectible,185,2026-09-30 11:11:14
110fad2b-cc84-4b56-9009-88e63f5db981,Swamp Thing,collectible,27,2026-09-30 11:11:14
4a8e584e-4cd0-47e8-8954-af74c52d90fe,Invisible Woman,collectible,3.3,2026-09-30 11:11:14
d4a983b5-07d5-4b85-afbf-23df999abe11,You Ain't Seen Nothin' Yet!,collectible,67,2026-09-30 11:11:14
3a4281ad-3a31-4548-8eb2-2a23374925ed,Good Robot,collectible,185,2026-09-30 11:11:14
1b932f99-0cfd-4841-ba0d-476192b9904c,#11 Harley Quinn,collectible,8,2026-09-30 11:11:14
88cbd191-476f-4e7a-9413-f0b69715c35f,Scar,collectible,63,2026-09-30 11:11:14
c780ae69-e498-4b3b-95fc-be6d8345f881,Throg – The Mighty Frogjolnir,collectible,11.99,2026-09-30 11:11:14
3a78b26c-78b0-4aef-aab8-db75173e5e52,Huracán STO - Grigio Titans/Giallo Belenus,collectible,24,2026-09-30 11:11:14
3b43ff0a-b0ae-4df8-a9d2-f19cada64cd5,Cheshire Cat,collectible,38,2026-09-30 11:11:14
3164f5e3-044d-477d-8022-0a99dead294d,Leonardo - Classic,collectible,15,2026-09-30 11:11:14
a74f1cdf-2a37-41a5-adeb-ac975ac647b1,Soul Stone,collectible,2.3,2026-09-30 11:11:14
dbed7372-f79d-4638-a180-1da2e36195f4,Alice,collectible,16,2026-09-30 11:11:14
08ff2277-5ae8-428c-80c1-4cb8df9d6622,Velkhana - Animated,collectible,25,2026-09-30 11:11:14
55763632-4321-4e20-a3db-34e96f554cd1,Mogul Grin - Greed Green,collectible,29.99,2026-09-30 11:11:14
684d93e2-0ecf-47a5-a2c5-1c7dd0b8d4dd,Spider-Man 2099 - Beyond Destiny,collectible,14.95,2026-09-30 11:11:14
00e93e80-e149-4038-bb6f-7737ce16fe80,Mourning Glory,collectible,39,2026-09-30 11:11:14
fbc6e8d2-feb1-46b9-9321-2cf8d34a47c2,Friend Owl,collectible,9.9,2026-09-30 11:11:14
33f16c99-a5e4-4268-98e1-ce6e3ea05dad,Elf Labbit,collectible,4.9,2026-09-30 11:11:14
ec04c6de-1ef4-436b-bb1a-8a9109a95bb6,Colossus - Phoenix,collectible,8.3,2026-09-30 11:11:14
0c7b5608-1fb4-4ec4-a55d-f1199de26a2c,Homestead,collectible,12.4,2026-09-30 11:11:14
f6e15150-641b-4d8e-b7cc-19027a019d1f,Chris Robots Will Kill - OG,collectible,55,2026-09-30 11:11:14
12dba506-2a2e-4f26-b89a-f5cf8518151a,D&D - Year One Table,collectible,29.99,2026-09-30 11:11:14
72ec80b5-11e5-4082-be8d-dd662e1ba756,Moisture Vaporator,collectible,9,2026-09-30 11:11:14
8fc5ef65-80b8-4b61-9cad-3a8de0cc472a,Nessie,collectible,1.54,2026-09-30 11:11:14
d57ebb76-9ef0-4e67-a01e-57787e8e95d8,Mogul Grin Game Board,collectible,5.99,2026-09-30 11:11:14
fcaf92c1-1f34-4042-87ee-b5cc02345977,Chris Robots Will Kill - Landscape,collectible,40,2026-09-30 11:11:14
1bacdd79-a711-4a24-9bfa-c0927e871e9a,Chris Robots Will Kill - SUYE Special Sky Blue,collectible,40,2026-09-30 11:11:14
30341e3d-3fd2-49bc-b52e-cb539458aee5,LUV,collectible,24.99,2026-09-30 11:11:14
8f796085-6c23-43e4-af28-f0df9cace79f,Sakura,collectible,49.99,2026-09-30 11:11:14
edb63da5-2e45-4455-a44b-e31708e27fc3,Edward - Mast,collectible,39,2026-09-30 11:11:14
46359177-0a0a-4148-aac9-7875a76aaa91,Toph,collectible,3.33,2026-09-30 11:11:14
d422752a-51cf-40da-82a1-257f817eed43,HiKR,collectible,13.99,2026-09-30 11:11:14
9d513380-78fc-4291-9f4b-e7ac0486e746,Snowman,collectible,11.99,2026-09-30 11:11:14
3cd38803-98a6-4b5c-85fa-a8a3353c0b7f,Single 1/2d 'Mount Cook' gummed stamp,collectible,1.82,2026-09-30 11:11:14
ea954588-2e89-4829-9b96-92609acfc4c1,Eson the Searcher,collectible,2.95,2026-09-30 11:11:14
36adfd74-e06b-4b10-a4a3-01fc13113d8d,Foam Machine - Gold Edition,collectible,16.42,2026-09-30 11:11:14
ec00071b-05f6-4fbd-9b35-cbcbfb88c996,Mr. V,collectible,3.08,2026-09-30 11:11:14
12787b3e-79ae-4836-99f7-35986f5dee8b,Dan - Be Like Water,collectible,3.79,2026-09-30 11:11:14
f108a1b1-62eb-473c-88d0-3d340255f4d7,Beach Prank,collectible,1.8,2026-09-30 11:11:14
3a867661-d468-4559-884f-777a86ec8eda,Pluto,collectible,69,2026-09-30 12:13:25
af02ad4f-100c-4995-810f-376c6854b00e,Disney D,collectible,20,2026-09-30 12:13:25
72fb80f0-9a51-422d-97c0-d09d84de0738,Wonder Woman,collectible,19.5,2026-09-30 12:13:25
da4f0ab8-00be-498e-8784-bde7d0d105e2,#56 Bruce Timm Harley Quinn,collectible,24,2026-09-30 12:13:25
42727e5d-945e-419f-800d-381d6046c087,Ariel,collectible,120,2026-09-30 12:13:25
28906a0f-8d90-41fb-b193-7e619c906ad0,Harley Quinn (Stanley Lau),collectible,24,2026-09-30 12:13:25
ff567837-203b-4507-bbfe-d83ec112be53,Flower Bomber (Street Cleaner Edition),collectible,300,2026-09-30 12:13:25
d6a2d52f-b2ba-4b15-97e8-b5617118f912,Turtle Catapult,collectible,22.55,2026-09-30 12:13:25
d4a983b5-07d5-4b85-afbf-23df999abe11,You Ain't Seen Nothin' Yet!,collectible,69.05,2026-09-30 12:13:25
2af5a235-d387-495e-b01c-b90ca6f71e48,Simba,collectible,19.5,2026-09-30 12:13:25
988f4190-a511-487e-b2c4-94f26e80c94d,She-Hulk - Animated,collectible,29,2026-09-30 12:13:25
2387c605-0f0b-4415-ad9d-0901814ee103,Murciélago LP670-4 SV Blu Nova,collectible,28,2026-09-30 12:13:25
3380b39e-a974-4f27-89c3-12dc6995fbee,Planet Hulk,collectible,21.6,2026-09-30 12:13:25
e94f5013-1df6-462b-a89b-fd810219157e,LISA Pink/Silver,collectible,85,2026-09-30 12:13:25
768e3b9d-2b74-420e-be62-2a375fbd911f,Crowd Favorite,collectible,3,2026-09-30 12:13:25
e120c73b-c7bd-4905-a2f7-55f3b0b9ab9a,BB-8,collectible,12,2026-09-30 12:13:25
25973a98-fafb-4fea-a9ec-be2921c082a2,BLACKPINK Lightbox - Midnight Mode,collectible,135,2026-09-30 12:13:25
ec04c6de-1ef4-436b-bb1a-8a9109a95bb6,Colossus - Phoenix,collectible,7.67,2026-09-30 12:13:25
e74fc433-8f2a-4893-897f-4f72dd41c35a,Thumper,collectible,39.95,2026-09-30 12:13:25
eda50111-815e-42c0-8748-1f34b35c5c36,Emma Frost - Hellfire Gala #1 (2022),collectible,7.97,2026-09-30 12:13:25
ea954588-2e89-4829-9b96-92609acfc4c1,Eson the Searcher,collectible,7.25,2026-09-30 12:13:25
ef2d6f11-7446-45e9-b716-27384950c67b,LISA - Diamond Special Edition,collectible,14.99,2026-09-30 12:13:25
6211625a-9004-4b34-9a45-fbdb0eaa8cbb,#72 Carmine Infantino Robin,collectible,238,2026-09-30 13:15:15
acf1aae9-f70c-4782-830d-71cb124fb808,Batman vs. Killer Croc,collectible,15,2026-09-30 13:15:15
cccc8176-f806-490d-be7a-5fe3e7ea0e4b,Green Goblin,collectible,29,2026-09-30 13:15:15
52c36b99-b76b-4073-bfb7-49628c0ada34,Star Wars Episode IV: A New Hope,collectible,9.9,2026-09-30 13:15:15
3f233a1f-fe67-4d15-b796-f60845ee3d35,Lightning McQueen: Ka-chow!,collectible,6.99,2026-09-30 13:15:15
c58a5507-3f12-47ea-95c8-2f7974ba3b0b,350 GT - Rosso,collectible,50,2026-09-30 13:15:15
80f4f105-e741-4e75-82c6-5d7bb395aa71,Doc Ock - Ultimate Animated,collectible,45,2026-09-30 13:15:15
3a78b26c-78b0-4aef-aab8-db75173e5e52,Huracán STO - Grigio Titans/Giallo Belenus,collectible,25,2026-09-30 13:15:15
1d259322-4273-4319-b20a-c1a8be22a2c6,WDAS Animation Desk,collectible,24.4,2026-09-30 13:15:15
6edf0436-e37c-4e2f-a811-22e5df176765,Edna Mode: Bold! Dramatic! Heroic!,collectible,5.99,2026-09-30 13:15:15
fc394894-444f-43ad-927b-19390c5eef03,Harley Quinn Deluxe 2,collectible,6.2,2026-09-30 13:15:15
3380b39e-a974-4f27-89c3-12dc6995fbee,Planet Hulk,collectible,17.99,2026-09-30 13:15:15
a5fcf837-0263-44f1-bf85-69453bba219f,Super Armor Hiro,collectible,15.91,2026-09-30 13:15:15
802a7639-0f8b-45f7-a828-64ae49727d38,Harley Quinn (John Timms),collectible,9.99,2026-09-30 13:15:15
2387c605-0f0b-4415-ad9d-0901814ee103,Murciélago LP670-4 SV Blu Nova,collectible,21,2026-09-30 13:15:15
55a65836-fe04-4cb8-8f32-baddc0a3c85d,Diablo - Purple,collectible,13.99,2026-09-30 13:15:15
083cd7a4-4f26-4c8a-983c-29dea38fad01,Man on a Mission,collectible,10.95,2026-09-30 13:15:15
658f1d45-3417-40ec-84f7-054cb8f0d494,Symbiote,collectible,4.95,2026-09-30 13:15:15
ad5b7ae1-ad36-44e6-9dbd-a57e8b1a94bc,Tesseract,collectible,3.99,2026-09-30 13:15:15
1e6cc040-882f-4288-8b0d-0ad4226be991,The Pink Panther - Animated,collectible,5.99,2026-09-30 13:15:15
49c0b910-3dea-4425-bc85-4b11618fc3f9,AMC Blue and Beta,collectible,5,2026-09-30 13:15:15
262ca5c3-d806-421d-aa0a-05207e5ea59c,Donatello - IncogNinja,collectible,41.95,2026-09-30 13:15:15
f68a5fd3-4208-4384-8683-095a8fe10fb3,Mulan,collectible,19.99,2026-09-30 13:15:15
fe0f996e-9621-4a5d-939e-e79032a631db,Maestro,collectible,6.99,2026-09-30 13:15:15
bb531903-13ab-4806-98c8-fb2b8847e398,1840 Penny Black QB used,collectible,3.97,2026-09-30 13:15:15
2dbdb7e3-6f49-4210-a050-a6b812e4caad,Aaron,collectible,2.1,2026-09-30 13:15:15
1bacdd79-a711-4a24-9bfa-c0927e871e9a,Chris Robots Will Kill - SUYE Special Sky Blue,collectible,50,2026-09-30 13:15:15
92635283-99b4-4597-ba69-01e39ccba334,Master Splinter - Father Figure,collectible,4.3,2026-09-30 13:15:15
392c6df5-78ae-4b4a-b015-867fc56f68c8,Hope Van Dyne/Wasp,collectible,2.95,2026-09-30 13:15:15
ad62bc36-b967-40cb-8b10-5dd30054dd4e,Russell,collectible,8.88,2026-09-30 13:15:15
f03984f1-f566-45e7-9ff4-aeedc23523bc,David Yu,collectible,9.99,2026-09-30 13:15:15
7ec09fea-496d-42c6-9074-60bd3577feb4,Rogue - Shi’ar Warrior,collectible,19.95,2026-09-30 13:15:15
5b5d3631-b478-4db9-a18c-e79dd98c17a9,Phase 1 Ting - Sket One,collectible,7.95,2026-09-30 13:15:15
a81a718a-0f3c-4e4c-9efe-d9baeda46f6b,The Wedgewood Wisp SoldierFeesh,collectible,19.95,2026-09-30 13:15:15
121be6df-6a3a-4e64-9978-92fc5acb77ca,Record #7 - Bunnny's Rap - Original,collectible,4.44,2026-09-30 13:15:15
20733f6b-c168-4a46-b558-e85b2ed125bd,Dan,collectible,6.4,2026-09-30 13:15:15
955b5afd-2038-4ece-a7a9-bd639f4c2ce2,Treasure Chest,collectible,9.95,2026-09-30 13:15:15
ab6bd913-cd52-44ec-ac88-94225f960723,Stitch,collectible,199,2026-09-30 14:17:18
def65f71-6b97-4cff-a72d-e346d091c582,Sam Wilson,collectible,1.99,2026-09-30 14:17:18
a74f1cdf-2a37-41a5-adeb-ac975ac647b1,Soul Stone,collectible,1.99,2026-09-30 14:17:18
3380b39e-a974-4f27-89c3-12dc6995fbee,Planet Hulk,collectible,17.3,2026-09-30 14:17:18
ad5b7ae1-ad36-44e6-9dbd-a57e8b1a94bc,Tesseract,collectible,5,2026-09-30 14:17:18
3f12e502-76f5-44bc-abe8-8aa06da72152,Scarlet Witch,collectible,4.9,2026-09-30 14:17:18
f7391c05-2eec-4ea7-bdee-584885596a8b,Coca-Cola Neon Sign,collectible,15,2026-09-30 14:17:18
d629f709-d1b4-4e1d-803d-542a6b00ea9a,VeVe Heart Logo - Pink,collectible,1.99,2026-09-30 14:17:18
29e16f1c-8bc5-47cb-8b2e-ab133d6dace0,Cereal Chiller,collectible,1.99,2026-09-30 14:17:18
bfee101f-2ea1-48b4-a662-c0778f616af7,Hojakdo Island,collectible,6.99,2026-09-30 14:17:18
b9a084ef-c5cc-4066-b335-102664bd1b44,Grenade Green,collectible,7.7,2026-09-30 14:17:18
df4040f2-18a2-42d7-b67b-ede12c684102,BLAM!,collectible,1.8,2026-09-30 14:17:18
9cccbffd-e907-44b4-9e2e-b285f090292d,Zombie Hunter Spider-Man #1,collectible,9.74,2026-09-30 15:20:53
219d14ac-23e9-4a1d-a9cb-ec009b31ebb1,A Happy Whistle,collectible,9.95,2026-09-30 15:20:53
22d47b6e-710f-477c-83d6-53e89528e190,Aratech 74-Z Speeder Bike (Snow),collectible,44,2026-09-30 15:20:53
0952a89b-b570-4e2f-acf7-63f6174c6a92,Mandalorian,collectible,67.77,2026-09-30 15:20:53
924d7c50-71d1-4f66-a510-3d037c7d2353,Olaf,collectible,41.13,2026-09-30 15:20:53
37353ee5-47b8-4498-a220-7851c6dd0923,Michelangelo - Classic,collectible,17.95,2026-09-30 15:20:53
840cd502-351b-4397-b1c0-1cfcb612b799,Grogu,collectible,15.77,2026-09-30 15:20:53
68649d9c-b610-4ac0-a07a-f14a1fca6585,Raphael - Classic,collectible,10.95,2026-09-30 15:20:53
025a320d-8bce-4fad-9cb2-4b41d6a2f727,Sung Jinwoo - Weakest Hunter,collectible,12.22,2026-09-30 15:20:53
31572cb5-b90f-47cc-82e9-c8751ccf0a70,Buzz Lightyear – Galactic Guardian,collectible,11,2026-09-30 15:20:53
7051dd0b-67f0-4ffe-a81b-6a397a7a496c,T-47 Airspeeder - Red,collectible,6.56,2026-09-30 15:20:53
a218120e-106b-4761-9cce-21f4485d53a0,Raphael - IncogNinja,collectible,26,2026-09-30 15:20:53
30341e3d-3fd2-49bc-b52e-cb539458aee5,LUV,collectible,21.99,2026-09-30 15:20:53
545f8c91-7a0e-4bd4-83d5-c806fe2d832b,Foam Machine,collectible,7.99,2026-09-30 15:20:53
d629f709-d1b4-4e1d-803d-542a6b00ea9a,VeVe Heart Logo - Pink,collectible,2.91,2026-09-30 15:20:53
46359177-0a0a-4148-aac9-7875a76aaa91,Toph,collectible,4,2026-09-30 15:20:53
f8baec5c-c69f-4a44-9611-f009fa58de06,Coca-Cola Neon Sign - Arrow,collectible,15,2026-09-30 15:20:53
fdd6f19d-4614-44d4-b816-5cef345d7981,Red Horse,collectible,23,2026-09-30 15:20:53
958d85ba-bdfb-4013-89b4-5bd4a7a87daf,Guma - Nine Horse,collectible,23,2026-09-30 15:20:53
ca3678e8-3ed8-4db0-ac03-da39f94d2c99,Turtle,collectible,2.99,2026-09-30 15:20:53
6ea861be-16f5-4832-a6ec-da215c4fe3b6,Mutagen,collectible,2.95,2026-09-30 15:20:53
57da1dfd-058b-48db-ab9a-f4fa82eb4db6,Death Trooper Helmet,collectible,2.19,2026-09-30 15:20:53
bd273292-2dd8-49f1-9199-f8dbfe7cd62d,Small Generator,collectible,3.33,2026-09-30 15:20:53
cf3f2223-ece8-4b79-8970-8fca656ea481,Smoke Machine,collectible,3.99,2026-09-30 15:20:53
4836f896-a3b1-4539-a79f-1b0a26bd5a25,Rat,collectible,2.33,2026-09-30 15:20:53
5e72800a-aaba-4743-a005-18675ee33d9a,Smoke Machine - Gold Edition,collectible,77,2026-09-30 15:20:53
b87927b2-6ad2-43ee-ae88-cfd7a2668e15,Bubble Machine,collectible,3.55,2026-09-30 15:20:53
f57e1a2b-be41-4007-8d67-7fac23b39b70,Pyro Machine,collectible,3.49,2026-09-30 15:20:53
8c448663-6552-41cf-8490-1a8c073c38bb,Confetti Machine,collectible,2.99,2026-09-30 15:20:53
81a71914-a1f3-4138-bfb5-bc41c020475f,Shield Generator,collectible,2.22,2026-09-30 15:20:53
c99e3fba-dfdd-4753-82f2-408f461e606c,BAM! - Gold,collectible,32,2026-09-30 15:20:53
a15d54d8-0fa1-42bf-a69c-315662f4bfdf,Strobe Light Machine - Gold Edition,collectible,33,2026-09-30 15:20:53
fbee4cac-4007-49a7-8662-acf27af59267,Lightning - Dark,collectible,23,2026-09-30 15:20:53
75bffbf5-3527-4c34-a73d-06252becd47f,Skateboard,collectible,64,2026-09-30 16:25:07
83e94f86-f495-4002-a3b1-1123fda8864e,Sleeping Beauty Castle,collectible,64,2026-09-30 16:25:07
a8f8d463-7081-4fdf-b411-1a3182200f8b,Big Thunder Mountain,collectible,16,2026-09-30 16:25:07
3b2abe1a-4389-4ba7-809c-565d1ae25fa8,"""Vader's Little Princess""",collectible,12,2026-09-30 16:25:07
a494f556-ebcd-4252-b4ec-ccd52c331c5c,Mickey,collectible,14.99,2026-09-30 16:25:07
55763632-4321-4e20-a3db-34e96f554cd1,Mogul Grin - Greed Green,collectible,25.25,2026-09-30 16:25:07
b7ea3a29-17e1-47cb-a6ca-2ec419165e3c,“it’s a small world”,collectible,13.99,2026-09-30 16:25:07
bc961870-a3c9-40bc-a35d-46e4a5353c2c,Pirates of the Caribbean,collectible,13,2026-09-30 16:25:07
f50bd55d-fcd4-46b6-9574-78e3ff253c2e,Orbitron®,collectible,12,2026-09-30 16:25:07
641ae92d-1a09-431c-81ad-e708d0bd81e5,Mama Imelda,collectible,20,2026-09-30 16:25:07
99dad9ce-573b-4ba5-983a-460cde874f19,Brave Berry,collectible,14.99,2026-09-30 16:25:07
0bf82173-ee23-4e91-8990-5419bbdf15d7,"""I Love You, Dad""",collectible,4,2026-09-30 16:25:07
a00ad2e9-37fe-4ca2-b2df-5fea2e0131d0,"""Read Me A Story!""",collectible,3,2026-09-30 16:25:07
faa51bbb-63ce-4280-91bd-b3573e1293a2,Jackson Storm,collectible,18.5,2026-09-30 16:25:07
ab837c48-11e4-4fe9-b99a-0fd17f62e599,Death Trooper - SE-14r Blaster,collectible,2.1,2026-09-30 16:25:07
30341e3d-3fd2-49bc-b52e-cb539458aee5,LUV,collectible,17.5,2026-09-30 16:25:07
20733f6b-c168-4a46-b558-e85b2ed125bd,Dan,collectible,8,2026-09-30 16:25:07
d422752a-51cf-40da-82a1-257f817eed43,HiKR,collectible,13,2026-09-30 16:25:07
9d513380-78fc-4291-9f4b-e7ac0486e746,Snowman,collectible,11.5,2026-09-30 16:25:07
7f8db4ca-e2d2-4750-80dc-92f122da0bd0,Birdie,collectible,9.5,2026-09-30 16:25:07
02ab1567-e3b7-4862-bd09-4115bcfed9fc,Max,collectible,4,2026-09-30 16:25:07
623d2c10-c843-4de5-9beb-2c74cf5460df,Gambit - Trenchcoat Tactician Special Edition,collectible,15,2026-09-30 16:25:07
75fd5ad6-8c57-442e-b909-f5cda1ec3917,Winter Soldier – Wakandan Warrior,collectible,50000,2026-09-30 17:32:49
d03f035e-fe59-40f6-9977-3cef76ee112b,Spider-Man - Animated,collectible,645,2026-09-30 17:32:49
08e30682-b725-430f-bdfd-36394fb1aa0e,Captain America – Animated,collectible,255,2026-09-30 17:32:49
733a17a8-14be-4e49-93b7-02e22c7374bd,Superman vs. The Flash,collectible,19.99,2026-09-30 17:32:49
39caa0d4-acd8-4b57-8c74-77f777370153,Dark Lord of the Sith,collectible,14.5,2026-09-30 17:32:49
17cdc624-09a6-4f55-9e2f-b7e13f3d1b89,Buzz Lightyear – Galactic Glow,collectible,1234,2026-09-30 17:32:49
47dd2556-6be7-4572-a234-453b667cfc8d,Wonder Woman,collectible,5,2026-09-30 17:32:49
87876723-9df8-4d39-a1fe-fbecf4b4788a,Supergirl,collectible,8,2026-09-30 17:32:49
6b921b0c-6764-4e2f-afd8-75deb784e77e,AT-AT - March of the Empire,collectible,18,2026-09-30 17:32:49
2387c605-0f0b-4415-ad9d-0901814ee103,Murciélago LP670-4 SV Blu Nova,collectible,37.5,2026-09-30 17:32:49
4804e172-42a2-419f-b1f0-431ece52c00a,Deadpool – Ugly Sweater Party,collectible,2,2026-09-30 17:32:49
d65a302d-eda5-457f-b6c3-46826dee1941,Sket One - Boo Crew - Glow in the Dark Cyan,collectible,321,2026-09-30 17:32:49
8fc5ef65-80b8-4b61-9cad-3a8de0cc472a,Nessie,collectible,1,2026-09-30 17:32:49
4a1211b1-0144-4827-8014-2120901a5b91,Bigfoot,collectible,1,2026-09-30 17:32:49
f1bb37cc-7350-403f-9e06-5942bc3765ec,Master Splinter - Weapon Training,collectible,6.5,2026-09-30 17:32:49
a72a940f-3713-4072-8736-415a64444d47,Take That Rabbid,collectible,21,2026-09-30 17:32:49
eef9e3ab-a2bd-44ef-b10f-bc58be804cbd,On the Way to Work,collectible,37,2026-09-30 17:32:49
f57e1a2b-be41-4007-8d67-7fac23b39b70,Pyro Machine,collectible,3.1,2026-09-30 17:32:49
c99e3fba-dfdd-4753-82f2-408f461e606c,BAM! - Gold,collectible,30,2026-09-30 17:32:49
9954145f-e85c-462e-b84b-2b50a3e3fbe9,Elsa,collectible,68,2026-09-30 18:33:24
bf42d73e-2563-4cb3-b91f-11863d43d161,Warriors Of Mars,collectible,120000000,2026-09-30 19:37:24
3a592c07-aca1-43c8-9788-632462579e7b,The Emperor's Fist,collectible,210,2026-09-30 19:37:24
39e873a8-37f3-4ef8-9247-b2b257f7dcbf,Team Avatar: SDCC 2026,collectible,500,2026-09-30 19:37:24
75bffbf5-3527-4c34-a73d-06252becd47f,Skateboard,collectible,59,2026-09-30 19:37:24
8d5e5124-9f63-4f31-b838-f13a510ea10d,Ghost Trap,collectible,199,2026-09-30 19:37:24
370fff46-9ed2-402c-a981-955b3b0202e1,Donald Duck and Daisy Duck,collectible,25,2026-09-30 19:37:24
3a867661-d468-4559-884f-777a86ec8eda,Pluto,collectible,50,2026-09-30 19:37:24
6a3c8ad0-8bb9-4065-abff-9d12b8e82bc4,Lady and the Tramp,collectible,30,2026-09-30 19:37:24
db25d35f-7378-4c88-9d15-71ab97d25c09,The Rancor,collectible,88,2026-09-30 19:37:24
1a408aac-5fa7-4995-8244-c45fc1026f89,Marceline,collectible,92,2026-09-30 19:37:24
2a293f70-73ed-4c93-8095-ae0341f912a4,Goofy,collectible,499,2026-09-30 19:37:24
cccc8176-f806-490d-be7a-5fe3e7ea0e4b,Green Goblin,collectible,33,2026-09-30 19:37:24
38106832-449a-4c05-9ad6-4cae7177a9c9,VeVe Logo White Blue,collectible,77,2026-09-30 19:37:24
3ba00608-759f-4b4f-9984-2c6b3e6da842,No Time To Die — Aston Martin DB5,collectible,34,2026-09-30 19:37:24
cdce3d25-b015-4565-8097-81bbfc524e54,Daredevil,collectible,30,2026-09-30 19:37:24
28906a0f-8d90-41fb-b193-7e619c906ad0,Harley Quinn (Stanley Lau),collectible,13,2026-09-30 19:37:24
f768b31c-dcef-4122-ad4e-ca3837071108,The Golden MYO,collectible,599.99,2026-09-30 19:37:24
768e3b9d-2b74-420e-be62-2a375fbd911f,Crowd Favorite,collectible,6.9,2026-09-30 19:37:24
3d38c822-050f-42bf-a382-f209819911e4,Deadpool – Deck The Halls,collectible,2.73,2026-09-30 19:37:24
87b0e695-6422-4005-a898-294b76ac64d1,Question Mark Hoverboard,collectible,10.5,2026-09-30 19:37:24
47dd2556-6be7-4572-a234-453b667cfc8d,Wonder Woman,collectible,4.1,2026-09-30 19:37:24
988f4190-a511-487e-b2c4-94f26e80c94d,She-Hulk - Animated,collectible,28,2026-09-30 19:37:24
4e65766e-d432-40a3-8465-f8a0a0270a2f,Ultraman Rising Poster,collectible,75,2026-09-30 19:37:24
a39be8a4-d03d-4de5-b85d-4e8da1a4ef02,Professor X,collectible,42,2026-09-30 19:37:24
2d7d08b8-c2b2-4b85-b33c-40ef7c38afde,Nina Palomba - Hub the Golden Heart,collectible,110,2026-09-30 19:37:24
53902cb1-10c4-43a0-ad24-a0ad1cbd1a02,Mrs. Incredible,collectible,27.99,2026-09-30 19:37:24
d6033d14-4af7-4aee-a38f-080e4cd98fd1,Gouged Stormtrooper Helmet,collectible,129.77,2026-09-30 19:37:24
0f59caec-a042-484c-a314-e2185ae2bc77,DEADBEATS - Dysfunctional Family StreetPrint,collectible,24.24,2026-09-30 19:37:24
ad11c67d-5365-48b9-80e9-00c4a0e67f91,"""It Wasn't Me!""",collectible,8,2026-09-30 19:37:24
42ed9c27-7acd-4e87-9305-431016406b79,Record #3 - Ascension - Gold,collectible,40,2026-09-30 19:37:24
0988f04a-e678-4797-9652-0142e3a37f8b,Just-Us (color),collectible,32,2026-09-30 19:37:24
e8af31a7-9403-4a31-89a5-65570fcb814b,Altar - Becoming a Player,collectible,8.5,2026-09-30 19:37:24
8fc5ef65-80b8-4b61-9cad-3a8de0cc472a,Nessie,collectible,1.54,2026-09-30 19:37:24
4a1211b1-0144-4827-8014-2120901a5b91,Bigfoot,collectible,1.3,2026-09-30 19:37:24
fe41c4ee-59ac-421f-8919-4e119eb29825,Holiday Elves - Elf with Model Rocket,collectible,2.9,2026-09-30 19:37:24
8214e72e-ef1a-449a-97a9-61abfd39f600,One Small Step - 2025 HK DCon Edition Poster,collectible,125,2026-09-30 19:37:24
ab837c48-11e4-4fe9-b99a-0fd17f62e599,Death Trooper - SE-14r Blaster,collectible,2.3,2026-09-30 19:37:24
77857a70-edf2-4401-9798-93f63b941d60,Vulture,collectible,6,2026-09-30 19:37:24
61d09bde-7c93-4d3b-8816-33266d761153,1938 William Howard Taft,collectible,6,2026-09-30 19:37:24
53ff9a39-afb8-4a2e-b9de-516d6ea965d5,Laser Beam Machine,collectible,3.99,2026-09-30 19:37:24
30341e3d-3fd2-49bc-b52e-cb539458aee5,LUV,collectible,10.58,2026-09-30 19:37:24
cf3f2223-ece8-4b79-8970-8fca656ea481,Smoke Machine,collectible,3.9,2026-09-30 19:37:24
8c448663-6552-41cf-8490-1a8c073c38bb,Confetti Machine,collectible,3.75,2026-09-30 19:37:24
9d513380-78fc-4291-9f4b-e7ac0486e746,Snowman,collectible,9.6,2026-09-30 19:37:24
f57e1a2b-be41-4007-8d67-7fac23b39b70,Pyro Machine,collectible,3.49,2026-09-30 19:37:24
d422752a-51cf-40da-82a1-257f817eed43,HiKR,collectible,9,2026-09-30 19:37:24
fec6128b-b0f8-4f18-9077-1f63aad3bc3c,Beach Prank - Gold,collectible,49.99,2026-09-30 19:37:24
2c3b5185-c87d-440e-a040-902aacc1d57d,Monovader - Blue Mic Theory,collectible,3,2026-09-30 19:37:24
9c635d40-5aea-484a-b0fb-03d819ba3885,Harley Quinn - #19 Steve Pugh,collectible,1744.4,2026-09-30 20:39:56
08e30682-b725-430f-bdfd-36394fb1aa0e,Captain America – Animated,collectible,239.99,2026-09-30 20:39:56
5ba650f9-103c-4de3-bea6-8e8376fb2b0c,Kevin,collectible,1900,2026-09-30 20:39:56
6b9a6e4d-3267-461c-bc0b-101eb140a4dd,Fat Tony - Gold,collectible,175,2026-09-30 20:39:56
ecd5f579-59bf-4121-8c8b-3b85ac7aed87,The Coming of the Hulk,collectible,51,2026-09-30 20:39:56
440ef232-772c-441a-8db1-b077a55f445a,Tinker Bell,collectible,124.95,2026-09-30 20:39:56
83e94f86-f495-4002-a3b1-1123fda8864e,Sleeping Beauty Castle,collectible,59.99,2026-09-30 20:39:56
462c5fbb-fc0d-4aec-b7e8-856dea8b4963,Kylo Ren,collectible,5.99,2026-09-30 20:39:56
bfdb0fc1-ac44-47ed-9bb5-462966414b27,Flying Balloons Girl (Red Edition),collectible,285,2026-09-30 20:39:56
f768b31c-dcef-4122-ad4e-ca3837071108,The Golden MYO,collectible,544.99,2026-09-30 20:39:56
bf5fcb3f-2e79-4928-b8ff-bbb0045da5d7,Cat-Trooper (Color),collectible,39,2026-09-30 20:39:56
d1ca1d95-e3e0-4309-ba6f-e6dcbe94a23c,Disneyland Monorail,collectible,34.99,2026-09-30 20:39:56
55f33fdf-64f0-4b85-9aba-93cbcee1c912,Space Station X-1,collectible,31.99,2026-09-30 20:39:56
96bd10c3-bb88-4df3-a7ba-545ba25f2513,Cylon Basestar,collectible,15.99,2026-09-30 20:39:56
a9cf4299-2493-4009-9925-77089d16b4f5,Flying Saucers,collectible,29.99,2026-09-30 20:39:56
9fc00c0d-146d-4f67-8acc-8a8ad3ea2008,Bill & Ted's Bogus Journey,collectible,14.99,2026-09-30 20:39:56
2ba85fcd-a54f-4b0a-8d9c-922cdd7bc059,JENNIE Pink Venom 1,collectible,40,2026-09-30 20:39:56
1bacdd79-a711-4a24-9bfa-c0927e871e9a,Chris Robots Will Kill - SUYE Special Sky Blue,collectible,40,2026-09-30 20:39:56
5b5d3631-b478-4db9-a18c-e79dd98c17a9,Phase 1 Ting - Sket One,collectible,8.6,2026-09-30 20:39:56
20733f6b-c168-4a46-b558-e85b2ed125bd,Dan,collectible,7.99,2026-09-30 20:39:56
e3e3d65e-ec37-46cd-aef6-a5febf24d0be,Quickdraw,collectible,6.99,2026-09-30 20:39:56
6ea861be-16f5-4832-a6ec-da215c4fe3b6,Mutagen,collectible,2.9,2026-09-30 20:39:56
f1bb37cc-7350-403f-9e06-5942bc3765ec,Master Splinter - Weapon Training,collectible,5.99,2026-09-30 20:39:56
30341e3d-3fd2-49bc-b52e-cb539458aee5,LUV,collectible,9.58,2026-09-30 20:39:56
d422752a-51cf-40da-82a1-257f817eed43,HiKR,collectible,7.7,2026-09-30 20:39:56
17258a03-cd19-4f5a-b355-bf6a0b4eea07,The Galactica (BS-75),collectible,99,2026-09-30 21:43:16
3a867661-d468-4559-884f-777a86ec8eda,Pluto,collectible,48,2026-09-30 21:43:16
20578f42-c47c-454a-bb1a-7f2d78b56905,Death,collectible,44.99,2026-09-30 21:43:16
b94e5d49-35f0-4bdc-9e41-d5c484df5ae7,Catwoman,collectible,10.5,2026-09-30 21:43:16
a31da526-c03e-49b0-8c10-c93a243a9fb5,Blue - Attack Ready,collectible,18,2026-09-30 21:43:16
057b0e2b-41e3-4360-8585-dddc69a3f534,Sabretooth - Savage Presence,collectible,11.9,2026-09-30 21:43:16
11bc19eb-ef1b-4fa0-8e0d-1a8281197e90,Ghost-Spider,collectible,4,2026-09-30 21:43:16
e955dcc5-43e2-4cdd-a978-c8b66ddd6c96,Miura - Arancio Miura,collectible,26,2026-09-30 21:43:16
c3f8ef28-201b-4e53-a0e8-69dedc782de4,Blue the Leader,collectible,6,2026-09-30 21:43:16
4e65766e-d432-40a3-8465-f8a0a0270a2f,Ultraman Rising Poster,collectible,69,2026-09-30 21:43:16
6897547b-b936-4c5a-961d-e6303f0a58ef,Blue Animated 2,collectible,15,2026-09-30 21:43:16
4e1ee74f-6a01-4ab9-beaf-b479335a127b,Cathedral Tank,collectible,895,2026-09-30 21:43:16
3a104aa7-b5ba-4bd1-8197-dd402dbd46bf,Night Trooper,collectible,6,2026-09-30 21:43:16
49c0b910-3dea-4425-bc85-4b11618fc3f9,AMC Blue and Beta,collectible,5.5,2026-09-30 21:43:16
8214e72e-ef1a-449a-97a9-61abfd39f600,One Small Step - 2025 HK DCon Edition Poster,collectible,250,2026-09-30 21:43:16
d629f709-d1b4-4e1d-803d-542a6b00ea9a,VeVe Heart Logo - Pink,collectible,6.14,2026-09-30 21:43:16
7c60e92d-a096-41a5-b222-38ac26ebf894,"Jim Lake, Jr.",collectible,14.5,2026-09-30 21:43:16
5815ba10-688c-446a-9822-91cc3f8aa67a,Ovomorph,collectible,3.5,2026-09-30 21:43:16
505e2fdc-930a-4141-a863-fe9638a47cae,Jean Grey - Uncanny,collectible,29,2026-09-30 21:43:16
2575f0e5-c769-47f6-9f08-f599aa85f7d9,White L Snake Board,collectible,9.99,2026-09-30 21:43:16
6ea861be-16f5-4832-a6ec-da215c4fe3b6,Mutagen,collectible,2.95,2026-09-30 21:43:16
30341e3d-3fd2-49bc-b52e-cb539458aee5,LUV,collectible,8.5,2026-09-30 21:43:16
0f0391cb-0541-4191-a1a4-387f48c0e8e3,Black Panther,collectible,4444,2026-09-30 22:45:32
41505b27-6b61-4951-835f-d8976df8fcbf,Spider-Man 2099,collectible,299.99,2026-09-30 22:45:32
65dab55c-40a4-4117-9a0e-96888f9028de,Ben Reilly - Beyond Spider-Man,collectible,545,2026-09-30 22:45:32
75677539-6781-4d04-9361-54a43fd8ad17,The Skywalker Lightsaber,collectible,10.6,2026-09-30 22:45:32
2975026b-9d14-475b-a356-d35855637309,Hulk - Animated,collectible,36.99,2026-09-30 22:45:32
f64f5581-0640-4c33-873d-1d798c086e24,Stormtrooper,collectible,9.4,2026-09-30 22:45:32
b633e43b-a4ce-458a-9fba-ae023f2f2bfd,Mickey Mouse,collectible,8.95,2026-09-30 22:45:32
21a011ac-f110-44c6-9465-600be0d281ad,Time to Remember,collectible,55,2026-09-30 22:45:32
84bd510a-d0a1-4a25-8a65-f654358405cc,Hua Xin Feng,collectible,24.99,2026-09-30 22:45:32
defd02df-deff-4c84-8cdd-8541f3b46fb0,Dumbo Poster,collectible,249,2026-09-30 22:45:32
63d685af-c084-48fa-955c-271b0fe8b6e7,Star Wars Episode V: The Empire Strikes Back,collectible,7,2026-09-30 22:45:32
e787a6e7-1630-4734-9e29-4670aac045bc,The Lucky Side of the Street,collectible,88,2026-09-30 22:45:32
110fad2b-cc84-4b56-9009-88e63f5db981,Swamp Thing,collectible,27.98,2026-09-30 22:45:32
be044aa7-1495-4b34-a3a6-b7303affcdae,Thor - Animated,collectible,17.5,2026-09-30 22:45:32
a59d9661-2544-46d1-841c-b773f0330c94,Sarah Sanderson,collectible,55,2026-09-30 22:45:32
e3e99d26-24f5-4b41-a02f-d69faaed28b9,Welcome to San Diego – Poster,collectible,17.99,2026-09-30 22:45:32
bd4210ed-70bd-43ab-8bab-3321dda9e892,350 GT - Azzurro,collectible,70,2026-09-30 22:45:32
768e3b9d-2b74-420e-be62-2a375fbd911f,Crowd Favorite,collectible,7,2026-09-30 22:45:32
2db18c43-ffa3-4823-93fc-209e7eb77d77,Diamonds Are Forever - Japanese One Sheet Poster,collectible,30,2026-09-30 22:45:32
66b61c70-1953-48c0-9557-281671cd3d29,Coca-Cola Creations Footprint,collectible,6.5,2026-09-30 22:45:32
15f0b30e-8770-4102-8226-7fd6f22cf8df,To Infinity and Beyond,collectible,6.5,2026-09-30 22:45:32
6a94ae27-164a-49e0-83b0-d18ae7e33e95,Coca-Cola Starlight Can,collectible,3.8,2026-09-30 22:45:32
0bc0d4a4-2727-4886-bd25-423df94a818a,Su Huan Jen,collectible,4.77,2026-09-30 22:45:32
3b43ff0a-b0ae-4df8-a9d2-f19cada64cd5,Cheshire Cat,collectible,39,2026-09-30 22:45:32
136beee1-a56f-4ccc-8982-a00bcae3b42c,Title IX - Soccer Player,collectible,10,2026-09-30 22:45:32
93344756-7317-46e1-bbb0-00560fca3fea,Rainbow Caverns Mine Train,collectible,24,2026-09-30 22:45:32
373c4df1-35cf-4ff3-9da7-76686bbcec40,The Queen: Want a Bite?,collectible,4.99,2026-09-30 22:45:32
91c62af2-5b60-4a7c-a14d-9ec8eee3e013,Snow White,collectible,9.77,2026-09-30 22:45:32
298cf1c3-0321-4a18-9bcc-b32cb0e1b242,Cinderella,collectible,12.99,2026-09-30 22:45:32
dafd1777-5245-4a69-9b99-c31926c307dd,Red Hulk,collectible,18.99,2026-09-30 22:45:32
f642c3f2-965c-4380-8c7f-8e063c25390d,Thor - God of Thunder,collectible,2.96,2026-09-30 22:45:32
dbed7372-f79d-4638-a180-1da2e36195f4,Alice,collectible,16.99,2026-09-30 22:45:32
08ff2277-5ae8-428c-80c1-4cb8df9d6622,Velkhana - Animated,collectible,26,2026-09-30 22:45:32
63784d1e-edc7-47d0-990c-cc9bfd334287,Doc Ock - Marvel Metallic Red,collectible,13.99,2026-09-30 22:45:32
a512f767-6f55-42d5-b489-a5dfaf7b0cc3,"Lights, Camera, Hijinks!",collectible,7.44,2026-09-30 22:45:32
4804e172-42a2-419f-b1f0-431ece52c00a,Deadpool – Ugly Sweater Party,collectible,2.55,2026-09-30 22:45:32
119e5750-cb5b-49a3-bb88-f7979ee98480,Blue Animated 1,collectible,8,2026-09-30 22:45:32
842f5443-b6d0-4fec-a3cb-a17b91d9287b,Dream from Day to Night,collectible,16.79,2026-09-30 22:45:32
0459f991-814c-4e82-9d42-2210578b1de1,Queen of Hearts: Not Impressed,collectible,3.3,2026-09-30 22:45:32
29f8d6bd-7a41-461f-b1f7-19a018561cda,Good Guy Doll Box,collectible,4.8,2026-09-30 22:45:32
98370f9b-b3fe-4261-a4c1-4fdfed88e97b,Experiment 626,collectible,4.7,2026-09-30 22:45:32
8b921004-70f8-4eaa-b41d-2ff3665b9bc5,Blue and Beta Animated 1,collectible,17.99,2026-09-30 22:45:32
999ddcd6-4167-4c3e-8dd5-5454961925a1,Ronin,collectible,49,2026-09-30 22:45:32
bf8dbdb6-39cb-4acf-82bd-d9aee825892d,Doc Ock - Sinister Foe,collectible,5.7,2026-09-30 22:45:32
5891c391-9cf7-4498-a4cf-a98efc65b784,Jasmine,collectible,13,2026-09-30 22:45:32
97a369cd-f9db-45b3-aedb-87aaf31a64e4,Lightning McQueen Base,collectible,19,2026-09-30 22:45:32
2a9d29f2-d827-4c1d-aee7-22f7ab4f0a7d,ULTRAMAN JACK,collectible,9,2026-09-30 22:45:32
38eb4855-5bfe-40a3-922d-54dc7fb3520b,Remember Us - Vital Voices II,collectible,13.44,2026-09-30 22:45:32
86ad416a-57ac-491a-b31a-f587acdc0894,Sweet Release,collectible,95,2026-09-30 22:45:32
39745827-e17a-4d92-94c3-08461dfd0f2b,Goldfinger - Danish One Sheet Poster,collectible,13.99,2026-09-30 22:45:32
bda03b90-7740-4ec4-b011-9e6a7a971d60,Deadpool’s Chimichanga Truck,collectible,4.5,2026-09-30 22:45:32
b3848db8-0178-4ea6-96e5-542c428d28a3,Zinogre - Animated,collectible,18,2026-09-30 22:45:32
6a98d6cf-b421-4277-b1a0-6a6ae84ef636,Jafar: Feeling Like Royalty,collectible,3.99,2026-09-30 22:45:32
b9dcae36-107b-4b39-97da-51055bc72c8b,Dr. No - UK Quad Poster,collectible,12.99,2026-09-30 22:45:32
199febf6-f9a8-44e3-b106-3c8e545bb78f,Feng Cai Ling,collectible,2.85,2026-09-30 22:45:32
7320297f-55bf-4f4d-a6c7-3a4f6e74f64c,Emmeline Pankhurst,collectible,23.5,2026-09-30 22:45:32
94bcc472-9ecb-41f0-b8bf-f5b0b4e85e37,Gambit - Trenchcoat Tactician,collectible,4.98,2026-09-30 22:45:32
7195fe38-4967-47ff-bb52-0700dd6925e4,Pride II - Givenchy Beauty,collectible,11,2026-09-30 22:45:32
2034fc16-4eeb-4080-926b-218f347e6e9b,Thunderball - UK Quad Poster,collectible,11,2026-09-30 22:45:32
ae3b97fa-38a8-413c-b2f0-cd0695450755,VeVe Outdoor Guide - Lincoln Design Co.,collectible,37.99,2026-09-30 22:45:32
00b4fa44-9f8e-4e31-b6d9-649b2856c099,Betty Boop - RockNRoll,collectible,18,2026-09-30 22:45:32
4ac4ba4e-9932-4d0e-b085-f6289a8681ff,"Mais Oui, Grand Prix!",collectible,20.25,2026-09-30 22:45:32
33f16c99-a5e4-4268-98e1-ce6e3ea05dad,Elf Labbit,collectible,4.95,2026-09-30 22:45:32
10d332fe-c05f-44c9-860f-14d28b26573b,From Russia With Love - Italian Duo Poster,collectible,9,2026-09-30 22:45:32
786a69fd-65d2-4305-b415-43f50e04f861,Ye Xiao Chai,collectible,3,2026-09-30 22:45:32
c3c9cf87-6d65-4ad6-8e95-0a32b7bcd9e9,Thanos Copter,collectible,9.99,2026-09-30 22:45:32
47cd772d-3707-437c-beec-d4f62e61ba41,You Only Live Twice - UK Quad Poster,collectible,8.25,2026-09-30 22:45:32
4ca4eb09-9fe7-458f-b935-669d4652aab2,Lincoln Logo Mayhem Board,collectible,6,2026-09-30 22:45:32
eba04e01-4af3-4eab-92e5-486e94a264c9,Betty Boop - Flamenco,collectible,9.9,2026-09-30 22:45:32
b028d187-a551-4fca-a606-61b81a39dca8,Specimen #72,collectible,3.95,2026-09-30 22:45:32
293b3939-c579-4b4c-83fd-1f8ddfa91357,Okoye,collectible,4,2026-09-30 22:45:32
82a6d503-2189-4014-86bb-c0f8f5900f8e,DCon Mascot – U.K. Edition,collectible,3.48,2026-09-30 22:45:32
9f776158-1f55-414a-8f3f-b14dff8939dd,Gambit - The X-Men Ace,collectible,15.99,2026-09-30 22:45:32
5cef19be-1121-4eea-9b2b-4349f2cfaf18,JISOO Silver/Pink,collectible,12.5,2026-09-30 22:45:32
1e76b273-c5f3-4321-8920-ca9f2155af04,Original,collectible,7.7,2026-09-30 22:45:32
d337ae7f-f785-48e3-b2cb-88d13b3e2469,LA Strong - Blue Heart,collectible,16,2026-09-30 22:45:32
a7dacd8a-133e-4a8e-9fc5-0ff0ad51db88,KABOOM - Gold,collectible,165,2026-09-30 22:45:32
8c448663-6552-41cf-8490-1a8c073c38bb,Confetti Machine,collectible,2.99,2026-09-30 22:45:32
9490e0db-885a-4429-8162-a04fe998a995,#13 Harley Quinn,collectible,48,2026-09-30 23:48:26
3cbb638b-f450-4bb8-9288-37016cb680d5,Turtle Blimp,collectible,17.86,2026-09-30 23:48:26
e89c9a52-2ea0-4b70-a5da-0781b07776c6,Flounder,collectible,129.99,2026-09-30 23:48:26
beebd4fa-865f-4397-9034-95548858a0ca,Sakura - Nostalgia,collectible,119.9,2026-09-30 23:48:26
560171d9-021c-4447-9015-2b32714c74f7,X-Men Logo,collectible,13.5,2026-09-30 23:48:26
3fb9a95f-7c9f-4f4d-858d-4a87c4813206,Dan - Blue Metallic,collectible,275,2026-09-30 23:48:26
f1efa276-6ab9-4b33-88b0-a49114e5cd04,M.Bison - SF 30th Anniversary,collectible,82.49,2026-09-30 23:48:26
3f9c5d51-2619-4add-8f8f-f5520f99754b,MyCollectables - Blue Metallic,collectible,220,2026-09-30 23:48:26
5763e59f-3bcb-4a5d-b391-afd2476d94ef,Snickering Toby,collectible,4,2026-09-30 23:48:26
d4ec084d-812b-4a3c-958f-d691f0060ff9,Master Splinter - Battle Ready,collectible,41.5,2026-09-30 23:48:26
46359177-0a0a-4148-aac9-7875a76aaa91,Toph,collectible,5,2026-09-30 23:48:26
6f04f0ca-d6fa-4b8c-b5cf-34c96602c7e9,VeveMagic,collectible,6.99,2026-09-30 23:48:26
c99e3fba-dfdd-4753-82f2-408f461e606c,BAM! - Gold,collectible,32,2026-09-30 23:48:26
be044aa7-1495-4b34-a3a6-b7303affcdae,Thor - Animated,collectible,29.9,2026-10-01 01:51:37
6b921b0c-6764-4e2f-afd8-75deb784e77e,AT-AT - March of the Empire,collectible,14,2026-10-01 01:51:37
b149cbb9-24dd-4c75-845b-2a46dcf15767,Mr. BONES - Boxer and Blocker - Ron the Killer,collectible,29.92,2026-10-01 01:51:37
19016c85-350f-4b18-8a93-45a58961a6e9,Battlestar Galactica Logo,collectible,53,2026-10-01 01:51:37
6b35e0b7-ade2-41a9-b3fc-bb2182fac771,Carl Fredricksen,collectible,9.98,2026-10-01 01:51:37
3f12e502-76f5-44bc-abe8-8aa06da72152,Scarlet Witch,collectible,6,2026-10-01 01:51:37
eda50111-815e-42c0-8748-1f34b35c5c36,Emma Frost - Hellfire Gala #1 (2022),collectible,7.67,2026-10-01 01:51:37
158cf956-dbe3-48f4-9d41-68fa97acf97e,Kaiju Tokimon,collectible,2.56,2026-10-01 01:51:37
856227a4-716c-4b50-893c-d16a4fc93e33,Night Trooper Exposed - Unleashed,collectible,16,2026-10-01 01:51:37
c8f0ded7-7052-4e35-be76-cb7353ad924b,Monovader - Chrome,collectible,3.5,2026-10-01 01:51:37
3780bad9-f648-46a8-966e-ddfd205f1b93,Matt Murdock - Nightly Defender,collectible,10.95,2026-10-01 01:51:37
2b33f887-18e5-484a-a725-2d6a0cb41201,Capt. Stormy,collectible,999,2026-10-01 02:55:25
b33424b2-ea2b-45c0-9f5b-05748c064554,Spider-Man: Miles Morales - Hoodie Season,collectible,280,2026-10-01 02:55:25
eeb7939b-babf-4b2d-a078-36a40321043a,Ultraman Ace,collectible,54.99,2026-10-01 02:55:25
410fd575-30a3-45ab-a87a-7a928971d321,Leonardo - Classic (Special Edition),collectible,2200,2026-10-01 02:55:25
55876156-f6d4-4ca8-bb50-fd6c1f5f0fb8,U.S.S. Enterprise-D (1:1),collectible,32,2026-10-01 02:55:25
10617c75-f9d0-48cb-b164-fe5b192e8cae,Beta Ray Bill,collectible,93,2026-10-01 02:55:25
0606f20c-c5c0-45af-a49a-6d25e3d5ee96,Gambit - Kinetic Assault,collectible,200,2026-10-01 02:55:25
5f63b00e-88e9-4784-8600-856dd951e06d,U.S.S. Enterprise-D (1:1000),collectible,6.75,2026-10-01 02:55:25
12f57d47-86bc-440e-a88a-2b44337ac54b,The Punisher - Armored Vigilante,collectible,143,2026-10-01 02:55:25
87876723-9df8-4d39-a1fe-fbecf4b4788a,Supergirl,collectible,5,2026-10-01 02:55:25
19016c85-350f-4b18-8a93-45a58961a6e9,Battlestar Galactica Logo,collectible,51,2026-10-01 02:55:25
4804e172-42a2-419f-b1f0-431ece52c00a,Deadpool – Ugly Sweater Party,collectible,2,2026-10-01 02:55:25
23855e1f-f678-4831-8e58-ecfd53c4fb53,Cruz,collectible,12.18,2026-10-01 02:55:25
dcae65b7-bd26-41d5-8509-8212bf2f3241,Rooftop Watch – Brickline Rise,collectible,20,2026-10-01 02:55:25
4a1211b1-0144-4827-8014-2120901a5b91,Bigfoot,collectible,1,2026-10-01 02:55:25
484dde9a-1cf6-441d-afd8-896155686657,AT-AT,collectible,12.85,2026-10-01 02:55:25
c4690eb6-59d8-4369-acab-978ced87e9e3,Male Eivor - Howl of the Hunt,collectible,30,2026-10-01 02:55:25
cf3f2223-ece8-4b79-8970-8fca656ea481,Smoke Machine,collectible,3.99,2026-10-01 02:55:25
b87927b2-6ad2-43ee-ae88-cfd7a2668e15,Bubble Machine,collectible,3.88,2026-10-01 02:55:25
8c448663-6552-41cf-8490-1a8c073c38bb,Confetti Machine,collectible,3.75,2026-10-01 02:55:25
f57e1a2b-be41-4007-8d67-7fac23b39b70,Pyro Machine,collectible,3.57,2026-10-01 02:55:25
9d513380-78fc-4291-9f4b-e7ac0486e746,Snowman,collectible,9,2026-10-01 02:55:25
7603c0c6-05e4-4a0e-b243-5045ceb07aa0,Nozzle Eye - Pyroscorch,collectible,15,2026-10-01 02:55:25
69ac3f5c-a2a4-4e20-82cb-412608386e48,Winter Soldier – Vigilant Guard Special Edition,collectible,25,2026-10-01 02:55:25
b5f16b83-1627-4520-ba7d-375a6311f089,Female Eivor - Skyforged Vow,collectible,30,2026-10-01 02:55:25
a605b45c-c809-40d4-a98b-b5daa200a696,Black Panther – Ultimate Animated,collectible,180.33,2026-10-01 04:02:56
349a1c81-d340-4f3f-a7f3-2890a92ae4bd,Technodrome,collectible,28.5,2026-10-01 04:02:56
87876723-9df8-4d39-a1fe-fbecf4b4788a,Supergirl,collectible,8,2026-10-01 04:02:56
e89c9a52-2ea0-4b70-a5da-0781b07776c6,Flounder,collectible,99.99,2026-10-01 04:02:56
63784d1e-edc7-47d0-990c-cc9bfd334287,Doc Ock - Marvel Metallic Red,collectible,12.99,2026-10-01 04:02:56
0bf82173-ee23-4e91-8990-5419bbdf15d7,"""I Love You, Dad""",collectible,6.56,2026-10-01 04:02:56
9623151f-4113-453c-8b71-b88cc1760565,Michelangelo - Skate Jam Base,collectible,6.48,2026-10-01 04:02:56
658f1d45-3417-40ec-84f7-054cb8f0d494,Symbiote,collectible,4.99,2026-10-01 04:02:56
fdf192f7-c406-41db-86c4-fcf5c8451b71,Ant-Man,collectible,5.99,2026-10-01 04:02:56
1e686588-d7fe-40bc-81be-15d2ca5be3fb,Mysterio,collectible,9.99,2026-10-01 04:02:56
856227a4-716c-4b50-893c-d16a4fc93e33,Night Trooper Exposed - Unleashed,collectible,19.67,2026-10-01 04:02:56
8564d30f-2411-4d71-8f53-330747e9326d,Night Trooper Exposed - Marching,collectible,1.8,2026-10-01 04:02:56
7603c0c6-05e4-4a0e-b243-5045ceb07aa0,Nozzle Eye - Pyroscorch,collectible,14.15,2026-10-01 04:02:56
08a2b238-3dca-4780-8f60-6e50289364d4,Rain - Dark,collectible,25,2026-10-01 04:02:56
900388bb-8847-4334-8d1a-508de81c4a4d,Superman,collectible,194,2026-10-01 05:05:50
2b33f887-18e5-484a-a725-2d6a0cb41201,Capt. Stormy,collectible,985,2026-10-01 05:05:50
a605b45c-c809-40d4-a98b-b5daa200a696,Black Panther – Ultimate Animated,collectible,169.69,2026-10-01 05:05:50
370fff46-9ed2-402c-a981-955b3b0202e1,Donald Duck and Daisy Duck,collectible,34,2026-10-01 05:05:50
1a3052a5-729e-4d52-865d-8a6adcfe33fa,Aratech 74-Z Speeder Bike – Patrol Division (Snow),collectible,2000,2026-10-01 05:05:50
d9892b14-8126-4b26-901d-a978d6eb5be8,T. rex Animated 2,collectible,51.95,2026-10-01 05:05:50
ecd5f579-59bf-4121-8c8b-3b85ac7aed87,The Coming of the Hulk,collectible,55,2026-10-01 05:05:50
319f7e96-0519-416f-b180-7b3fc4ecb240,Doug Mahnke Batman,collectible,4.8,2026-10-01 05:05:50
5f63b00e-88e9-4784-8600-856dd951e06d,U.S.S. Enterprise-D (1:1000),collectible,6.5,2026-10-01 05:05:50
9f061b04-5b7c-4f88-bf20-e4ce6b7783b6,The Living Daylights - UK quad,collectible,50,2026-10-01 05:05:50
bda03b90-7740-4ec4-b011-9e6a7a971d60,Deadpool’s Chimichanga Truck,collectible,6.25,2026-10-01 05:05:50
ad11c67d-5365-48b9-80e9-00c4a0e67f91,"""It Wasn't Me!""",collectible,11,2026-10-01 05:05:50
0baafb78-053e-43ca-a4b7-1608fa7ef736,Big Bird,collectible,8.5,2026-10-01 05:05:50
c97d900d-5334-45b3-ab56-bafc78e56912,Aang - Earthbender,collectible,23,2026-10-01 05:05:50
51783056-16e0-4adc-9a63-a294f0eb968f,Boba Fett’s EE-3 Carbine Rifle,collectible,50,2026-10-01 05:05:50
cdf8336b-2ee0-4573-a2c0-5e8389bcc541,Vision,collectible,8.95,2026-10-01 05:05:50
c3c9cf87-6d65-4ad6-8e95-0a32b7bcd9e9,Thanos Copter,collectible,9.95,2026-10-01 05:05:50
1394a278-329b-493f-8921-42e7a47463d3,Dark Robin #1,collectible,12.99,2026-10-01 05:05:50
d96c6595-4e49-4055-af0e-50c21356fc94,Lions United,collectible,1.88,2026-10-01 05:05:50
a9521bc0-54fb-4807-947a-e7cf67798971,Sushi Car Diorama,collectible,9,2026-10-01 05:05:50
d324d199-8532-4449-b67b-fdad373da71a,Stormtrooper - Running,collectible,6.5,2026-10-01 05:05:50
92635283-99b4-4597-ba69-01e39ccba334,Master Splinter - Father Figure,collectible,4,2026-10-01 05:05:50
7e4821ed-7ad2-4a08-9dd2-2d5c04261446,ROSÉ,collectible,20,2026-10-01 05:05:50
6fe26c60-3272-4ed3-b130-454f7f0c5b40,Ebi-GT,collectible,13,2026-10-01 05:05:50
13021c9b-384c-48eb-b53f-c02cfae553f0,Ikabriolet,collectible,12,2026-10-01 05:05:50
944d7046-0b58-4831-9d3d-5462f66be0fb,Turbo Toro,collectible,10,2026-10-01 05:05:50
daf4feec-b2f7-4489-84a3-8bf4de83d9d2,Nose Goblins,collectible,3.5,2026-10-01 05:05:50
f6717b76-db8d-48af-bffd-d7016ac4a83d,C-Rank Essence Stone,collectible,2.7,2026-10-01 05:05:50
f6c0f08f-a0e9-455b-9008-13dc70abcfba,Vana,collectible,15,2026-10-01 05:05:50
1e686588-d7fe-40bc-81be-15d2ca5be3fb,Mysterio,collectible,8.5,2026-10-01 05:05:50
12d7ac8b-dad2-48a4-930f-5abc5399b121,Boy (Color),collectible,268,2026-10-01 05:05:50
af36d0b7-21fc-404d-a6ea-6b5676c9ba30,Hoodie,collectible,12.5,2026-10-01 05:05:50
fccfc777-cc16-4a36-b063-8258d6e69ffe,Boy,collectible,11.5,2026-10-01 05:05:50
d4788b46-09e9-4528-bfd0-39a1a9ca087e,Cube,collectible,11.5,2026-10-01 05:05:50
0f8752da-6035-4717-884b-84dc10995f4f,Octo-Cart,collectible,7,2026-10-01 05:05:50
f1bb37cc-7350-403f-9e06-5942bc3765ec,Master Splinter - Weapon Training,collectible,5.5,2026-10-01 05:05:50
e075643b-0f54-43dc-b020-755db00e1b3f,Strobe Light Machine,collectible,4,2026-10-01 05:05:50
36530d3b-a434-4fd4-b548-7ea92aed808a,BLACKPINK - Behind the Beat,collectible,32,2026-10-01 05:05:50
8695474c-fcaf-4a64-a9b1-112ac0d05519,Tan Horse Ver.,collectible,12,2026-10-01 05:05:50
8424b8e4-01ad-4c77-b816-d728bc74b647,Bowling,collectible,6.9,2026-10-01 05:05:50
bc64c1a9-5efe-4b52-824d-27ffed8b13e4,Lightning,collectible,2.19,2026-10-01 05:05:50
4dc2db11-350d-4c3b-82c9-84fbcaa9d138,Timon and Pumbaa,collectible,19,2026-10-01 06:09:28
08e30682-b725-430f-bdfd-36394fb1aa0e,Captain America – Animated,collectible,99.99,2026-10-01 06:09:28
b633e43b-a4ce-458a-9fba-ae023f2f2bfd,Mickey Mouse,collectible,8.9,2026-10-01 06:09:28
8826bec7-dd6c-4abd-8f45-20b6dad90ef3,Samurai Rabbid,collectible,23.99,2026-10-01 06:09:28
1bacdd79-a711-4a24-9bfa-c0927e871e9a,Chris Robots Will Kill - SUYE Special Sky Blue,collectible,50,2026-10-01 06:09:28
d0cb8b88-f65c-4441-9ae9-2b9e63379817,"Ready, Aim, Fire",collectible,25,2026-10-01 06:09:28
4a1211b1-0144-4827-8014-2120901a5b91,Bigfoot,collectible,1.3,2026-10-01 06:09:28
a709645b-62df-490d-b74a-16a90c358d50,Master Splinter - Combat Training,collectible,13.45,2026-10-01 06:09:28
85f31f35-a752-43f1-a4d2-9f10d6c64e80,Death Trooper DLT-19D - Running,collectible,3,2026-10-01 06:09:28
8c33d824-cf0e-4db8-848e-9231be25c2e3,Death Trooper E-11D - Running,collectible,3,2026-10-01 06:09:28
95b86201-ed47-471f-ada2-4e053041379b,Partners Statue,collectible,1970,2026-10-01 07:11:29
2cf09235-f140-422e-a800-d0b049fbaff0,C-3PO,collectible,67,2026-10-01 07:11:29
d6a2d52f-b2ba-4b15-97e8-b5617118f912,Turtle Catapult,collectible,20,2026-10-01 07:11:29
f6449165-c84d-4d58-8931-05f103b80d91,Sakura - Battle,collectible,268,2026-10-01 07:11:29
c5b4ed7c-6050-4849-9a62-a2a7f28d1f8e,Larry the Lobster,collectible,2.5,2026-10-01 07:11:29
57cc6578-d821-4ea1-a709-521905ed5838,Sunflower Grin - Special Mission - Silver,collectible,2.45,2026-10-01 07:11:29
4f5842c9-cddf-45f5-8585-f68f73e6f227,Edo Stormtrooper - Volley,collectible,35,2026-10-01 07:11:29
90b2abb9-592f-4bbe-9413-7ba139b32fdc,The Leisurely Loop,collectible,11,2026-10-01 07:11:29
4836f896-a3b1-4539-a79f-1b0a26bd5a25,Rat,collectible,2.69,2026-10-01 07:11:29
9d513380-78fc-4291-9f4b-e7ac0486e746,Snowman,collectible,9.6,2026-10-01 07:11:29
7f8db4ca-e2d2-4750-80dc-92f122da0bd0,Birdie,collectible,9.5,2026-10-01 07:11:29
d422752a-51cf-40da-82a1-257f817eed43,HiKR,collectible,9,2026-10-01 07:11:29
30341e3d-3fd2-49bc-b52e-cb539458aee5,LUV,collectible,8.5,2026-10-01 07:11:29
8424b8e4-01ad-4c77-b816-d728bc74b647,Bowling,collectible,7.99,2026-10-01 07:11:29
d63e9844-2204-4dde-82e0-3d5c467ed225,Goofy,collectible,59,2026-10-01 08:13:20
a642596a-72cb-4e46-97ce-2f2798a3412a,Cogsworth and Lumiere,collectible,13,2026-10-01 08:13:20
37353ee5-47b8-4498-a220-7851c6dd0923,Michelangelo - Classic,collectible,18,2026-10-01 08:13:20
3164f5e3-044d-477d-8022-0a99dead294d,Leonardo - Classic,collectible,16.95,2026-10-01 08:13:20
184a587d-540c-4325-9698-898245cfef9d,Tiana,collectible,40,2026-10-01 08:13:20
3d38c822-050f-42bf-a382-f209819911e4,Deadpool – Deck The Halls,collectible,2.6,2026-10-01 08:13:20
c00630d3-6aaa-412a-a9d3-ffe68fceba5a,Donatello - Classic,collectible,9.99,2026-10-01 08:13:20
e1bfbd3e-584f-40ef-b986-4fb4b7bf79e2,Grenade Orange,collectible,150,2026-10-01 08:13:20
94bcc472-9ecb-41f0-b8bf-f5b0b4e85e37,Gambit - Trenchcoat Tactician,collectible,5,2026-10-01 08:13:20
01a4a280-5430-43fc-9a29-0d627237d628,Mjolnir - Thor,collectible,9,2026-10-01 08:13:20
0392e20e-a2da-42ce-a153-e04af71225e4,Silk,collectible,77,2026-10-01 08:13:20
8fc5ef65-80b8-4b61-9cad-3a8de0cc472a,Nessie,collectible,1.54,2026-10-01 08:13:20
28b53716-1751-49e2-9cf2-354427e41546,Jasmine and Jafar,collectible,22.4,2026-10-01 08:13:20
856227a4-716c-4b50-893c-d16a4fc93e33,Night Trooper Exposed - Unleashed,collectible,16.67,2026-10-01 08:13:20
ff567837-203b-4507-bbfe-d83ec112be53,Flower Bomber (Street Cleaner Edition),collectible,270,2026-10-01 09:15:12
3380b39e-a974-4f27-89c3-12dc6995fbee,Planet Hulk,collectible,37.5,2026-10-01 09:15:12
94f72775-7b61-4e82-9f93-58e03cf89d2e,Her Majesty Special Edition,collectible,660,2026-10-01 09:15:12
3cbb638b-f450-4bb8-9288-37016cb680d5,Turtle Blimp,collectible,21.86,2026-10-01 09:15:12
0bc64cce-45bd-46de-b08b-a80e1c00773c,Jade Dragon,collectible,27.5,2026-10-01 09:15:12
3164f5e3-044d-477d-8022-0a99dead294d,Leonardo - Classic,collectible,15.99,2026-10-01 09:15:12
6423ffc0-d8e3-4f1c-94a1-7299ad991bf9,Cosmo,collectible,49.99,2026-10-01 09:15:12
4804e172-42a2-419f-b1f0-431ece52c00a,Deadpool – Ugly Sweater Party,collectible,2.55,2026-10-01 09:15:12
025a320d-8bce-4fad-9cb2-4b41d6a2f727,Sung Jinwoo - Weakest Hunter,collectible,14.99,2026-10-01 09:15:12
56128c3c-1c59-4be5-82f5-380d0712f9cf,Ironheart - Neon,collectible,495,2026-10-01 09:15:12
2749b5d7-4000-49d4-b488-30987ae0bd22,Maido & Kanpai - Special Edition,collectible,495,2026-10-01 09:15:12
52106634-c0eb-445c-a09e-7aa34e05e8d1,Emma Frost - Uncanny 1980,collectible,30,2026-10-01 09:15:12
4da97803-e2dd-459d-ba70-a44b51aaa9a7,Exitar the Exterminator,collectible,6.5,2026-10-01 09:15:12
db669ae6-e3bc-4f29-a31c-48572a97721e,Mercury Greaper - Sket One,collectible,16.45,2026-10-01 09:15:12
97eaad27-9a3e-4b8a-a7ff-96a2789ce00b,The Awakened - Frame,collectible,19.95,2026-10-01 09:15:12
da55201f-e728-493b-aaf4-611a18fcfcc5,Vulcan Cruiser,collectible,14,2026-10-01 09:15:12
47a56835-3d0e-44c8-b636-987bf484f9c2,Romulan - Bird of Prey,collectible,25.99,2026-10-01 09:15:12
d37184af-298d-4b47-ae13-819fb234b80d,Episode 12 - Arise,collectible,2.9,2026-10-01 09:15:12
be788d66-d29a-4d20-bd8c-65a1cbc7e1e1,Bubbly,collectible,7,2026-10-01 09:15:12
a877e714-7bbc-4a8a-95a0-4cd087216f99,Maido & Kanpai,collectible,7,2026-10-01 09:15:12
d9892b14-8126-4b26-901d-a978d6eb5be8,T. rex Animated 2,collectible,50,2026-10-01 10:17:11
cf266769-b956-47bb-868c-076bd13d62c3,Ryu Blue,collectible,419,2026-10-01 10:17:11
00f74840-9bf1-4881-b138-15ca772c1985,ED-209 - Animated,collectible,25,2026-10-01 10:17:11
f35e3e0b-dc86-462d-b06b-9c0abe74b924,ECOMI Logo Red Circle,collectible,3.99,2026-10-01 10:17:11
8854d1aa-b535-4a8d-9a7f-1392b8581136,John F. Walker,collectible,2.9,2026-10-01 10:17:11
15f0b30e-8770-4102-8226-7fd6f22cf8df,To Infinity and Beyond,collectible,5.9,2026-10-01 10:17:11
5cd65143-b35b-4757-bb7a-275775e39eb0,Nostromo Corridor,collectible,145,2026-10-01 10:17:11
3164f5e3-044d-477d-8022-0a99dead294d,Leonardo - Classic,collectible,13.5,2026-10-01 10:17:11
f583497a-51d4-4f53-9985-7c3061533280,Military Jake,collectible,7.49,2026-10-01 10:17:11
18ffd467-efd3-4686-924d-6e70e4ebbc87,"Krasue, the Floating Head",collectible,1.99,2026-10-01 10:17:11
7051dd0b-67f0-4ffe-a81b-6a397a7a496c,T-47 Airspeeder - Red,collectible,6.5,2026-10-01 10:17:11
47a56835-3d0e-44c8-b636-987bf484f9c2,Romulan - Bird of Prey,collectible,24.8,2026-10-01 10:17:11
9d513380-78fc-4291-9f4b-e7ac0486e746,Snowman,collectible,8.47,2026-10-01 10:17:11
43bb7950-19b2-4687-b6da-de526c651fc1,Vincent Mascot,collectible,9.9,2026-10-01 10:17:11
42ed9c27-7acd-4e87-9305-431016406b79,Record #3 - Ascension - Gold,collectible,25,2026-10-01 11:19:19
a218120e-106b-4761-9cce-21f4485d53a0,Raphael - IncogNinja,collectible,27.99,2026-10-01 11:19:19
d87175f7-2845-4083-b29d-9f81e726e043,D&D - 5th Birthday Cake,collectible,1.9,2026-10-01 11:19:19
4134563c-f023-4c74-992c-58d8ca7bcf44,Ecomi Coin,collectible,300,2026-10-01 13:25:46
f5c9bb3e-292b-45c6-a809-f9df9e1cf6a8,ROSÉ Pink Venom Card,collectible,68,2026-10-01 13:25:46
786a69fd-65d2-4305-b415-43f50e04f861,Ye Xiao Chai,collectible,4.99,2026-10-01 13:25:46
49c0b910-3dea-4425-bc85-4b11618fc3f9,AMC Blue and Beta,collectible,5.5,2026-10-01 13:25:46
fcaf92c1-1f34-4042-87ee-b5cc02345977,Chris Robots Will Kill - Landscape,collectible,55,2026-10-01 13:25:46
ccbefee0-d0fd-41b2-84a5-e4b54274331e,Coca-Cola – 1916 Contour Bottle,collectible,6.66,2026-10-01 13:25:46
7aeb6394-97db-4268-85ac-7f2cc504687e,With Love and Kisses,collectible,1.99,2026-10-01 13:25:46
545f8c91-7a0e-4bd4-83d5-c806fe2d832b,Foam Machine,collectible,6.98,2026-10-01 13:25:46
d03f035e-fe59-40f6-9977-3cef76ee112b,Spider-Man - Animated,collectible,655.74,2026-10-01 14:33:37
3a00cc91-e39f-4040-9a06-17dc99b376b3,Single 2 1/2d 'Lake Wakitipu' gummed stamp,collectible,2120,2026-10-01 14:33:37
a659bbc2-45cd-4f72-9ca2-7e92a245d05f,#97 Joe Madureira Batman,collectible,67.95,2026-10-01 14:33:37
e9bdf1b9-7b80-4683-a94f-32db83f3bd39,Yoda,collectible,7.5,2026-10-01 14:33:37
1e55bed1-1517-48e9-89d7-4cefd3ded15b,A Powerful Dream,collectible,14,2026-10-01 14:33:37
21a011ac-f110-44c6-9465-600be0d281ad,Time to Remember,collectible,31,2026-10-01 14:33:37
a59d9661-2544-46d1-841c-b773f0330c94,Sarah Sanderson,collectible,45,2026-10-01 14:33:37
a494f556-ebcd-4252-b4ec-ccd52c331c5c,Mickey,collectible,19,2026-10-01 14:33:37
aeefbf50-3d0b-47cb-accb-86128d4398ed,DLT-19D Heavy Blaster,collectible,79.99,2026-10-01 14:33:37
0911a467-0a70-4399-b99e-fa447496024c,X-Men: 60 Uncanny Years Poster,collectible,36.6,2026-10-01 14:33:37
e5998489-e9c7-4862-9c52-12e1a1acf5a3,Nee Chee,collectible,27.5,2026-10-01 14:33:37
ea954588-2e89-4829-9b96-92609acfc4c1,Eson the Searcher,collectible,5.99,2026-10-01 14:33:37
545f8c91-7a0e-4bd4-83d5-c806fe2d832b,Foam Machine,collectible,7.99,2026-10-01 14:33:37
1e76b273-c5f3-4321-8920-ca9f2155af04,Original,collectible,8,2026-10-01 14:33:37
9d513380-78fc-4291-9f4b-e7ac0486e746,Snowman,collectible,11,2026-10-01 14:33:37
95b86201-ed47-471f-ada2-4e053041379b,Partners Statue,collectible,1999,2026-10-01 15:37:06
7c5eb748-9229-452d-9bfd-00c75c029499,Spider-Man – Ultimate Animated,collectible,5500,2026-10-01 15:37:06
6211625a-9004-4b34-9a45-fbdb0eaa8cbb,#72 Carmine Infantino Robin,collectible,289,2026-10-01 15:37:06
ad039541-890c-4277-8c04-b6ab6a19f656,Elsa,collectible,297,2026-10-01 15:37:06
3f233a1f-fe67-4d15-b796-f60845ee3d35,Lightning McQueen: Ka-chow!,collectible,9.5,2026-10-01 15:37:06
52c36b99-b76b-4073-bfb7-49628c0ada34,Star Wars Episode IV: A New Hope,collectible,13,2026-10-01 15:37:06
043ed720-aa2c-49fa-8dd2-9607de31a386,Ken Story,collectible,140,2026-10-01 15:37:06
3cbb638b-f450-4bb8-9288-37016cb680d5,Turtle Blimp,collectible,18.86,2026-10-01 15:37:06
6edf0436-e37c-4e2f-a811-22e5df176765,Edna Mode: Bold! Dramatic! Heroic!,collectible,6.86,2026-10-01 15:37:06
fc394894-444f-43ad-927b-19390c5eef03,Harley Quinn Deluxe 2,collectible,6.99,2026-10-01 15:37:06
dbed7372-f79d-4638-a180-1da2e36195f4,Alice,collectible,16,2026-10-01 15:37:06
88150db3-a2e8-48ac-b9a1-a66f2f0ff36d,The Invisible Woman - Invisible,collectible,35,2026-10-01 15:37:06
52a97c71-02e6-454a-ac2b-0a35600c1f9d,Thor - Marvel Metallic Red,collectible,77.77,2026-10-01 15:37:06
0459f991-814c-4e82-9d42-2210578b1de1,Queen of Hearts: Not Impressed,collectible,2.99,2026-10-01 15:37:06
910546f2-36d4-4d76-b1f6-221585a894a9,Sebulba’s Podracer,collectible,12.99,2026-10-01 15:37:06
1e6cc040-882f-4288-8b0d-0ad4226be991,The Pink Panther - Animated,collectible,6.97,2026-10-01 15:37:06
6b5ad16b-3a3f-4b9e-8e28-1c96175e1463,Potball - 2025 HK DCon Edition Poster,collectible,265,2026-10-01 15:37:06
fe0f996e-9621-4a5d-939e-e79032a631db,Maestro,collectible,8.99,2026-10-01 15:37:06
2dbdb7e3-6f49-4210-a050-a6b812e4caad,Aaron,collectible,2.79,2026-10-01 15:37:06
ec04c6de-1ef4-436b-bb1a-8a9109a95bb6,Colossus - Phoenix,collectible,7.4,2026-10-01 15:37:06
fff6c15f-39e2-480a-aa90-db92b96b7797,Spider-Man - NYCC,collectible,8.75,2026-10-01 15:37:06
79bd60f5-7875-44cc-9d1c-60123d08a370,Drug ‘em Killfrog - Prototype,collectible,199,2026-10-01 15:37:06
f38d52f8-51fc-4853-88ac-04ddd0b82cc3,E-11D Blaster Carbine,collectible,35,2026-10-01 15:37:06
f03984f1-f566-45e7-9ff4-aeedc23523bc,David Yu,collectible,11.6,2026-10-01 15:37:06
15bae0a8-1f0c-46b6-bd3c-be44b169e73f,Songhak - The Pine and the Crane,collectible,7.5,2026-10-01 15:37:06
4836f896-a3b1-4539-a79f-1b0a26bd5a25,Rat,collectible,2.98,2026-10-01 15:37:06
bd273292-2dd8-49f1-9199-f8dbfe7cd62d,Small Generator,collectible,3.25,2026-10-01 15:37:06
d23fe8eb-7882-40fc-8e4d-16a0f81e1847,B-Rank Essence Stone,collectible,3,2026-10-01 15:37:06
6f5d6b03-da4c-4121-9024-74221436f214,Shadow Trooper - Crouching,collectible,8,2026-10-01 15:37:06
36adfd74-e06b-4b10-a4a3-01fc13113d8d,Foam Machine - Gold Edition,collectible,15.99,2026-10-01 15:37:06
885d2aab-8a0c-4c32-924a-51323518866e,Mai Mai,collectible,6.99,2026-10-01 15:37:06
b9a084ef-c5cc-4066-b335-102664bd1b44,Grenade Green,collectible,8,2026-10-01 15:37:06
c87d68f0-dbcd-4fb9-b472-bb7fd8381046,Brown Horse Ver.,collectible,3.25,2026-10-01 15:37:06
f4bc0c5c-c12e-41c9-8062-f33011a17ef8,Light Stick,collectible,4899,2026-10-01 16:37:37
2a9d29f2-d827-4c1d-aee7-22f7ab4f0a7d,ULTRAMAN JACK,collectible,99,2026-10-01 16:37:37
49c60b18-a5c4-45c9-8fc3-27c123f93d1c,Drug ’em Killfrog,collectible,50,2026-10-01 16:37:37
5529acf4-43b8-428a-8009-2410ceb8cce7,Huracán STO - Verde Citrea/Arancio DAC,collectible,250,2026-10-01 16:37:37
3a24545f-3e4d-45d7-916f-817a50c7f1b2,No Time To Die  - Triumph Motorcycle,collectible,15,2026-10-01 16:37:37
b4dab570-ab46-4f42-bd42-3a8d3737dbcd,Franken Fat,collectible,35,2026-10-01 16:37:37
5556802d-6958-4d61-847a-9c6af52618c0,Hades: Who Needs Heroes,collectible,44.99,2026-10-01 16:37:37
288da7a6-b671-410f-aeda-2dfbd355cc9c,VeVe Logo White Red,collectible,80,2026-10-01 16:37:37
856e7c22-27a8-4eb7-b6c1-9d827dbf0f26,Cyclops,collectible,25,2026-10-01 16:37:37
3cbb638b-f450-4bb8-9288-37016cb680d5,Turtle Blimp,collectible,17.86,2026-10-01 16:37:37
f86eb938-23d5-4f18-9a3d-fd8978d2ebce,CRYSTAL LORD - Tristan Eaton,collectible,158,2026-10-01 16:37:37
ced96cf7-496b-49f5-8ad7-d4963127a980,Keith - Red Lion,collectible,59,2026-10-01 16:37:37
745acda7-64ec-4967-b397-9aa9c70a50d8,Flippy,collectible,27,2026-10-01 16:37:37
53472f76-2eda-4c12-8ac1-4706e2297226,Peter Pan's Flight,collectible,35,2026-10-01 16:37:37
d75d2725-013c-482a-b742-2466a220b495,Sam Wilson - Wings of Defense,collectible,69.99,2026-10-01 16:37:37
3164f5e3-044d-477d-8022-0a99dead294d,Leonardo - Classic,collectible,11.5,2026-10-01 16:37:37
8ab3a017-e896-4b64-96b0-d739466ad264,Firetown,collectible,48,2026-10-01 16:37:37
a9a3706c-32e5-414f-b6f9-3510caa9d855,Weapon Racks – Silver Black,collectible,6.2,2026-10-01 16:37:37
22331401-5e57-4de1-9cc3-6571d63c6f86,The Amazing Stan Lee,collectible,10,2026-10-01 16:37:37
f3d92fbc-8d5f-431a-a042-3e8bc1effc0a,Year of the Ox,collectible,15,2026-10-01 16:37:37
afaa6cd0-d707-44b6-ab51-cfbd00150f60,Queen Elizabeth I,collectible,21,2026-10-01 16:37:37
328878fa-a12e-46bf-88ab-c954fefcb031,Lil Boss,collectible,26.91,2026-10-01 16:37:37
2bb6e309-e375-44b0-a4a7-8bdf5610ae5b,Snow Much Fun,collectible,19.99,2026-10-01 16:37:37
8826bec7-dd6c-4abd-8f45-20b6dad90ef3,Samurai Rabbid,collectible,16,2026-10-01 16:37:37
582a6663-a706-4bc9-9078-b594acc896a8,Gouki Nostalgic,collectible,53.85,2026-10-01 16:37:37
3ef7e3a8-12fa-47b5-afed-6bac8384c137,Flaky,collectible,17,2026-10-01 16:37:37
e4b154b1-68ca-4459-8f68-5707e6fbaff1,Strolling Together,collectible,20,2026-10-01 16:37:37
7ac5a1e6-8908-405e-956c-2f0a1985184c,Salary-Ika,collectible,27,2026-10-01 16:37:37
abfe3678-583d-4bc4-920c-a14f59e3ba02,Nightshade Cheshire,collectible,17,2026-10-01 16:37:37
6d9ad08b-e959-44c1-a5f0-0f0563274de4,Silver Light Stick,collectible,25,2026-10-01 16:37:37
f1bb37cc-7350-403f-9e06-5942bc3765ec,Master Splinter - Weapon Training,collectible,5.99,2026-10-01 16:37:37
d422752a-51cf-40da-82a1-257f817eed43,HiKR,collectible,7.69,2026-10-01 16:37:37
fec6128b-b0f8-4f18-9077-1f63aad3bc3c,Beach Prank - Gold,collectible,51,2026-10-01 16:37:37
7475a966-ed09-4fa8-9b3f-ca6833ea98af,Spider-Man: Miles Morales - Animated,collectible,13999,2026-10-01 17:41:16
fe5e090a-87dc-4be2-b15f-4217a4c855a6,Ghostbusters I logo - Gold,collectible,9444,2026-10-01 17:41:16
8d5e5124-9f63-4f31-b838-f13a510ea10d,Ghost Trap,collectible,188,2026-10-01 17:41:16
c80fcf06-5894-4482-ad1f-e0b9389d3c77,Captain America – Ultimate Animated,collectible,295.08,2026-10-01 17:41:16
f4bc0c5c-c12e-41c9-8062-f33011a17ef8,Light Stick,collectible,333,2026-10-01 17:41:16
0deb4d99-746c-463e-80f9-43c724334c8f,Smorkin' Labbit - Choice Cuts,collectible,24.95,2026-10-01 17:41:16
3cbb638b-f450-4bb8-9288-37016cb680d5,Turtle Blimp,collectible,21.86,2026-10-01 17:41:16
b983ef4c-8054-46c2-97b0-89b153e8f1cc,Views of Our Planets - Neptune,collectible,216.99,2026-10-01 17:41:16
5cd65143-b35b-4757-bb7a-275775e39eb0,Nostromo Corridor,collectible,142,2026-10-01 17:41:16
37a67fd7-bc6f-4902-b73e-9d175399bd03,Wolverine - Battle Ready,collectible,16.89,2026-10-01 17:41:16
85505d96-5efd-4f02-892f-2d8591712f9d,JENNIE – Stylish Affection,collectible,222,2026-10-01 17:41:16
b780b8d8-5345-43f6-9a53-f0e97d55f5aa,X-Men ‘97 Cyclops,collectible,45,2026-10-01 17:41:16
0911a467-0a70-4399-b99e-fa447496024c,X-Men: 60 Uncanny Years Poster,collectible,33.79,2026-10-01 17:41:16
6535d69a-ac95-4da3-bd1a-4245808e4b21,Fantastic Four Holiday Card,collectible,29.38,2026-10-01 17:41:16
3a00cc91-e39f-4040-9a06-17dc99b376b3,Single 2 1/2d 'Lake Wakitipu' gummed stamp,collectible,49.99,2026-10-01 17:41:16
aeefbf50-3d0b-47cb-accb-86128d4398ed,DLT-19D Heavy Blaster,collectible,49.99,2026-10-01 17:41:16
5763e59f-3bcb-4a5d-b391-afd2476d94ef,Snickering Toby,collectible,3.5,2026-10-01 17:41:16
31944bea-3443-4497-8387-db84f26750a9,Pyro Machine - Gold Edition,collectible,65,2026-10-01 17:41:16
d422752a-51cf-40da-82a1-257f817eed43,HiKR,collectible,8,2026-10-01 17:41:16
7603c0c6-05e4-4a0e-b243-5045ceb07aa0,Nozzle Eye - Pyroscorch,collectible,15,2026-10-01 17:41:16
bc637552-5c39-4cf4-a5ae-164043df435b,Ride the Lightning Board,collectible,4999,2026-10-01 19:47:04
c80fcf06-5894-4482-ad1f-e0b9389d3c77,Captain America – Ultimate Animated,collectible,400,2026-10-01 19:47:04
a642596a-72cb-4e46-97ce-2f2798a3412a,Cogsworth and Lumiere,collectible,30,2026-10-01 19:47:04
819b66c7-04fa-4354-bb32-ba9c9722c68d,VeVe Level 100 Logo,collectible,2499,2026-10-01 19:47:04
d175dd45-8919-4b60-bef4-5a64d9d045df,Elsa's Ice Palace,collectible,399,2026-10-01 19:47:04
ffabb2e2-810d-4f83-91e7-3d6b80c0f194,Thor - Ultimate Animated,collectible,89,2026-10-01 19:47:04
10617c75-f9d0-48cb-b164-fe5b192e8cae,Beta Ray Bill,collectible,66,2026-10-01 19:47:04
eb30fff7-466f-4fac-aa0a-e8bfd78e9d57,Nemo,collectible,33,2026-10-01 19:47:04
455c863a-8802-447c-a952-24462371b732,Big Trouble (Original Colourway),collectible,40,2026-10-01 19:47:04
842f5443-b6d0-4fec-a3cb-a17b91d9287b,Dream from Day to Night,collectible,16.78,2026-10-01 19:47:04
576ad8fb-45f2-47aa-9b94-54fd80871aa0,Thanos - Marvel Metallic Red,collectible,50,2026-10-01 19:47:04
4de77349-9d1f-44c8-a0a4-59341e52f52a,America Chavez - Miss America,collectible,53.99,2026-10-01 19:47:04
745acda7-64ec-4967-b397-9aa9c70a50d8,Flippy,collectible,15,2026-10-01 19:47:04
1d71f5c0-ad88-4e70-82b8-cc6be0948f25,VeVe Heart Logo - Black,collectible,5,2026-10-01 19:47:04
7598d35a-beb1-432d-bef6-a204eb526d44,Fix-It Felix,collectible,8,2026-10-01 19:47:04
418ea79f-9864-4bf6-b56b-612bc1b6c1b1,Ghostbear - Red,collectible,14.69,2026-10-01 19:47:04
d0122a89-aac8-4527-a413-7267041c59be,VeVe Reveal,collectible,21.86,2026-10-01 19:47:04
39c4b021-c6e7-479d-ab1d-8de90749d729,DJ Big Bot - Rust,collectible,2.85,2026-10-01 19:47:04
b87927b2-6ad2-43ee-ae88-cfd7a2668e15,Bubble Machine,collectible,3.8,2026-10-01 19:47:04
cf3f2223-ece8-4b79-8970-8fca656ea481,Smoke Machine,collectible,2.99,2026-10-01 19:47:04
53ff9a39-afb8-4a2e-b9de-516d6ea965d5,Laser Beam Machine,collectible,2.99,2026-10-01 19:47:04
7a94e5de-0de3-492f-a00e-af761e3323e3,Mr. Epiko,collectible,3.8,2026-10-01 19:47:04
12787b3e-79ae-4836-99f7-35986f5dee8b,Dan - Be Like Water,collectible,3.1,2026-10-01 19:47:04
f108a1b1-62eb-473c-88d0-3d340255f4d7,Beach Prank,collectible,1.5,2026-10-01 19:47:04
95b86201-ed47-471f-ada2-4e053041379b,Partners Statue,collectible,1899,2026-10-01 20:49:36
900388bb-8847-4334-8d1a-508de81c4a4d,Superman,collectible,190,2026-10-01 20:49:36
fc943f7c-7e87-4f6e-b38e-8bc02c6cf7a6,Spider-Man – The Amazing Spider-Man,collectible,30,2026-10-01 20:49:36
9954145f-e85c-462e-b84b-2b50a3e3fbe9,Elsa,collectible,77,2026-10-01 20:49:36
aeebac53-63e3-461e-8158-59726476d16e,David Yu - Blue Metallic,collectible,1375,2026-10-01 20:49:36
d94de475-51bb-4c41-8adf-f259e1cd5fdb,Emcee Claws,collectible,789,2026-10-01 20:49:36
4e358881-d6e6-41a0-ad3c-8b3021128af0,Luke Skywalker: Jedi,collectible,95.99,2026-10-01 20:49:36
744b99e7-9eea-4c7e-b6dc-27f9f695c3ba,True Blue Ahwroo,collectible,866,2026-10-01 20:49:36
8efa1a33-7ae2-4629-b862-f6cd9d246196,Sokka - Boomerang Ready,collectible,3000,2026-10-01 20:49:36
10617c75-f9d0-48cb-b164-fe5b192e8cae,Beta Ray Bill,collectible,55,2026-10-01 20:49:36
febe115c-5d6b-4a2f-91d8-941e4c8c5f07,Ghost Rider,collectible,581,2026-10-01 20:49:36
254501a1-7fd7-4d57-a4e0-eb3e70b965b5,Thor - Battle for Asgard,collectible,9,2026-10-01 20:49:36
df8fec71-7e54-4dfb-b3e4-ea9c83aceca7,Captain America – The Punch,collectible,8,2026-10-01 20:49:36
d4a983b5-07d5-4b85-afbf-23df999abe11,You Ain't Seen Nothin' Yet!,collectible,68,2026-10-01 20:49:36
043ed720-aa2c-49fa-8dd2-9607de31a386,Ken Story,collectible,139.9,2026-10-01 20:49:36
8648d886-ed81-4ea1-bae7-cb1a0bc975bd,MYO - OG Gold,collectible,450,2026-10-01 20:49:36
94f72775-7b61-4e82-9f93-58e03cf89d2e,Her Majesty Special Edition,collectible,550,2026-10-01 20:49:36
2db18c43-ffa3-4823-93fc-209e7eb77d77,Diamonds Are Forever - Japanese One Sheet Poster,collectible,24.99,2026-10-01 20:49:36
87b0e695-6422-4005-a898-294b76ac64d1,Question Mark Hoverboard,collectible,9.99,2026-10-01 20:49:36
f09d3ca4-d90a-4844-a28b-3207b87161a4,Bat-Signal,collectible,4.49,2026-10-01 20:49:36
be660c37-ee7b-4da4-84ba-2138788889cd,Rising Sun Hoverboard,collectible,7,2026-10-01 20:49:36
91ae052f-7496-48f1-a96d-0ece0dca200d,Safin’s Mask,collectible,5.5,2026-10-01 20:49:36
eda67c9c-4bb1-4b8d-9d6c-d2ce337cf711,Epiko Logo - Blue Metallic,collectible,844,2026-10-01 20:49:36
42ed9c27-7acd-4e87-9305-431016406b79,Record #3 - Ascension - Gold,collectible,40,2026-10-01 20:49:36
e913c1f9-9578-4077-b90b-94b0b0cde315,The Golden Lad,collectible,250,2026-10-01 20:49:36
7598d35a-beb1-432d-bef6-a204eb526d44,Fix-It Felix,collectible,7.99,2026-10-01 20:49:36
20819ae3-1ce1-48b3-868f-18f2e84a075f,My Toy Strawberry Chocolate Frappé,collectible,469,2026-10-01 20:49:36
f6e15150-641b-4d8e-b7cc-19027a019d1f,Chris Robots Will Kill - OG,collectible,50,2026-10-01 20:49:36
e04d5ee6-b10d-4a4e-b1d7-0e875b59e221,Happy Lunar New Year! - Black,collectible,498.12,2026-10-01 20:49:36
d0cb8b88-f65c-4441-9ae9-2b9e63379817,"Ready, Aim, Fire",collectible,19.99,2026-10-01 20:49:36
f4ba3117-9a23-4ab7-b489-2908ccb176c6,Sandman,collectible,7.5,2026-10-01 20:49:36
d422752a-51cf-40da-82a1-257f817eed43,HiKR,collectible,13,2026-10-01 20:49:36
6f5d6b03-da4c-4121-9024-74221436f214,Shadow Trooper - Crouching,collectible,7.99,2026-10-01 20:49:36
af9d158d-2149-4212-afd4-d66e6e98721f,Anakin’s Podracer Base,collectible,7.5,2026-10-01 20:49:36
c3df7496-e8e7-4507-b80a-5c2b5d996645,#100 Todd McFarlane Batman,collectible,540,2026-10-01 21:54:55
ca048ce7-e56d-48ba-b1ed-fe3aba790176,ZOFFY,collectible,550,2026-10-01 21:54:55
5ab59120-1b5b-473c-9c80-3144d9a6e1d5,"All Together, Now!",collectible,250,2026-10-01 21:54:55
d042924f-2db9-4180-8d16-38bf4c9e5b9d,R2-D2,collectible,169,2026-10-01 21:54:55
8d5e5124-9f63-4f31-b838-f13a510ea10d,Ghost Trap,collectible,185,2026-10-01 21:54:55
4dc2db11-350d-4c3b-82c9-84fbcaa9d138,Timon and Pumbaa,collectible,19.99,2026-10-01 21:54:55
d8e91fe1-47f5-4375-a3de-0040c9851417,Minnie Mouse,collectible,85,2026-10-01 21:54:55
987e4869-7dd7-47ed-a417-351d20023d78,#100 Todd McFarlane Batman - Blue & Yellow Variant,collectible,60,2026-10-01 21:54:55
ebf0810d-353d-49d2-9fd8-032aaae61f6a,Magic Lamp from Aladdin,collectible,14,2026-10-01 21:54:55
a0c50208-f32c-4e7e-9664-c28555a9f523,Yoda,collectible,65,2026-10-01 21:54:55
e2cb56f8-d2c6-49a5-b152-9dd2a59445af,Black Panther – Animated,collectible,20,2026-10-01 21:54:55
146ac2a6-6813-4a88-a03a-4cc2a90b721d,Michelangelo - Classic (Special Edition),collectible,1200,2026-10-01 21:54:55
410fd575-30a3-45ab-a87a-7a928971d321,Leonardo - Classic (Special Edition),collectible,1200,2026-10-01 21:54:55
92871a71-62d8-4cb7-a6a8-adf184636056,Battle Mode,collectible,25.95,2026-10-01 21:54:55
bac86917-646f-47ad-aa3a-a5cc10717e6b,Coco Paunch,collectible,25,2026-10-01 21:54:55
e1ad3a68-1fc8-43f8-be83-2a2238c4a7c7,Death Trooper - E-11D Blaster Rifle Advance,collectible,700,2026-10-01 21:54:55
4b811efb-8cfa-45be-a85d-7a66848fa075,Borg Cube (1:1),collectible,10,2026-10-01 21:54:55
da7f15db-60fa-48db-ac21-f7be7cf6917f,Batgirl,collectible,3,2026-10-01 21:54:55
0bc64cce-45bd-46de-b08b-a80e1c00773c,Jade Dragon,collectible,27,2026-10-01 21:54:55
beebd4fa-865f-4397-9034-95548858a0ca,Sakura - Nostalgia,collectible,149,2026-10-01 21:54:55
6b496024-0a09-49be-b7f7-4ee655b38eea,Dogpool,collectible,15,2026-10-01 21:54:55
b4d25ed8-b8d9-4baf-80c5-47c5339e9788,The Angelfeesh #388 by Brian Morris,collectible,13,2026-10-01 21:54:55
1e6e313f-c608-40aa-91c7-3965d7a806ab,The ADDICTION Gold Logo,collectible,600,2026-10-01 21:54:55
91ae052f-7496-48f1-a96d-0ece0dca200d,Safin’s Mask,collectible,5,2026-10-01 21:54:55
4ba5e77c-a4f6-44c8-a709-6b2e63c38fd3,Miguel,collectible,15,2026-10-01 21:54:55
3ab1419c-6ca1-403b-ab70-65d2e8e8ce19,Diamond Light Stick,collectible,200,2026-10-01 21:54:55
8197f403-df07-45d8-9435-e4b30465250c,Fantasma,collectible,3.5,2026-10-01 21:54:55
e30057f4-2b69-4e5f-9848-ae0a5c19170d,Bill & Ted's Excellent Adventure,collectible,10,2026-10-01 21:54:55
5a629d81-f499-4da6-bff6-419f1c27e921,Karina,collectible,3.96,2026-10-01 21:54:55
9e0ec309-fc0b-4286-b116-a607ee2e7cc3,Holiday Elves - Block of Four,collectible,10,2026-10-01 21:54:55
5efd4b63-dab0-4567-a776-e60b1ea047d1,RUNNING MON ver. VEVE RED,collectible,200,2026-10-01 21:54:55
1426a5b0-2a68-4487-9cd5-ec118b3c323f,Twist,collectible,7,2026-10-01 21:54:55
fb126fc0-85cd-4363-aded-425205ec8d62,Stabbed Trooper Helmet,collectible,32.8,2026-10-01 21:54:55
b780b8d8-5345-43f6-9a53-f0e97d55f5aa,X-Men ‘97 Cyclops,collectible,35,2026-10-01 21:54:55
10fdaf2c-4b9b-4a2d-9f83-7cfcb43358d2,Glider Blueprint,collectible,2.3,2026-10-01 21:54:55
969d91bf-5ffe-4c53-9249-20d4659d5fcc,Speedy The Racing Snail Box,collectible,20,2026-10-01 21:54:55
d422752a-51cf-40da-82a1-257f817eed43,HiKR,collectible,8.5,2026-10-01 21:54:55
a15d54d8-0fa1-42bf-a69c-315662f4bfdf,Strobe Light Machine - Gold Edition,collectible,75,2026-10-01 21:54:55
a42350c5-a1a7-4593-af66-ef91cfeb37a1,Ollie Goodtimes,collectible,6.59,2026-10-01 21:54:55
8424b8e4-01ad-4c77-b816-d728bc74b647,Bowling,collectible,8.5,2026-10-01 21:54:55
7a94e5de-0de3-492f-a00e-af761e3323e3,Mr. Epiko,collectible,3.5,2026-10-01 21:54:55
bf42d73e-2563-4cb3-b91f-11863d43d161,Warriors Of Mars,collectible,2000,2026-10-01 21:54:55
7603c0c6-05e4-4a0e-b243-5045ceb07aa0,Nozzle Eye - Pyroscorch,collectible,14.5,2026-10-01 21:54:55
ee27ac13-2e51-4cda-925f-595060735022,ECOMI Logo Red Silver,collectible,4444,2026-10-02 01:01:33
5ab59120-1b5b-473c-9c80-3144d9a6e1d5,"All Together, Now!",collectible,248,2026-10-02 01:01:33
c3df7496-e8e7-4507-b80a-5c2b5d996645,#100 Todd McFarlane Batman,collectible,540,2026-10-02 02:04:22
fc943f7c-7e87-4f6e-b38e-8bc02c6cf7a6,Spider-Man – The Amazing Spider-Man,collectible,32.99,2026-10-02 02:04:22
4b3b200b-8469-43a2-aa68-114a4d9e0306,Spider-Man – Jump into Action,collectible,55,2026-10-02 02:04:22
3b990f92-ef9c-4634-8992-27de92c50b98,The Half Note Jazz Club,collectible,410,2026-10-02 02:04:22
6d9ad08b-e959-44c1-a5f0-0f0563274de4,Silver Light Stick,collectible,999,2026-10-02 02:04:22
29df76ed-368e-4415-be9f-34e87b751d3d,I'll Take Those Odds,collectible,92,2026-10-02 02:04:22
9bbf3fa3-9b0c-446d-9b17-f6e452b070c7,Black Panther – Wakanda Forever,collectible,7.9,2026-10-02 02:04:22
49c60b18-a5c4-45c9-8fc3-27c123f93d1c,Drug ’em Killfrog,collectible,45,2026-10-02 02:04:22
ebcf7ef8-7cec-4e81-b1e1-ea088c203f9f,Wild Energy,collectible,54.99,2026-10-02 02:04:22
b633e43b-a4ce-458a-9fba-ae023f2f2bfd,Mickey Mouse,collectible,8.95,2026-10-02 02:04:22
10617c75-f9d0-48cb-b164-fe5b192e8cae,Beta Ray Bill,collectible,86,2026-10-02 02:04:22
9490e0db-885a-4429-8162-a04fe998a995,#13 Harley Quinn,collectible,48,2026-10-02 02:04:22
1e55bed1-1517-48e9-89d7-4cefd3ded15b,A Powerful Dream,collectible,14,2026-10-02 02:04:22
3f7bcd3f-6855-4e79-8854-bf0758ca311b,Groot Captain Marvel,collectible,499,2026-10-02 02:04:22
3035942c-117c-404f-9098-5df698f59272,The Lion King Pencil,collectible,17.99,2026-10-02 02:04:22
806c58f2-0af1-4ebe-860d-a41d6cc4c13d,Time of Your Life,collectible,30,2026-10-02 02:04:22
1748a526-6473-45d1-8c60-3812e1571ca8,it's a small world,collectible,53.43,2026-10-02 02:04:22
15f0b30e-8770-4102-8226-7fd6f22cf8df,To Infinity and Beyond,collectible,6.5,2026-10-02 02:04:22
8648d886-ed81-4ea1-bae7-cb1a0bc975bd,MYO - OG Gold,collectible,450,2026-10-02 02:04:22
c62142c0-cf6b-4d96-92dd-ad0140ab0a41,Miles Morales,collectible,15.99,2026-10-02 02:04:22
d37448eb-4dd9-4693-abb5-3747fb07ef3f,Flo’s V8 Cafe,collectible,32.16,2026-10-02 02:04:22
a494f556-ebcd-4252-b4ec-ccd52c331c5c,Mickey,collectible,19.75,2026-10-02 02:04:22
49c0b910-3dea-4425-bc85-4b11618fc3f9,AMC Blue and Beta,collectible,8.75,2026-10-02 02:04:22
5049ea9f-4377-4d68-b1b1-59752a08c6be,Brave the Elements,collectible,65,2026-10-02 02:04:22
6ce1c832-7253-4dd3-b0e9-d8292fcb4462,Always Somewhere Else - Roji,collectible,50,2026-10-02 02:04:22
936ecb56-b61c-40e5-b240-3b2c958a1356,"Mad Tea Party, Dumbo the Flying Elephant, King Arthur Carousel",collectible,27.5,2026-10-02 02:04:22
febf96ab-d1c2-459d-a8e8-33b3f4284911,Hulk,collectible,18.99,2026-10-02 02:04:22
916a3f70-ea93-468a-bd64-9c1db9200111,Janet Van Dyne,collectible,10.9,2026-10-02 02:04:22
cce3a323-94cb-44e3-b87b-c37cc9a34429,Beta Ray Bill - Action,collectible,129,2026-10-02 02:04:22
6002eebd-fe45-402e-89a9-c3eab1233ae1,Larry the Lobster Box,collectible,3.2,2026-10-02 02:04:22
18ffd467-efd3-4686-924d-6e70e4ebbc87,"Krasue, the Floating Head",collectible,2.16,2026-10-02 02:04:22
26f408b1-bb9e-4257-b819-29270f6682b5,Winter Soldier – Unmasked Resolve,collectible,25,2026-10-02 02:04:22
a35a6323-40ba-4c70-b65c-99c166f6c507,Dog,collectible,11,2026-10-02 02:04:22
9ff15a97-acc4-4053-a3c6-febfed4aa0c2,1851 George Washington (originally 12 cents),collectible,1.88,2026-10-02 02:04:22
545f8c91-7a0e-4bd4-83d5-c806fe2d832b,Foam Machine,collectible,7.89,2026-10-02 02:04:22
523793ef-58f0-42d6-9b9d-c094d71ad20f,Bular,collectible,6.6,2026-10-02 02:04:22
65a5614b-77e4-4759-b52c-e24ed7f4faa9,Dangpungdo - Autumn Carp,collectible,9.5,2026-10-02 02:04:22
856227a4-716c-4b50-893c-d16a4fc93e33,Night Trooper Exposed - Unleashed,collectible,19.67,2026-10-02 02:04:22
7dba3b40-2198-4e9a-92dc-4f4874c30e39,Night Trooper - Unleashed,collectible,19,2026-10-02 02:04:22
a709645b-62df-490d-b74a-16a90c358d50,Master Splinter - Combat Training,collectible,11.11,2026-10-02 02:04:22
cf3f2223-ece8-4b79-8970-8fca656ea481,Smoke Machine,collectible,3.99,2026-10-02 02:04:22
a18440b9-4f7e-4136-986a-c8801a8b981b,VeVe Christmas Tree - Platinum,collectible,2,2026-10-02 02:04:22
53ff9a39-afb8-4a2e-b9de-516d6ea965d5,Laser Beam Machine,collectible,2.99,2026-10-02 02:04:22
5ab59120-1b5b-473c-9c80-3144d9a6e1d5,"All Together, Now!",collectible,245,2026-10-02 03:08:02
3e1b4ff8-8c51-4ec6-a7ba-2ba55e331855,Bone Appetite - Maliblu,collectible,7000,2026-10-02 03:08:02
39e873a8-37f3-4ef8-9247-b2b257f7dcbf,Team Avatar: SDCC 2026,collectible,275,2026-10-02 03:08:02
10617c75-f9d0-48cb-b164-fe5b192e8cae,Beta Ray Bill,collectible,66.6,2026-10-02 03:08:02
3f2e5500-cb74-4d1a-970f-a6905b074743,Odin,collectible,27.99,2026-10-02 03:08:02
3cbb638b-f450-4bb8-9288-37016cb680d5,Turtle Blimp,collectible,15,2026-10-02 03:08:02
0433455f-ebd3-447d-bb00-347564d5f6a4,Guile Story,collectible,144,2026-10-02 03:08:02
8923aaae-bae7-4473-8c74-fe5c3b9a5878,Elektra – Weapon of the Hand,collectible,3,2026-10-02 03:08:02
9ff15a97-acc4-4053-a3c6-febfed4aa0c2,1851 George Washington (originally 12 cents),collectible,4,2026-10-02 03:08:02
7aeb6394-97db-4268-85ac-7f2cc504687e,With Love and Kisses,collectible,2.95,2026-10-02 03:08:02
c5ec6386-9376-404d-829e-c316e1b0d6e0,Spooky Silhouettes - Spider,collectible,6.69,2026-10-02 03:08:02
d8724482-0b99-4818-9a3f-c76bea0e8ee8,Mariachi - Trumpet Player,collectible,2.44,2026-10-02 03:08:02
38df9c4a-4da8-4271-a861-9f9dcfde2e1a,Single 1d 'Lake Taupo' gummed stamp,collectible,2.99,2026-10-02 03:08:02
f6717b76-db8d-48af-bffd-d7016ac4a83d,C-Rank Essence Stone,collectible,2.9,2026-10-02 03:08:02
288b12b5-89ed-4fa0-83cd-ec757334d4dc,Record #1 - Frankenstein - Original,collectible,3.99,2026-10-02 03:08:02
b457e18d-c3f7-4e2a-ab85-590ef6f0e59d,Spooky Silhouettes - Black Cat,collectible,2.99,2026-10-02 03:08:02
419fec31-c22c-4860-a896-6342e69f5c2e,Death Trooper Shoulder Pad,collectible,2.39,2026-10-02 03:08:02
906fe78e-60ab-4d7e-bd1d-70d70fe10ba0,Lucky Peach,collectible,2.8,2026-10-02 03:08:02
53ff9a39-afb8-4a2e-b9de-516d6ea965d5,Laser Beam Machine,collectible,3.99,2026-10-02 03:08:02
0c0023fa-0f61-4b7e-9fe3-e6e38ee93f9d,Record #1 - Living In Delusionville - Original,collectible,2.95,2026-10-02 03:08:02
d913a319-3a18-4250-a949-07f42a19424f,Record #8 - Duck Luck - Original,collectible,2.5,2026-10-02 03:08:02
15ce5afc-3082-4582-b6e5-bf6e27163351,Record #9 - Everyone is Jealous of Me - Original,collectible,2,2026-10-02 03:08:02
bc0f680a-595a-4a36-8f10-0d325fb28e76,ROSÉ - Top of the World,collectible,14.99,2026-10-02 03:08:02
5fd09e1f-58f8-467f-9e78-d64f6e3a69b9,R2-D2,collectible,212,2026-10-02 04:11:30
be044aa7-1495-4b34-a3a6-b7303affcdae,Thor - Animated,collectible,69,2026-10-02 04:11:30
4134563c-f023-4c74-992c-58d8ca7bcf44,Ecomi Coin,collectible,299.99,2026-10-02 04:11:30
ca048ce7-e56d-48ba-b1ed-fe3aba790176,ZOFFY,collectible,19.85,2026-10-02 04:11:30
8a23cfee-33f5-4a13-8cff-504d63681262,Trilad,collectible,29.99,2026-10-02 04:11:30
05f5219f-ed27-4be7-adf2-1c3c82132486,Rhino,collectible,5,2026-10-02 04:11:30
1e03369f-9703-4790-a441-23c894baf56d,1938 James K. Polk,collectible,6,2026-10-02 04:11:30
cdf8336b-2ee0-4573-a2c0-5e8389bcc541,Vision,collectible,7,2026-10-02 04:11:30
67b21be9-1853-4c6a-8453-fc208de31b5b,Nick Fury,collectible,8,2026-10-02 04:11:30
f722b975-b19f-4ec4-bfa8-4752c02fa902,Kraven,collectible,3,2026-10-02 04:11:30
293b3939-c579-4b4c-83fd-1f8ddfa91357,Okoye,collectible,3,2026-10-02 04:11:30
ca1969b7-2875-4a2b-bdf0-8b624b8c3ccc,Mystique,collectible,7,2026-10-02 04:11:30
158cf956-dbe3-48f4-9d41-68fa97acf97e,Kaiju Tokimon,collectible,2.79,2026-10-02 04:11:30
c889a878-bc2b-4afe-a9c1-a02ffbe80231,Single 4d 'White Terraces' gummed stamp,collectible,2.99,2026-10-02 04:11:30
f216c114-f12c-4c32-a2af-0c8632206274,Single 2s 'Milford Sound' gummed stamp,collectible,2.33,2026-10-02 04:11:30
4e358881-d6e6-41a0-ad3c-8b3021128af0,Luke Skywalker: Jedi,collectible,150,2026-10-02 05:13:26
987e4869-7dd7-47ed-a417-351d20023d78,#100 Todd McFarlane Batman - Blue & Yellow Variant,collectible,55,2026-10-02 05:13:26
4134563c-f023-4c74-992c-58d8ca7bcf44,Ecomi Coin,collectible,244.44,2026-10-02 05:13:26
e342f3a5-9c98-4ec3-ad2d-2112b6bf3c0f,Deadpool the Duck,collectible,29,2026-10-02 05:13:26
b8a474b2-e594-484a-a0f5-59f26ebdab97,Bunny Blossom,collectible,34.89,2026-10-02 05:13:26
8a23cfee-33f5-4a13-8cff-504d63681262,Trilad,collectible,24.99,2026-10-02 05:13:26
e48bfe78-5231-4d5e-9d5d-ffff71a84753,Predator - Hidden Threat,collectible,24,2026-10-02 05:13:26
4a1211b1-0144-4827-8014-2120901a5b91,Bigfoot,collectible,1.54,2026-10-02 05:13:26
65a5614b-77e4-4759-b52c-e24ed7f4faa9,Dangpungdo - Autumn Carp,collectible,10,2026-10-02 05:13:26
30341e3d-3fd2-49bc-b52e-cb539458aee5,LUV,collectible,17,2026-10-02 05:13:26
15bae0a8-1f0c-46b6-bd3c-be44b169e73f,Songhak - The Pine and the Crane,collectible,9,2026-10-02 05:13:26
3d1cbbec-65a6-4f2b-9a21-74be61438ad7,Violet,collectible,177,2026-10-02 06:15:01
49c60b18-a5c4-45c9-8fc3-27c123f93d1c,Drug ’em Killfrog,collectible,39.99,2026-10-02 06:15:01
f79a401a-0f4b-4379-a5bf-3132c5750539,ECOMI Logo Red White,collectible,25,2026-10-02 06:15:01
56128c3c-1c59-4be5-82f5-380d0712f9cf,Ironheart - Neon,collectible,1460,2026-10-02 06:15:01
ed1bdbf0-17f4-470e-b85a-494194f71b94,Master Splinter - Black & White Variant,collectible,888,2026-10-02 06:15:01
794c3826-643a-438b-9e37-787c91e83221,Spider-Man - Marvel Metallic Red,collectible,128,2026-10-02 06:15:01
3cbb638b-f450-4bb8-9288-37016cb680d5,Turtle Blimp,collectible,21.86,2026-10-02 06:15:01
a67aa0d3-7e99-4e1d-9fc0-780c2cafe8f9,Diamond Emma Frost - Marauders #21 (2021),collectible,1500,2026-10-02 06:15:01
3ab09024-348e-4e98-9f7d-cbe428fe0d19,Uprising,collectible,11.28,2026-10-02 06:15:01
f20b6280-e9c4-481e-9a67-549fa354bb67,Gambit - Glowing Kinetic Fury,collectible,65,2026-10-02 06:15:01
f7b41c83-6975-482c-ad53-1a3e86dea877,Pet Owner,collectible,49,2026-10-02 06:15:01
7e227ed9-0358-4db4-bdb1-bc0f40644694,Winter Soldier – Silent Sentinel,collectible,22,2026-10-02 06:15:01
8a23cfee-33f5-4a13-8cff-504d63681262,Trilad,collectible,23.99,2026-10-02 06:15:01
c3c9cf87-6d65-4ad6-8e95-0a32b7bcd9e9,Thanos Copter,collectible,9,2026-10-02 06:15:01
5a629d81-f499-4da6-bff6-419f1c27e921,Karina,collectible,2.98,2026-10-02 06:15:01
10fdaf2c-4b9b-4a2d-9f83-7cfcb43358d2,Glider Blueprint,collectible,2.1,2026-10-02 06:15:01
85f31f35-a752-43f1-a4d2-9f10d6c64e80,Death Trooper DLT-19D - Running,collectible,4.99,2026-10-02 06:15:01
7a50712b-8a87-4d4c-9e0b-90e23cfd7441,Night Trooper Exposed,collectible,2,2026-10-02 06:15:01
77857a70-edf2-4401-9798-93f63b941d60,Vulture,collectible,6.5,2026-10-02 06:15:01
4d5e1d1b-a183-4efc-84bf-1e469d588395,Lad 7,collectible,56,2026-10-02 06:15:01
f6717b76-db8d-48af-bffd-d7016ac4a83d,C-Rank Essence Stone,collectible,2.75,2026-10-02 06:15:01
5ab59120-1b5b-473c-9c80-3144d9a6e1d5,"All Together, Now!",collectible,235,2026-10-02 07:19:00
fc943f7c-7e87-4f6e-b38e-8bc02c6cf7a6,Spider-Man – The Amazing Spider-Man,collectible,39.49,2026-10-02 07:19:00
4e358881-d6e6-41a0-ad3c-8b3021128af0,Luke Skywalker: Jedi,collectible,139.99,2026-10-02 07:19:00
664706f5-0d2b-456f-94e7-e32b97a4f2dd,The Finale,collectible,17,2026-10-02 07:19:00
beeb8c8f-662e-4cf4-878f-9276d60b8c08,Let’s Begin!,collectible,4.5,2026-10-02 07:19:00
ff3c835b-61d3-44f1-b9d9-1645336bfc25,Black Panther – Panther Pounce,collectible,4.5,2026-10-02 07:19:00
ed1bdbf0-17f4-470e-b85a-494194f71b94,Master Splinter - Black & White Variant,collectible,799,2026-10-02 07:19:00
f5d9089b-cfa3-47b4-8408-35289430f64d,A-Rank Essence Stone,collectible,139,2026-10-02 07:19:00
f35e3e0b-dc86-462d-b06b-9c0abe74b924,ECOMI Logo Red Circle,collectible,4.25,2026-10-02 07:19:00
88cbd191-476f-4e7a-9413-f0b69715c35f,Scar,collectible,62,2026-10-02 07:19:00
43f8507e-4ad6-420b-b6ca-1c1b86d9e275,Captain America – The First Avenger,collectible,5.8,2026-10-02 07:19:00
4ceba0e1-b6d4-48a0-a9ad-da51cb24f16c,"Focus, Please!",collectible,3.5,2026-10-02 07:19:00
6b921b0c-6764-4e2f-afd8-75deb784e77e,AT-AT - March of the Empire,collectible,13,2026-10-02 07:19:00
3c94d7bf-2a58-4e7b-901d-2d177a642da3,Felix – Dual Realms,collectible,188.04,2026-10-02 07:19:00
f6449165-c84d-4d58-8931-05f103b80d91,Sakura - Battle,collectible,238,2026-10-02 07:19:00
20ccbff8-c2b0-4298-a254-ef9ae0f1de2b,Thor - The Worthy,collectible,3.5,2026-10-02 07:19:00
8610e82b-039c-4409-b544-5813ecc67485,Bemular,collectible,23.22,2026-10-02 07:19:00
18d56bc0-d416-4d8b-b8d1-0df800a45f72,Day of the Dead: Child,collectible,3.2,2026-10-02 07:19:00
885c33eb-4869-412b-9015-56039e798c14,IG-11,collectible,109.99,2026-10-02 07:19:00
a6bf55c3-6c7c-41ef-bf1f-b4a61bccaf65,Rogers: The Musical – Poster,collectible,6,2026-10-02 07:19:00
d629f709-d1b4-4e1d-803d-542a6b00ea9a,VeVe Heart Logo - Pink,collectible,7.95,2026-10-02 07:19:00
7865e918-bd8f-4ef9-b529-3ac0d3f85f02,Buzz Lightyear – Laser Lock,collectible,23.99,2026-10-02 07:19:00
7e227ed9-0358-4db4-bdb1-bc0f40644694,Winter Soldier – Silent Sentinel,collectible,14.99,2026-10-02 07:19:00
2e75b438-b763-4b0d-9b36-8f3edecb6614,Buzz Lightyear – Mission Ready,collectible,10,2026-10-02 07:19:00
8c33d824-cf0e-4db8-848e-9231be25c2e3,Death Trooper E-11D - Running,collectible,6.25,2026-10-02 07:19:00
8c2a6f95-80eb-47db-9e64-ccebb639d0d7,VeVe Logo White Green,collectible,8,2026-10-02 07:19:00
f6717b76-db8d-48af-bffd-d7016ac4a83d,C-Rank Essence Stone,collectible,2.9,2026-10-02 07:19:00
cac60134-17f8-40d5-988f-f911652e1a12,VeVe Common General Admission Ticket - NYCC 2024,collectible,2.5,2026-10-02 07:19:00
dc0e0865-ed0d-4421-8bcd-2d9007d9c73a,VeVe Uncommon General Admission Ticket - NYCC 2024,collectible,3.5,2026-10-02 07:19:00
58106902-69a5-488d-8dbb-b6120b73fcc0,Aether,collectible,335.22,2026-10-02 08:21:17
3c94d7bf-2a58-4e7b-901d-2d177a642da3,Felix – Dual Realms,collectible,180,2026-10-02 08:21:17
03ac1002-6575-4474-bf58-6175aee35f97,Gelatina,collectible,4.5,2026-10-02 08:21:17
4ba5e77c-a4f6-44c8-a709-6b2e63c38fd3,Miguel,collectible,16.44,2026-10-02 08:21:17
39ceaffc-298a-481a-ac53-074fe1843ddd,Hapjeong Station,collectible,29.88,2026-10-02 08:21:17
a0a401e5-86ce-4522-80f5-f342bb554582,Peter Quill,collectible,5.99,2026-10-02 08:21:17
f5d9089b-cfa3-47b4-8408-35289430f64d,A-Rank Essence Stone,collectible,49.99,2026-10-02 08:21:17
e2782558-fce9-438b-be3c-84e1539af4c4,Stormtrooper Helmet - Cross Section,collectible,4.5,2026-10-02 08:21:17
72b60c77-038d-4ced-bbad-e8c73d13cff1,Scott Lang/Ant-Man,collectible,3.6,2026-10-02 08:21:17
392c6df5-78ae-4b4a-b015-867fc56f68c8,Hope Van Dyne/Wasp,collectible,2.7,2026-10-02 08:21:17
e4c90141-36fe-4811-bc64-eb8dbcb3048c,M’Baku,collectible,2.5,2026-10-02 08:21:17
59b92dd6-4633-4da0-9d28-fa5349107513,Hank Pym,collectible,3,2026-10-02 08:21:17
c8a76df1-5979-4917-8189-5ecb4a2e4225,KABOOM,collectible,27,2026-10-02 08:21:17
92635283-99b4-4597-ba69-01e39ccba334,Master Splinter - Father Figure,collectible,3,2026-10-02 08:21:17
b08d08d6-7b80-4d13-acc4-816a97474a5c,Cassie,collectible,2.8,2026-10-02 08:21:17
975dad48-3fe0-476b-b518-78706b1073ab,1840 Penny Black Ol mint,collectible,3,2026-10-02 08:21:17
7b15830f-cafc-4945-a78b-bae80162d788,Groot,collectible,2.5,2026-10-02 08:21:17
8564d30f-2411-4d71-8f53-330747e9326d,Night Trooper Exposed - Marching,collectible,1.6,2026-10-02 08:21:17
6034d020-5c76-46b5-aa1e-56011181936e,Graffi ver. Red,collectible,1.37,2026-10-02 08:21:17
41505b27-6b61-4951-835f-d8976df8fcbf,Spider-Man 2099,collectible,250,2026-10-02 10:32:58
2d319882-cb74-4383-8d91-31ff8fca91c4,Avengers Logo,collectible,55,2026-10-02 10:32:58
56128c3c-1c59-4be5-82f5-380d0712f9cf,Ironheart - Neon,collectible,745,2026-10-02 10:32:58
c81ac9ff-1954-4ba5-8194-9b83ecdd3228,Sunflower Grin - Special Mission - Gold,collectible,5.39,2026-10-02 10:32:58
b780b8d8-5345-43f6-9a53-f0e97d55f5aa,X-Men ‘97 Cyclops,collectible,33,2026-10-02 10:32:58
2803a97f-8cc5-482a-9f99-3e594271b863,Happy Happy Joy Joy,collectible,9.16,2026-10-02 10:32:58
ceea21a6-2a60-4371-bd86-5249bf0741a7,Boba Fett’s Helmet,collectible,3.98,2026-10-02 10:32:58
5ab59120-1b5b-473c-9c80-3144d9a6e1d5,"All Together, Now!",collectible,222,2026-10-02 11:35:07
41505b27-6b61-4951-835f-d8976df8fcbf,Spider-Man 2099,collectible,245,2026-10-02 11:35:07
65dab55c-40a4-4117-9a0e-96888f9028de,Ben Reilly - Beyond Spider-Man,collectible,555,2026-10-02 11:35:07
a642596a-72cb-4e46-97ce-2f2798a3412a,Cogsworth and Lumiere,collectible,29,2026-10-02 11:35:07
2975026b-9d14-475b-a356-d35855637309,Hulk - Animated,collectible,36.99,2026-10-02 11:35:07
5529acf4-43b8-428a-8009-2410ceb8cce7,Huracán STO - Verde Citrea/Arancio DAC,collectible,199.99,2026-10-02 11:35:07
b4dab570-ab46-4f42-bd42-3a8d3737dbcd,Franken Fat,collectible,32.98,2026-10-02 11:35:07
88cbd191-476f-4e7a-9413-f0b69715c35f,Scar,collectible,61,2026-10-02 11:35:07
3380b39e-a974-4f27-89c3-12dc6995fbee,Planet Hulk,collectible,28,2026-10-02 11:35:07
b4d25ed8-b8d9-4baf-80c5-47c5339e9788,The Angelfeesh #388 by Brian Morris,collectible,12.98,2026-10-02 11:35:07
d3c78510-b498-45f6-9857-ebd22c0ad1b7,The Count - Gold,collectible,130,2026-10-02 11:35:07
28b53716-1751-49e2-9cf2-354427e41546,Jasmine and Jafar,collectible,27.99,2026-10-02 11:35:07
e9aa517c-43e1-48d8-ab94-8551e4610629,Daisy,collectible,21.76,2026-10-02 11:35:07
f03984f1-f566-45e7-9ff4-aeedc23523bc,David Yu,collectible,12.98,2026-10-02 11:35:07
096dbfc9-0f7c-4d2a-b7da-f0336b2085d9,Love: Multicolored Hearts (1984),collectible,5.9,2026-10-02 11:35:07
098e02b8-7372-4766-96f5-ca5a156a0914,Love: Brushstrokes (1985),collectible,6,2026-10-02 11:35:07
3433ffd5-0721-4346-b556-8ff18d545c27,Mickey Sorcerer's Hat,collectible,108,2026-10-02 12:37:31
e6e5683f-5b64-4842-8f74-912a0fc919ba,Homer & Bart,collectible,49.99,2026-10-02 12:37:31
8512b4f0-2ef0-451e-a9eb-2b086982496d,Doctor Doom - Action,collectible,300,2026-10-02 12:37:31
ecd5f579-59bf-4121-8c8b-3b85ac7aed87,The Coming of the Hulk,collectible,54.5,2026-10-02 12:37:31
3d38c822-050f-42bf-a382-f209819911e4,Deadpool – Deck The Halls,collectible,2.5,2026-10-02 12:37:31
4804e172-42a2-419f-b1f0-431ece52c00a,Deadpool – Ugly Sweater Party,collectible,2.5,2026-10-02 12:37:31
5afd3b4c-4249-4701-b4aa-cd492d804f82,Santa and His Reindeer,collectible,4.49,2026-10-02 12:37:31
b780b8d8-5345-43f6-9a53-f0e97d55f5aa,X-Men ‘97 Cyclops,collectible,49,2026-10-02 12:37:31
49c0b910-3dea-4425-bc85-4b11618fc3f9,AMC Blue and Beta,collectible,5,2026-10-02 12:37:31
f91fbba9-e5f3-4d7d-93b4-91efacbc0b27,Spider-Man 2099 - Genetic Awakening,collectible,9.9,2026-10-02 12:37:31
94bcc472-9ecb-41f0-b8bf-f5b0b4e85e37,Gambit - Trenchcoat Tactician,collectible,3.99,2026-10-02 12:37:31
2c70e420-29bd-46bc-ba10-04073967e4d2,Take Me Out to the Ball Game,collectible,2.5,2026-10-02 12:37:31
4a1211b1-0144-4827-8014-2120901a5b91,Bigfoot,collectible,1.95,2026-10-02 12:37:31
b95a50dc-add6-4b08-bcee-a1a3692c2abd,Edo Imperial Royal Guard,collectible,9.9,2026-10-02 12:37:31
0b9cbb5a-7c04-4b6c-ab53-e401c6096618,Lunar New Year: Snake,collectible,2,2026-10-02 12:37:31
4375fc8d-2165-4efa-aedb-4ca5429d3f15,Lunar New Year: Rabbit,collectible,1.1,2026-10-02 12:37:31
d0b2f4f9-b7e3-445c-9fa5-3c5750564912,1840 Two Penny Blue RJ,collectible,2,2026-10-02 12:37:31
dc303066-ec4c-4051-bbd3-afd668481051,1938 Millard Fillmore,collectible,4.79,2026-10-02 12:37:31
9968a51e-c7ba-4b11-ace9-4ab3f1e7410c,1938 Andrew Jackson,collectible,1.6,2026-10-02 12:37:31
61fa958d-8683-41b5-8421-446732676d8e,Kahalo ver. Original,collectible,2.66,2026-10-02 12:37:31
3cd38803-98a6-4b5c-85fa-a8a3353c0b7f,Single 1/2d 'Mount Cook' gummed stamp,collectible,1.83,2026-10-02 12:37:31
a05e5e16-5e63-4d0c-a429-d67d5bb05e71,Dharma Tiger,collectible,2.47,2026-10-02 12:37:31
9de0fd51-f57e-4888-8fdc-ce7674a9b06a,1938 Benjamin Harrison,collectible,1.99,2026-10-02 12:37:31
8564d30f-2411-4d71-8f53-330747e9326d,Night Trooper Exposed - Marching,collectible,1.8,2026-10-02 12:37:31
aee6fb37-95fe-4573-bc42-3e45d46cb950,Vermillion,collectible,3,2026-10-02 12:37:31
6dfe3789-1ad9-4232-a6cd-b657eb90efdd,Pizza Boxes,collectible,1.69,2026-10-02 12:37:31
7a94e5de-0de3-492f-a00e-af761e3323e3,Mr. Epiko,collectible,4.2,2026-10-02 12:37:31
df4040f2-18a2-42d7-b67b-ede12c684102,BLAM!,collectible,2,2026-10-02 12:37:31
12787b3e-79ae-4836-99f7-35986f5dee8b,Dan - Be Like Water,collectible,3.79,2026-10-02 12:37:31
f108a1b1-62eb-473c-88d0-3d340255f4d7,Beach Prank,collectible,1.8,2026-10-02 12:37:31
ba2e8d06-c0f8-40dd-ba0d-594001238a1a,Graffi ver. Black,collectible,1.8,2026-10-02 12:37:31
ee27ac13-2e51-4cda-925f-595060735022,ECOMI Logo Red Silver,collectible,2999,2026-10-02 13:41:14
5ab59120-1b5b-473c-9c80-3144d9a6e1d5,"All Together, Now!",collectible,220,2026-10-02 13:41:14
bf242890-3977-47ba-8cc5-d9ac3b2bf7b3,Rogue - Southern Powerhouse Special Edition,collectible,15000,2026-10-02 13:41:14
a67aa0d3-7e99-4e1d-9fc0-780c2cafe8f9,Diamond Emma Frost - Marauders #21 (2021),collectible,30000,2026-10-02 13:41:14
b918f882-01dc-420e-8697-01b74924394b,Oscar the Grouch,collectible,32.89,2026-10-02 13:41:14
8512b4f0-2ef0-451e-a9eb-2b086982496d,Doctor Doom - Action,collectible,250,2026-10-02 13:41:14
5556802d-6958-4d61-847a-9c6af52618c0,Hades: Who Needs Heroes,collectible,39,2026-10-02 13:41:14
5547f67d-9450-41c7-b9d2-6c2400f25e50,Jabba the Hutt,collectible,18,2026-10-02 13:41:14
4134563c-f023-4c74-992c-58d8ca7bcf44,Ecomi Coin,collectible,240,2026-10-02 13:41:14
bba0290e-1506-4702-a8fb-c1892b5bb638,Back to the Future,collectible,42,2026-10-02 13:41:14
0f7f4637-f5d1-4fe0-abea-8ac280707995,Black Panther,collectible,79,2026-10-02 13:41:14
0b56408b-874b-4fbb-a571-0f412cdccca5,Deadpool – Animated,collectible,19.99,2026-10-02 13:41:14
11bc19eb-ef1b-4fa0-8e0d-1a8281197e90,Ghost-Spider,collectible,5,2026-10-02 13:41:14
3035942c-117c-404f-9098-5df698f59272,The Lion King Pencil,collectible,16.99,2026-10-02 13:41:14
52c66175-587f-4df5-92ea-23dd07836d65,Maui,collectible,29.93,2026-10-02 13:41:14
5c7c7adc-0758-43c8-8da6-c8282704cc2d,T. rex Animated 1,collectible,10.45,2026-10-02 13:41:14
6a94ae27-164a-49e0-83b0-d18ae7e33e95,Coca-Cola Starlight Can,collectible,3.5,2026-10-02 13:41:14
c780ae69-e498-4b3b-95fc-be6d8345f881,Throg – The Mighty Frogjolnir,collectible,10,2026-10-02 13:41:14
6423ffc0-d8e3-4f1c-94a1-7299ad991bf9,Cosmo,collectible,45,2026-10-02 13:41:14
9d25ee7b-bf59-4d56-a391-f7329bfe8973,Rocket,collectible,43,2026-10-02 13:41:14
298cf1c3-0321-4a18-9bcc-b32cb0e1b242,Cinderella,collectible,10.46,2026-10-02 13:41:14
ba623eaa-2499-424b-8a36-3750ae2e509b,Beast,collectible,13,2026-10-02 13:41:14
5049ea9f-4377-4d68-b1b1-59752a08c6be,Brave the Elements,collectible,59,2026-10-02 13:41:14
4f866f13-3e6e-435d-ab50-7fb9ee57b734,Hitchin’ A Ride,collectible,10.42,2026-10-02 13:41:14
025a320d-8bce-4fad-9cb2-4b41d6a2f727,Sung Jinwoo - Weakest Hunter,collectible,14.95,2026-10-02 13:41:14
8e153737-9c80-4fd6-ad53-ec839a19c564,Winter Soldier,collectible,33,2026-10-02 13:41:14
3b60ba90-2786-4fb0-8e59-372423540fe3,Eternal Winter,collectible,24.98,2026-10-02 13:41:14
a87f709c-41e9-4b82-8627-60867a585b2e,Ice Cream Escape,collectible,13,2026-10-02 13:41:14
434aef90-307d-4045-ac6d-b34a00a4f843,Island Spirit,collectible,9.82,2026-10-02 13:41:14
10fdaf2c-4b9b-4a2d-9f83-7cfcb43358d2,Glider Blueprint,collectible,2.94,2026-10-02 13:41:14
0392e20e-a2da-42ce-a153-e04af71225e4,Silk,collectible,69,2026-10-02 13:41:14
cdf8336b-2ee0-4573-a2c0-5e8389bcc541,Vision,collectible,7.99,2026-10-02 13:41:14
67b21be9-1853-4c6a-8453-fc208de31b5b,Nick Fury,collectible,9.99,2026-10-02 13:41:14
0608c4c0-27aa-4b04-ab6f-9fa52bcd0a9f,Coca-Cola Neon Sign - Thirst Quenching,collectible,26,2026-10-02 13:41:14
a7a14492-4cd9-4c16-af3d-20055db31acc,Valkyrie,collectible,2.2,2026-10-02 13:41:14
293b3939-c579-4b4c-83fd-1f8ddfa91357,Okoye,collectible,3.95,2026-10-02 13:41:14
f722b975-b19f-4ec4-bfa8-4752c02fa902,Kraven,collectible,3.75,2026-10-02 13:41:14
e4c90141-36fe-4811-bc64-eb8dbcb3048c,M’Baku,collectible,2.88,2026-10-02 13:41:14
f8baec5c-c69f-4a44-9611-f009fa58de06,Coca-Cola Neon Sign - Arrow,collectible,22,2026-10-02 13:41:14
2862ba93-6f99-4ede-85c4-40a673530753,Holiday Elves - Elf with Model Car,collectible,2.62,2026-10-02 13:41:14
2ab60547-aaf6-4120-828d-cc6372ac3335,Sewer Manhole - Silver,collectible,3.5,2026-10-02 13:41:14
d422752a-51cf-40da-82a1-257f817eed43,HiKR,collectible,13,2026-10-02 13:41:14
2b165606-c201-4f80-b10f-b0d7e7d49908,Crimson Trooper - Running,collectible,2.7,2026-10-02 13:41:14
cf3f2223-ece8-4b79-8970-8fca656ea481,Smoke Machine,collectible,4,2026-10-02 13:41:14
7f8db4ca-e2d2-4750-80dc-92f122da0bd0,Birdie,collectible,9.5,2026-10-02 13:41:14
02ab1567-e3b7-4862-bd09-4115bcfed9fc,Max,collectible,4.8,2026-10-02 13:41:14
0b5e951b-09bd-4b29-9db9-d7ca4814d92c,Janie,collectible,3.64,2026-10-02 13:41:14
fe5e090a-87dc-4be2-b15f-4217a4c855a6,Ghostbusters I logo - Gold,collectible,50000,2026-10-02 14:44:50
7475a966-ed09-4fa8-9b3f-ca6833ea98af,Spider-Man: Miles Morales - Animated,collectible,33000,2026-10-02 14:44:50
2e31455d-8c38-405d-b2f6-50b2e5d27ea0,Iron Man,collectible,78,2026-10-02 14:44:50
882b40f4-c586-4c68-af9b-b7bfdaca9f0d,Spider-Man 2099 - Shadow Protocol,collectible,219,2026-10-02 14:44:50
0c733e42-6f3a-4411-a1df-e6795a3ae291,Ursula: I Get What I Want,collectible,3.82,2026-10-02 14:44:50
990dad00-c145-4344-8ce6-4058364d402d,"Bone Appetite - 1,000 Wott Yellow",collectible,52.99,2026-10-02 14:44:50
6897547b-b936-4c5a-961d-e6303f0a58ef,Blue Animated 2,collectible,17.5,2026-10-02 14:44:50
fe54f61c-cb18-4d85-bd0f-cb9305e4c463,Iron Man - Marvel Metallic Red,collectible,68,2026-10-02 14:44:50
488b4d3e-b76b-447f-a922-c2f33711d93c,Jawa 03,collectible,3.83,2026-10-02 14:44:50
68649d9c-b610-4ac0-a07a-f14a1fca6585,Raphael - Classic,collectible,9.9,2026-10-02 14:44:50
2682657a-a39a-4821-9592-414905f89af1,Coca-Cola – 1916 Contour Empty Bottle,collectible,239,2026-10-02 14:44:50
d8d0ace9-56f9-4f1d-b502-bacddc273878,Ezio - Deadly Precision,collectible,33,2026-10-02 14:44:50
fa9bd8ac-2e81-459b-85d9-7182df4d43a2,Women Support the War Effort,collectible,2.99,2026-10-02 14:44:50
f0ccdd0b-c4ae-41e9-b853-5133d7a813bc,Predator - Seasoned Hunter,collectible,12,2026-10-02 14:44:50
7aeb6394-97db-4268-85ac-7f2cc504687e,With Love and Kisses,collectible,2.9,2026-10-02 14:44:50
57cc6578-d821-4ea1-a709-521905ed5838,Sunflower Grin - Special Mission - Silver,collectible,2.99,2026-10-02 14:44:50
92635283-99b4-4597-ba69-01e39ccba334,Master Splinter - Father Figure,collectible,3.82,2026-10-02 14:44:50
04d8f4a0-3ade-4646-9b7e-3470c934e5f2,Peeking Through the Coral,collectible,6.9,2026-10-02 14:44:50
b08d08d6-7b80-4d13-acc4-816a97474a5c,Cassie,collectible,3,2026-10-02 14:44:50
545f8c91-7a0e-4bd4-83d5-c806fe2d832b,Foam Machine,collectible,6.96,2026-10-02 14:44:50
b78505b5-9cdd-414b-b43e-c73a1f6191df,Creepshow Tombstone - Vol. 2 Issue 2,collectible,15,2026-10-02 14:44:50
096dbfc9-0f7c-4d2a-b7da-f0336b2085d9,Love: Multicolored Hearts (1984),collectible,5,2026-10-02 14:44:50
458db9c4-0370-4f18-83ef-fd58467692a9,Creepshow Coffin - Vol. 3 Issue 4,collectible,10,2026-10-02 14:44:50
f57e1a2b-be41-4007-8d67-7fac23b39b70,Pyro Machine,collectible,3.57,2026-10-02 14:44:50
cf3f2223-ece8-4b79-8970-8fca656ea481,Smoke Machine,collectible,3.49,2026-10-02 14:44:50
75c89ca4-c8fa-44b1-bc4c-e68a3d0c8d0a,Creepshow Coffin - Vol. 3 Issue 2,collectible,8,2026-10-02 14:44:50
f1bb37cc-7350-403f-9e06-5942bc3765ec,Master Splinter - Weapon Training,collectible,4.5,2026-10-02 14:44:50
8c448663-6552-41cf-8490-1a8c073c38bb,Confetti Machine,collectible,3.23,2026-10-02 14:44:50
8424b8e4-01ad-4c77-b816-d728bc74b647,Bowling,collectible,8,2026-10-02 14:44:50
f1de663b-7b08-41a4-8ff9-6e21de97cd36,Giving and Receiving,collectible,2.38,2026-10-02 14:44:50
b5ee952e-4674-41a1-a985-17664336e905,"Good Food, Good Fortune",collectible,2.3,2026-10-02 14:44:50
438829a3-1ddf-43ef-a849-d05292e7937f,Night Trooper - Marching,collectible,1.3,2026-10-02 14:44:50
30a9f14d-f5ef-4047-bf97-c2b047190f83,1:6 DeLorean Time Machine - Interactive,collectible,5.9,2026-10-02 16:51:16
aadb24d5-07a5-4630-a937-60af8a8ef08e,Edo,collectible,69,2026-10-02 16:51:16
800bbeeb-bae9-43a4-96fd-ba42af86e14c,#61 Dick Sprang The Joker,collectible,34.99,2026-10-02 16:51:16
5873d066-24c8-4f96-a9e9-ab1f6935df1b,Silver Surfer,collectible,21,2026-10-02 16:51:16
05df9412-ca87-4492-8454-81f73a88c171,MOTOMICHI - Eyes,collectible,14.99,2026-10-02 16:51:16
e84cb947-3c97-486c-9b6b-f299af4cc6b9,Cookie Monster - Gold,collectible,18.99,2026-10-02 16:51:16
3164f5e3-044d-477d-8022-0a99dead294d,Leonardo - Classic,collectible,13.5,2026-10-02 16:51:16
b7caf1f1-8199-4ecf-806a-7f7078e01305,Edo Stormtrooper,collectible,11.99,2026-10-02 16:51:16
f13e1d28-20e3-473d-af6b-2d6e12ce8bbe,The Inflatable DJ Octo,collectible,27.99,2026-10-02 16:51:16
fcaf92c1-1f34-4042-87ee-b5cc02345977,Chris Robots Will Kill - Landscape,collectible,44,2026-10-02 16:51:16
f6e15150-641b-4d8e-b7cc-19027a019d1f,Chris Robots Will Kill - OG,collectible,44,2026-10-02 16:51:16
1bacdd79-a711-4a24-9bfa-c0927e871e9a,Chris Robots Will Kill - SUYE Special Sky Blue,collectible,44,2026-10-02 16:51:16
d1bed232-54cd-4cd7-a75c-feaaca1cbd80,The Air Dancing Tentacle,collectible,11.99,2026-10-02 16:51:16
d23fe8eb-7882-40fc-8e4d-16a0f81e1847,B-Rank Essence Stone,collectible,3.35,2026-10-02 16:51:16
d422752a-51cf-40da-82a1-257f817eed43,HiKR,collectible,12,2026-10-02 16:51:16
cf3f2223-ece8-4b79-8970-8fca656ea481,Smoke Machine,collectible,3.11,2026-10-02 16:51:16
8c448663-6552-41cf-8490-1a8c073c38bb,Confetti Machine,collectible,3,2026-10-02 16:51:16
438829a3-1ddf-43ef-a849-d05292e7937f,Night Trooper - Marching,collectible,1.3,2026-10-02 16:51:16
e12e243b-e88f-4622-b0da-599c54385255,ZAP! - Gold,collectible,49,2026-10-02 16:51:16
75bffbf5-3527-4c34-a73d-06252becd47f,Skateboard,collectible,49,2026-10-02 17:53:27
30a9f14d-f5ef-4047-bf97-c2b047190f83,1:6 DeLorean Time Machine - Interactive,collectible,5,2026-10-02 17:53:27
be044aa7-1495-4b34-a3a6-b7303affcdae,Thor - Animated,collectible,55.55,2026-10-02 17:53:27
3a24545f-3e4d-45d7-916f-817a50c7f1b2,No Time To Die  - Triumph Motorcycle,collectible,27,2026-10-02 17:53:27
08a9b0b6-bae9-4f45-94ed-e36308b26ae1,Bruno Madrigal,collectible,100,2026-10-02 17:53:27
68bd7e8d-5981-4222-b524-593023e05659,L0-LA59,collectible,229.99,2026-10-02 17:53:27
0f7f4637-f5d1-4fe0-abea-8ac280707995,Black Panther,collectible,100,2026-10-02 17:53:27
beeb8c8f-662e-4cf4-878f-9276d60b8c08,Let’s Begin!,collectible,4.99,2026-10-02 17:53:27
83e94f86-f495-4002-a3b1-1123fda8864e,Sleeping Beauty Castle,collectible,52,2026-10-02 17:53:27
8c2a6f95-80eb-47db-9e64-ccebb639d0d7,VeVe Logo White Green,collectible,69,2026-10-02 17:53:27
6b480765-2dde-44e1-b6e6-d5dd4fef0c0e,A Close Call,collectible,49,2026-10-02 17:53:27
f35e3e0b-dc86-462d-b06b-9c0abe74b924,ECOMI Logo Red Circle,collectible,4.22,2026-10-02 17:53:27
4339063a-38a7-41ee-895f-21fb3abb0c89,Perlina,collectible,7.33,2026-10-02 17:53:27
0c733e42-6f3a-4411-a1df-e6795a3ae291,Ursula: I Get What I Want,collectible,3.79,2026-10-02 17:53:27
8854d1aa-b535-4a8d-9a7f-1392b8581136,John F. Walker,collectible,2.88,2026-10-02 17:53:27
6edf0436-e37c-4e2f-a811-22e5df176765,Edna Mode: Bold! Dramatic! Heroic!,collectible,7.19,2026-10-02 17:53:27
3e628ba1-7c41-4d53-8ae7-ecc2aa09512a,Michelangelo - IncogNinja,collectible,100,2026-10-02 17:53:27
9490e0db-885a-4429-8162-a04fe998a995,#13 Harley Quinn,collectible,26,2026-10-02 17:53:27
930d65c5-68db-4833-b585-ea9d47b26521,Fat Tony,collectible,9.98,2026-10-02 17:53:27
358985ca-0e52-4a1b-aeb7-c4e678e65b0d,Matt Murdock - The Vigilant Defender,collectible,9.68,2026-10-02 17:53:27
3b2abe1a-4389-4ba7-809c-565d1ae25fa8,"""Vader's Little Princess""",collectible,13,2026-10-02 17:53:27
a9a3706c-32e5-414f-b6f9-3510caa9d855,Weapon Racks – Silver Black,collectible,5.95,2026-10-02 17:53:27
41ec1282-c9b9-45c5-a3db-125f04c79b4c,Young Carl’s leather flying hat with goggles,collectible,69,2026-10-02 17:53:27
9623151f-4113-453c-8b71-b88cc1760565,Michelangelo - Skate Jam Base,collectible,5.48,2026-10-02 17:53:27
2c70e420-29bd-46bc-ba10-04073967e4d2,Take Me Out to the Ball Game,collectible,2.9,2026-10-02 17:53:27
6db92658-cab4-4bcf-a57b-0e0f9f6750fb,‍‍Mimban Trooper,collectible,3.19,2026-10-02 17:53:27
a00ad2e9-37fe-4ca2-b2df-5fea2e0131d0,"""Read Me A Story!""",collectible,3.5,2026-10-02 17:53:27
3ecd1c9c-dd05-4e9e-80b9-7b8574a095bb,Mickey & Friends Logo,collectible,6,2026-10-02 17:53:27
fcaf92c1-1f34-4042-87ee-b5cc02345977,Chris Robots Will Kill - Landscape,collectible,40,2026-10-02 17:53:27
c3c9cf87-6d65-4ad6-8e95-0a32b7bcd9e9,Thanos Copter,collectible,6.6,2026-10-02 17:53:27
59b92dd6-4633-4da0-9d28-fa5349107513,Hank Pym,collectible,3.1,2026-10-02 17:53:27
5a629d81-f499-4da6-bff6-419f1c27e921,Karina,collectible,2,2026-10-02 17:53:27
5c4c9abf-3fd5-4ddd-85fa-2b02fbe8dfdb,Spider-Mobile,collectible,7,2026-10-02 17:53:27
9c93d4b4-2dab-4c9d-b5e2-0f29e791bd39,Electro,collectible,6.5,2026-10-02 17:53:27
6911b24f-2fd5-4d43-8ae9-8f7d978b6285,Felix  - Golden Light,collectible,14,2026-10-02 17:53:27
f1bb37cc-7350-403f-9e06-5942bc3765ec,Master Splinter - Weapon Training,collectible,5.99,2026-10-02 17:53:27
4836f896-a3b1-4539-a79f-1b0a26bd5a25,Rat,collectible,2.29,2026-10-02 17:53:27
fe25e470-e059-45a4-863d-d25a085b0dfe,MyCollectables,collectible,4.96,2026-10-02 17:53:27
e075643b-0f54-43dc-b020-755db00e1b3f,Strobe Light Machine,collectible,3.66,2026-10-02 17:53:27
74ffff21-4447-4ce3-a62f-610747e8afdf,Snow Globes - Snowman,collectible,2.25,2026-10-02 17:53:27
f95a7ade-32c1-48e2-bab0-4dd51faf1d04,Bubble Machine - Gold Edition,collectible,54,2026-10-02 17:53:27
438829a3-1ddf-43ef-a849-d05292e7937f,Night Trooper - Marching,collectible,1.6,2026-10-02 17:53:27
cb514393-4ab4-4042-afcf-33e6083341ed,Collectors at Heart - Vinyl Pressing,collectible,1.06,2026-10-02 17:53:27
73255fe7-c9e7-489a-a3bd-547b9b87a8a5,Ash,collectible,2.79,2026-10-02 17:53:27
7475a966-ed09-4fa8-9b3f-ca6833ea98af,Spider-Man: Miles Morales - Animated,collectible,9444,2026-10-02 19:01:36
900388bb-8847-4334-8d1a-508de81c4a4d,Superman,collectible,194,2026-10-02 19:01:36
a23cccf0-e12e-4856-8877-1629e9313ccf,VeVe Logo Gold Silver v2,collectible,1888,2026-10-02 19:01:36
fe5e090a-87dc-4be2-b15f-4217a4c855a6,Ghostbusters I logo - Gold,collectible,4000,2026-10-02 19:01:36
2db7508c-bd14-4598-b6e3-108619c46c80,Ghostbusters I Logo,collectible,249.99,2026-10-02 19:01:36
2e87137d-51b3-41ee-93e1-80e0e799d6ba,Spider-Man – Hangin’ Out,collectible,31.5,2026-10-02 19:01:36
7a736163-6ff5-446d-9a74-c73fa1959e2c,Dragon Girl - Gold,collectible,164,2026-10-02 19:01:36
2bddd574-39a8-400d-b614-a71ff7734a93,A Jaunty Jig,collectible,10,2026-10-02 19:01:36
3a24545f-3e4d-45d7-916f-817a50c7f1b2,No Time To Die  - Triumph Motorcycle,collectible,17,2026-10-02 19:01:36
dfce2c78-6a36-42d6-9dab-53ae88a852e6,Ultraman Seven,collectible,23,2026-10-02 19:01:36
95ea8d6d-886d-4c3c-b171-82d23310d2bf,Woody: Hey Howdy Hey!,collectible,10.5,2026-10-02 19:01:36
3174caf1-2da6-4196-9e4a-8965fcdabc49,The Rise of Ultraman #1 - John Tyler Christopher,collectible,37,2026-10-02 19:01:36
3f233a1f-fe67-4d15-b796-f60845ee3d35,Lightning McQueen: Ka-chow!,collectible,9,2026-10-02 19:01:36
e6c7fca7-2199-42e1-b12e-1b289821520b,1:6 Ecto-1 Interactive,collectible,9,2026-10-02 19:01:36
05df9412-ca87-4492-8454-81f73a88c171,MOTOMICHI - Eyes,collectible,15.9,2026-10-02 19:01:36
8b6f7901-07e9-40a7-ad50-2c95929f134d,#77 Jason Fabok Batman,collectible,16,2026-10-02 19:01:36
9490e0db-885a-4429-8162-a04fe998a995,#13 Harley Quinn,collectible,48,2026-10-02 19:01:36
37353ee5-47b8-4498-a220-7851c6dd0923,Michelangelo - Classic,collectible,24,2026-10-02 19:01:36
0bc0d4a4-2727-4886-bd25-423df94a818a,Su Huan Jen,collectible,4.5,2026-10-02 19:01:36
3164f5e3-044d-477d-8022-0a99dead294d,Leonardo - Classic,collectible,16.95,2026-10-02 19:01:36
967e6313-09df-458c-9d97-ef05de184ee8,House of Cards (2019),collectible,109.99,2026-10-02 19:01:36
1ec30cf6-aa54-4577-8a1e-aca18b95b40a,Mooka,collectible,8.5,2026-10-02 19:01:36
11f07bd6-7fc3-4516-897a-0da17d09abe5,#60 Dick Sprang Batman,collectible,8,2026-10-02 19:01:36
fde25c18-f029-423b-a295-07de8a210cf9,1:1 Ecto-1 Static,collectible,5,2026-10-02 19:01:36
47d33114-b974-4393-a3b7-3a66f8772844,Prima Donna,collectible,6,2026-10-02 19:01:36
68649d9c-b610-4ac0-a07a-f14a1fca6585,Raphael - Classic,collectible,10.95,2026-10-02 19:01:36
545f8c91-7a0e-4bd4-83d5-c806fe2d832b,Foam Machine,collectible,8.97,2026-10-02 19:01:36
5a629d81-f499-4da6-bff6-419f1c27e921,Karina,collectible,2.2,2026-10-02 19:01:36
c3c9cf87-6d65-4ad6-8e95-0a32b7bcd9e9,Thanos Copter,collectible,5.95,2026-10-02 19:01:36
46359177-0a0a-4148-aac9-7875a76aaa91,Toph,collectible,3.5,2026-10-02 19:01:36
e1bfbd3e-584f-40ef-b986-4fb4b7bf79e2,Grenade Orange,collectible,30,2026-10-02 19:01:36
60ff5dbc-dd2d-4c72-95d3-9b8bb7f122ec,Nicoletta Baldari Variant,collectible,7.96,2026-10-02 19:01:36
7f8db4ca-e2d2-4750-80dc-92f122da0bd0,Birdie,collectible,8.19,2026-10-02 19:01:36
53ff9a39-afb8-4a2e-b9de-516d6ea965d5,Laser Beam Machine,collectible,2.99,2026-10-02 19:01:36
d90a73fb-fcef-4c6c-bf36-acfe1f371cf5,Record #3 - Ascension - Original,collectible,1,2026-10-02 19:01:36
75bffbf5-3527-4c34-a73d-06252becd47f,Skateboard,collectible,73,2026-10-02 20:03:42
a659bbc2-45cd-4f72-9ca2-7e92a245d05f,#97 Joe Madureira Batman,collectible,63,2026-10-02 20:03:42
30a9f14d-f5ef-4047-bf97-c2b047190f83,1:6 DeLorean Time Machine - Interactive,collectible,6.2,2026-10-02 20:03:42
3a867661-d468-4559-884f-777a86ec8eda,Pluto,collectible,39.9,2026-10-02 20:03:42
39caa0d4-acd8-4b57-8c74-77f777370153,Dark Lord of the Sith,collectible,14.85,2026-10-02 20:03:42
a29c77e8-29c1-4d9c-a07a-cbcaec9eec29,Blue and Beta Animated 2,collectible,395,2026-10-02 20:03:42
3ba00608-759f-4b4f-9984-2c6b3e6da842,No Time To Die — Aston Martin DB5,collectible,49,2026-10-02 20:03:42
17258a03-cd19-4f5a-b355-bf6a0b4eea07,The Galactica (BS-75),collectible,32.84,2026-10-02 20:03:42
10617c75-f9d0-48cb-b164-fe5b192e8cae,Beta Ray Bill,collectible,86,2026-10-02 20:03:42
794c3826-643a-438b-9e37-787c91e83221,Spider-Man - Marvel Metallic Red,collectible,145,2026-10-02 20:03:42
6b921b0c-6764-4e2f-afd8-75deb784e77e,AT-AT - March of the Empire,collectible,22.95,2026-10-02 20:03:42
3f2e5500-cb74-4d1a-970f-a6905b074743,Odin,collectible,28,2026-10-02 20:03:42
bf5fcb3f-2e79-4928-b8ff-bbb0045da5d7,Cat-Trooper (Color),collectible,50,2026-10-02 20:03:42
6a94ae27-164a-49e0-83b0-d18ae7e33e95,Coca-Cola Starlight Can,collectible,3.3,2026-10-02 20:03:42
1ec30cf6-aa54-4577-8a1e-aca18b95b40a,Mooka,collectible,8.44,2026-10-02 20:03:42
744b99e7-9eea-4c7e-b6dc-27f9f695c3ba,True Blue Ahwroo,collectible,499,2026-10-02 20:03:42
f578773f-012f-48b5-9156-117545e39739,Black Widow Nesting Doll,collectible,39,2026-10-02 20:03:42
8661cbe7-e20f-4da4-83f2-2e232718f73c,The King of Cameos,collectible,8.99,2026-10-02 20:03:42
d0d24b34-c4bc-41bc-af6c-23dc874bc60a,The Volcanic Haunt,collectible,88,2026-10-02 20:03:42
9c5831e3-9544-4af2-a3d3-cf0d8a8910f9,Jubilee - Full Spectrum,collectible,29.99,2026-10-02 20:03:42
5c4c9abf-3fd5-4ddd-85fa-2b02fbe8dfdb,Spider-Mobile,collectible,10,2026-10-02 20:03:42
658f1d45-3417-40ec-84f7-054cb8f0d494,Symbiote,collectible,2.3,2026-10-02 20:03:42
fcaf92c1-1f34-4042-87ee-b5cc02345977,Chris Robots Will Kill - Landscape,collectible,35.79,2026-10-02 20:03:42
f6e15150-641b-4d8e-b7cc-19027a019d1f,Chris Robots Will Kill - OG,collectible,35.79,2026-10-02 20:03:42
1bacdd79-a711-4a24-9bfa-c0927e871e9a,Chris Robots Will Kill - SUYE Special Sky Blue,collectible,35.79,2026-10-02 20:03:42
458db9c4-0370-4f18-83ef-fd58467692a9,Creepshow Coffin - Vol. 3 Issue 4,collectible,20,2026-10-02 20:03:42
ab837c48-11e4-4fe9-b99a-0fd17f62e599,Death Trooper - SE-14r Blaster,collectible,2.2,2026-10-02 20:03:42
545f8c91-7a0e-4bd4-83d5-c806fe2d832b,Foam Machine,collectible,8,2026-10-02 20:03:42
c3c9cf87-6d65-4ad6-8e95-0a32b7bcd9e9,Thanos Copter,collectible,5.5,2026-10-02 20:03:42
0117f97c-9fe1-4735-b850-47dcb0b44d44,Rogue - Legacy Heroine,collectible,20,2026-10-02 20:03:42
f1bb37cc-7350-403f-9e06-5942bc3765ec,Master Splinter - Weapon Training,collectible,6.5,2026-10-02 20:03:42
60ff5dbc-dd2d-4c72-95d3-9b8bb7f122ec,Nicoletta Baldari Variant,collectible,8,2026-10-02 20:03:42
75c89ca4-c8fa-44b1-bc4c-e68a3d0c8d0a,Creepshow Coffin - Vol. 3 Issue 2,collectible,10,2026-10-02 20:03:42
9d513380-78fc-4291-9f4b-e7ac0486e746,Snowman,collectible,9,2026-10-02 20:03:42
8424b8e4-01ad-4c77-b816-d728bc74b647,Bowling,collectible,8.5,2026-10-02 20:03:42
d90a73fb-fcef-4c6c-bf36-acfe1f371cf5,Record #3 - Ascension - Original,collectible,1.8,2026-10-02 20:03:42
2e31455d-8c38-405d-b2f6-50b2e5d27ea0,Iron Man,collectible,77.95,2026-10-02 21:04:06
2e87137d-51b3-41ee-93e1-80e0e799d6ba,Spider-Man – Hangin’ Out,collectible,31.45,2026-10-02 21:04:06
e2cb56f8-d2c6-49a5-b152-9dd2a59445af,Black Panther – Animated,collectible,23.45,2026-10-02 21:04:06
1383dac9-2cf7-4a54-9776-21ec07065d57,Avatar Jake Sully,collectible,500,2026-10-02 21:04:06
f660fa4e-fa1a-4f75-bd55-ada594164750,The Stargate,collectible,11.25,2026-10-02 21:04:06
8a23cfee-33f5-4a13-8cff-504d63681262,Trilad,collectible,23,2026-10-02 21:04:06
e26ca080-631b-4aaf-a292-91ee915efd0a,Stormtrooper Helmet,collectible,4.44,2026-10-02 21:04:06
0c90c49f-d867-47de-991f-d5b5606ffb09,Namor - Phoenix,collectible,7.99,2026-10-02 21:04:06
658f1d45-3417-40ec-84f7-054cb8f0d494,Symbiote,collectible,2.33,2026-10-02 21:04:06
ceea21a6-2a60-4371-bd86-5249bf0741a7,Boba Fett’s Helmet,collectible,5.9,2026-10-02 21:04:06
04c1b81f-a6c9-4c57-be41-5f25001cfe44,Epiko Logo - Original,collectible,4.15,2026-10-02 21:04:06
7603c0c6-05e4-4a0e-b243-5045ceb07aa0,Nozzle Eye - Pyroscorch,collectible,19.2,2026-10-02 21:04:06
fc943f7c-7e87-4f6e-b38e-8bc02c6cf7a6,Spider-Man – The Amazing Spider-Man,collectible,59,2026-10-02 22:07:29
30a9f14d-f5ef-4047-bf97-c2b047190f83,1:6 DeLorean Time Machine - Interactive,collectible,6,2026-10-02 22:07:29
a23cccf0-e12e-4856-8877-1629e9313ccf,VeVe Logo Gold Silver v2,collectible,567,2026-10-02 22:07:29
a0c50208-f32c-4e7e-9664-c28555a9f523,Yoda,collectible,64.99,2026-10-02 22:07:29
52c36b99-b76b-4073-bfb7-49628c0ada34,Star Wars Episode IV: A New Hope,collectible,11.5,2026-10-02 22:07:29
05df9412-ca87-4492-8454-81f73a88c171,MOTOMICHI - Eyes,collectible,14.99,2026-10-02 22:07:29
1c16c026-5fee-490f-96e5-919636558b8f,Admiral Ackbar,collectible,40,2026-10-02 22:07:29
d6a2d52f-b2ba-4b15-97e8-b5617118f912,Turtle Catapult,collectible,18.99,2026-10-02 22:07:29
3cbb638b-f450-4bb8-9288-37016cb680d5,Turtle Blimp,collectible,18.99,2026-10-02 22:07:29
8c2a6f95-80eb-47db-9e64-ccebb639d0d7,VeVe Logo White Green,collectible,52,2026-10-02 22:07:29
3cb65b13-935b-465c-b293-828d73cfae4d,“It’s Time To Play” Poster,collectible,16.66,2026-10-02 22:07:29
2387c605-0f0b-4415-ad9d-0901814ee103,Murciélago LP670-4 SV Blu Nova,collectible,23,2026-10-02 22:07:29
20b4a3eb-2580-403c-bbce-ec7805a90f89,Namor,collectible,29.99,2026-10-02 22:07:29
f1efa276-6ab9-4b33-88b0-a49114e5cd04,M.Bison - SF 30th Anniversary,collectible,99.99,2026-10-02 22:07:29
faa51bbb-63ce-4280-91bd-b3573e1293a2,Jackson Storm,collectible,20,2026-10-02 22:07:29
c3c9cf87-6d65-4ad6-8e95-0a32b7bcd9e9,Thanos Copter,collectible,9.2,2026-10-02 22:07:29
94bcc472-9ecb-41f0-b8bf-f5b0b4e85e37,Gambit - Trenchcoat Tactician,collectible,3,2026-10-02 22:07:29
658f1d45-3417-40ec-84f7-054cb8f0d494,Symbiote,collectible,2.25,2026-10-02 22:07:29
193323d3-79fe-4b42-b144-ef1c227aaca1,Death Trooper - E-11D Blaster Rifle,collectible,2.34,2026-10-02 22:07:29
f38d52f8-51fc-4853-88ac-04ddd0b82cc3,E-11D Blaster Carbine,collectible,33.99,2026-10-02 22:07:29
f6e15150-641b-4d8e-b7cc-19027a019d1f,Chris Robots Will Kill - OG,collectible,35,2026-10-02 22:07:29
545f8c91-7a0e-4bd4-83d5-c806fe2d832b,Foam Machine,collectible,7.95,2026-10-02 22:07:29
5a629d81-f499-4da6-bff6-419f1c27e921,Karina,collectible,1.99,2026-10-02 22:07:29
65828683-2a2f-4260-83eb-e86bbfbf11a8,Acrobatic Surfing - Gold,collectible,125,2026-10-02 22:07:29
ab837c48-11e4-4fe9-b99a-0fd17f62e599,Death Trooper - SE-14r Blaster,collectible,1.99,2026-10-02 22:07:29
803276fd-a2de-4532-8607-ae4a769fa5aa,Views of Our Planets - Pane of 16,collectible,12.88,2026-10-02 22:07:29
ceea21a6-2a60-4371-bd86-5249bf0741a7,Boba Fett’s Helmet,collectible,4.55,2026-10-02 22:07:29
46359177-0a0a-4148-aac9-7875a76aaa91,Toph,collectible,3.33,2026-10-02 22:07:29
d324d199-8532-4449-b67b-fdad373da71a,Stormtrooper - Running,collectible,3,2026-10-02 22:07:29
9968a51e-c7ba-4b11-ace9-4ab3f1e7410c,1938 Andrew Jackson,collectible,1.2,2026-10-02 22:07:29
dc1a93ca-1bd8-4465-bd88-d14066e78867,Holiday Elves - Elf with Teddy Bear,collectible,1.17,2026-10-02 22:07:29
74ffff21-4447-4ce3-a62f-610747e8afdf,Snow Globes - Snowman,collectible,2.79,2026-10-02 22:07:29
e075643b-0f54-43dc-b020-755db00e1b3f,Strobe Light Machine,collectible,2.8,2026-10-02 22:07:29
351f7ac8-be07-48d5-9a66-4b2d65982430,Mimban Trooper - Crouching,collectible,6.66,2026-10-02 22:07:29
f6717b76-db8d-48af-bffd-d7016ac4a83d,C-Rank Essence Stone,collectible,1.2,2026-10-02 22:07:29
cb514393-4ab4-4042-afcf-33e6083341ed,Collectors at Heart - Vinyl Pressing,collectible,1.22,2026-10-02 22:07:29
e4be1d9c-8e01-482e-a344-abd21adf9e98,RUNNING MON ver. YETTI,collectible,1.98,2026-10-02 22:07:29
f108a1b1-62eb-473c-88d0-3d340255f4d7,Beach Prank,collectible,1.99,2026-10-02 22:07:29
3433ffd5-0721-4346-b556-8ff18d545c27,Mickey Sorcerer's Hat,collectible,109,2026-10-02 23:10:01
2d319882-cb74-4383-8d91-31ff8fca91c4,Avengers Logo,collectible,59.9,2026-10-02 23:10:01
d63e9844-2204-4dde-82e0-3d5c467ed225,Goofy,collectible,58,2026-10-02 23:10:01
410fd575-30a3-45ab-a87a-7a928971d321,Leonardo - Classic (Special Edition),collectible,2200,2026-10-02 23:10:01
febc44f1-0b23-4c2d-951e-43cd51b034c5,Ernie Special Edition,collectible,1820,2026-10-02 23:10:01
146ac2a6-6813-4a88-a03a-4cc2a90b721d,Michelangelo - Classic (Special Edition),collectible,1799,2026-10-02 23:10:01
4b811efb-8cfa-45be-a85d-7a66848fa075,Borg Cube (1:1),collectible,9.95,2026-10-02 23:10:01
2df46187-6ece-4d9e-bc39-2a492acd6d2a,Be Careful Dory!,collectible,192,2026-10-02 23:10:01
88076df3-4a65-4675-836d-19bc361e0ab5,Failure of Control,collectible,9.99,2026-10-02 23:10:01
d98cd2ce-46f0-46bc-b5ca-72e9737c8a44,E-Rank Hunter - Frame,collectible,699,2026-10-02 23:10:01
fde25c18-f029-423b-a295-07de8a210cf9,1:1 Ecto-1 Static,collectible,5.98,2026-10-02 23:10:01
5c6a7271-9748-42a7-a5ba-77b1d21945bf,Mad Hatter,collectible,16,2026-10-02 23:10:01
358985ca-0e52-4a1b-aeb7-c4e678e65b0d,Matt Murdock - The Vigilant Defender,collectible,7.68,2026-10-02 23:10:01
a5fcf837-0263-44f1-bf85-69453bba219f,Super Armor Hiro,collectible,13.8,2026-10-02 23:10:01
c00630d3-6aaa-412a-a9d3-ffe68fceba5a,Donatello - Classic,collectible,8.99,2026-10-02 23:10:01
56394d27-3c1c-4e57-87a6-3a623cc8a05b,Matt Murdock - Shadow of Daredevil,collectible,133,2026-10-02 23:10:01
d1ca1d95-e3e0-4309-ba6f-e6dcbe94a23c,Disneyland Monorail,collectible,22.22,2026-10-02 23:10:01
b7caf1f1-8199-4ecf-806a-7f7078e01305,Edo Stormtrooper,collectible,14.95,2026-10-02 23:10:01
658f1d45-3417-40ec-84f7-054cb8f0d494,Symbiote,collectible,3.99,2026-10-02 23:10:01
560171d9-021c-4447-9015-2b32714c74f7,X-Men Logo,collectible,9.99,2026-10-02 23:10:01
0c90c49f-d867-47de-991f-d5b5606ffb09,Namor - Phoenix,collectible,9.99,2026-10-02 23:10:01
49308035-554f-46ff-9ed5-21436bfae647,Ms. Lion,collectible,177,2026-10-02 23:10:01
e511e515-5043-4308-bcb5-1b88b647acfe,Slime Mon,collectible,95,2026-10-02 23:10:01
c3c9cf87-6d65-4ad6-8e95-0a32b7bcd9e9,Thanos Copter,collectible,9.95,2026-10-02 23:10:01
812c6266-4451-4144-b285-454bd0c5b73c,Blob Venomized,collectible,7.99,2026-10-02 23:10:01
867dc17b-9dbd-4fe5-818d-d7b02c34f79f,The ADDICTION Silver Logo,collectible,39,2026-10-02 23:10:01
faa51bbb-63ce-4280-91bd-b3573e1293a2,Jackson Storm,collectible,17.7,2026-10-02 23:10:01
f578773f-012f-48b5-9156-117545e39739,Black Widow Nesting Doll,collectible,24.99,2026-10-02 23:10:01
92635283-99b4-4597-ba69-01e39ccba334,Master Splinter - Father Figure,collectible,4,2026-10-02 23:10:01
46359177-0a0a-4148-aac9-7875a76aaa91,Toph,collectible,5,2026-10-02 23:10:01
545f8c91-7a0e-4bd4-83d5-c806fe2d832b,Foam Machine,collectible,6.98,2026-10-02 23:10:01
d23fe8eb-7882-40fc-8e4d-16a0f81e1847,B-Rank Essence Stone,collectible,4.75,2026-10-02 23:10:01
2ab60547-aaf6-4120-828d-cc6372ac3335,Sewer Manhole - Silver,collectible,2.7,2026-10-02 23:10:01
53ff9a39-afb8-4a2e-b9de-516d6ea965d5,Laser Beam Machine,collectible,3.99,2026-10-02 23:10:01
b87927b2-6ad2-43ee-ae88-cfd7a2668e15,Bubble Machine,collectible,3.8,2026-10-02 23:10:01
e075643b-0f54-43dc-b020-755db00e1b3f,Strobe Light Machine,collectible,3.66,2026-10-02 23:10:01
8c448663-6552-41cf-8490-1a8c073c38bb,Confetti Machine,collectible,3.5,2026-10-02 23:10:01
4f41756b-fc06-49d4-89de-27a6a27bed12,IG-11 - Assassin Droid,collectible,250000,2026-10-03 00:13:25
3433ffd5-0721-4346-b556-8ff18d545c27,Mickey Sorcerer's Hat,collectible,99,2026-10-03 00:13:25
0a50c1f6-4aba-4de7-99bb-9fe80a1aa605,VeVe Logo White Orange,collectible,32,2026-10-03 00:13:25
3b91288b-a6ef-475d-8196-e206395749c6,Neapolitan Ting,collectible,32,2026-10-03 00:13:25
aa3fbafe-4671-4b33-86dc-7e0556e33abf,Skating Rabbid,collectible,24.29,2026-10-03 00:13:25
658f1d45-3417-40ec-84f7-054cb8f0d494,Symbiote,collectible,2.48,2026-10-03 00:13:25
94bcc472-9ecb-41f0-b8bf-f5b0b4e85e37,Gambit - Trenchcoat Tactician,collectible,2.5,2026-10-03 00:13:25
1bacdd79-a711-4a24-9bfa-c0927e871e9a,Chris Robots Will Kill - SUYE Special Sky Blue,collectible,33,2026-10-03 00:13:25
5a629d81-f499-4da6-bff6-419f1c27e921,Karina,collectible,1.9,2026-10-03 00:13:25
450206ba-7c6b-46a3-8d48-9f24b64b7aed,Falling,collectible,80,2026-10-03 00:13:25
30341e3d-3fd2-49bc-b52e-cb539458aee5,LUV,collectible,15,2026-10-03 00:13:25
a709645b-62df-490d-b74a-16a90c358d50,Master Splinter - Combat Training,collectible,13.5,2026-10-03 00:13:25
d23fe8eb-7882-40fc-8e4d-16a0f81e1847,B-Rank Essence Stone,collectible,3.99,2026-10-03 00:13:25
3780bad9-f648-46a8-966e-ddfd205f1b93,Matt Murdock - Nightly Defender,collectible,17,2026-10-03 00:13:25
d37184af-298d-4b47-ae13-819fb234b80d,Episode 12 - Arise,collectible,1.8,2026-10-03 00:13:25
3433ffd5-0721-4346-b556-8ff18d545c27,Mickey Sorcerer's Hat,collectible,89,2026-10-03 03:20:59
11f2b172-e206-4644-8256-e51fd7298af2,Winnie the Pooh and Piglet,collectible,22.5,2026-10-03 03:20:59
a642596a-72cb-4e46-97ce-2f2798a3412a,Cogsworth and Lumiere,collectible,27.5,2026-10-03 03:20:59
6a242455-9dc8-4bcf-a64b-308744f0a75f,Lunar Robot (2020),collectible,450,2026-10-03 03:20:59
4dc2db11-350d-4c3b-82c9-84fbcaa9d138,Timon and Pumbaa,collectible,19,2026-10-03 03:20:59
bc0f680a-595a-4a36-8f10-0d325fb28e76,ROSÉ - Top of the World,collectible,1500,2026-10-03 03:20:59
1922070e-f955-48ff-b79d-99eb9181759d,Ultraman,collectible,13,2026-10-03 03:20:59
c01b071c-962a-48d4-9a6a-9a5e73d40abd,Obi-Wan Kenobi,collectible,29.99,2026-10-03 03:20:59
c844b748-f9f8-41d4-98c1-ed3178f379ba,Donald Duck,collectible,12,2026-10-03 03:20:59
3a24545f-3e4d-45d7-916f-817a50c7f1b2,No Time To Die  - Triumph Motorcycle,collectible,12.99,2026-10-03 03:20:59
664706f5-0d2b-456f-94e7-e32b97a4f2dd,The Finale,collectible,16.5,2026-10-03 03:20:59
590afe3a-120d-4ff3-a983-0213765d6e45,GNK Power Droid,collectible,125,2026-10-03 03:20:59
28669aff-cb86-421e-a2c7-1cc4f6bd4e89,Sentinel - Purple,collectible,799,2026-10-03 03:20:59
60098b95-0c1d-46f7-95ec-efdbe875bf7a,The Batman Who Laughs,collectible,32,2026-10-03 03:20:59
ca048ce7-e56d-48ba-b1ed-fe3aba790176,ZOFFY,collectible,19.75,2026-10-03 03:20:59
17e0ad50-e443-46f9-9016-0f79c5753a7a,Kaiju Tokigold,collectible,148,2026-10-03 03:20:59
1969839e-04bc-4433-801f-3a2007e410f4,You'll find that I’m full of surprises,collectible,17.99,2026-10-03 03:20:59
4804e172-42a2-419f-b1f0-431ece52c00a,Deadpool – Ugly Sweater Party,collectible,4,2026-10-03 03:20:59
6a42790c-8c28-43a3-8f73-6e17f3d50eb0,Crimson Stormtrooper,collectible,8.95,2026-10-03 03:20:59
87421638-1cf2-4b7f-878e-5258796a5a4f,Manitoban,collectible,109.99,2026-10-03 03:20:59
488697cf-fc29-478a-807b-99795f740790,Bucky Barnes,collectible,4.75,2026-10-03 03:20:59
8b6f7901-07e9-40a7-ad50-2c95929f134d,#77 Jason Fabok Batman,collectible,9,2026-10-03 03:20:59
373c4df1-35cf-4ff3-9da7-76686bbcec40,The Queen: Want a Bite?,collectible,5,2026-10-03 03:20:59
d1ca1d95-e3e0-4309-ba6f-e6dcbe94a23c,Disneyland Monorail,collectible,34.99,2026-10-03 03:20:59
a6161136-c31e-4b73-ac98-1ec9a9f188c1,Supergirl,collectible,5,2026-10-03 03:20:59
0459f991-814c-4e82-9d42-2210578b1de1,Queen of Hearts: Not Impressed,collectible,3.3,2026-10-03 03:20:59
5da277e1-31b3-4d38-8ae4-6a1edc188a12,Lady Deadpool,collectible,2.46,2026-10-03 03:20:59
6c2e0c21-ecec-421d-a15c-6e1e18923f67,M.O.D.O.K.,collectible,13.45,2026-10-03 03:20:59
7bd8b0f4-586b-4874-acc6-e45066ac3068,Crimson Stormtrooper - Leading the Charge,collectible,125,2026-10-03 03:20:59
e3bba042-ef5c-495c-ab9c-d55a87db8479,‍‍Mimban Trooper - Leading the Charge,collectible,125,2026-10-03 03:20:59
f4bc0c5c-c12e-41c9-8062-f33011a17ef8,Light Stick,collectible,88,2026-10-03 03:20:59
916a3f70-ea93-468a-bd64-9c1db9200111,Janet Van Dyne,collectible,10.85,2026-10-03 03:20:59
6a98d6cf-b421-4277-b1a0-6a6ae84ef636,Jafar: Feeling Like Royalty,collectible,4,2026-10-03 03:20:59
cbe61eb0-01cd-4e7b-a23d-4950bd6e1855,Riri Williams,collectible,8.47,2026-10-03 03:20:59
e8af31a7-9403-4a31-89a5-65570fcb814b,Altar - Becoming a Player,collectible,9.4,2026-10-03 03:20:59
5a629d81-f499-4da6-bff6-419f1c27e921,Karina,collectible,3.97,2026-10-03 03:20:59
0117f97c-9fe1-4735-b850-47dcb0b44d44,Rogue - Legacy Heroine,collectible,34.95,2026-10-03 03:20:59
5763e59f-3bcb-4a5d-b391-afd2476d94ef,Snickering Toby,collectible,4,2026-10-03 03:20:59
97f60a30-aa00-4f48-9978-fbd8e1567f15,The Golden,collectible,222,2026-10-03 03:20:59
59b92dd6-4633-4da0-9d28-fa5349107513,Hank Pym,collectible,4,2026-10-03 03:20:59
09bfcac2-3930-4191-ae89-8aad25d47f69,Nakia,collectible,3.93,2026-10-03 03:20:59
3ecd1c9c-dd05-4e9e-80b9-7b8574a095bb,Mickey & Friends Logo,collectible,6.5,2026-10-03 03:20:59
293b3939-c579-4b4c-83fd-1f8ddfa91357,Okoye,collectible,3.9,2026-10-03 03:20:59
c6199052-036f-4dff-a5df-41601754adf6,Queen Ramonda,collectible,2.95,2026-10-03 03:20:59
e4c90141-36fe-4811-bc64-eb8dbcb3048c,M’Baku,collectible,2.84,2026-10-03 03:20:59
fe41c4ee-59ac-421f-8919-4e119eb29825,Holiday Elves - Elf with Model Rocket,collectible,2.92,2026-10-03 03:20:59
9638e03e-7510-4309-85cd-866447fa88d8,1938 James Monroe,collectible,6,2026-10-03 03:20:59
b8e9332e-cd45-45a2-9638-7fb3783b835e,Butterfly - Gray,collectible,118,2026-10-03 03:20:59
49ebb3bc-9ac4-43cd-a734-5aee8c6d67ef,Earth Day - Stamp,collectible,1.75,2026-10-03 03:20:59
ab837c48-11e4-4fe9-b99a-0fd17f62e599,Death Trooper - SE-14r Blaster,collectible,2.1,2026-10-03 03:20:59
b08d08d6-7b80-4d13-acc4-816a97474a5c,Cassie,collectible,2.95,2026-10-03 03:20:59
90b09859-6fa5-4fbf-beb9-cd8b19187dad,E-Rank Essence Stone,collectible,2.22,2026-10-03 03:20:59
ca3678e8-3ed8-4db0-ac03-da39f94d2c99,Turtle,collectible,4,2026-10-03 03:20:59
6ea861be-16f5-4832-a6ec-da215c4fe3b6,Mutagen,collectible,4,2026-10-03 03:20:59
158cf956-dbe3-48f4-9d41-68fa97acf97e,Kaiju Tokimon,collectible,2.82,2026-10-03 03:20:59
1bacdd79-a711-4a24-9bfa-c0927e871e9a,Chris Robots Will Kill - SUYE Special Sky Blue,collectible,26,2026-10-03 03:20:59
a18440b9-4f7e-4136-986a-c8801a8b981b,VeVe Christmas Tree - Platinum,collectible,2.99,2026-10-03 03:20:59
4836f896-a3b1-4539-a79f-1b0a26bd5a25,Rat,collectible,2.98,2026-10-03 03:20:59
c646e937-7af9-4243-9e49-ee5e8452e3c5,Snow Globes - Reindeer,collectible,3.99,2026-10-03 03:20:59
98bbca6f-42b0-4694-a886-12589444fc5d,Graffi ver. Navy,collectible,9.95,2026-10-03 03:20:59
a9575350-52cf-43fd-bc15-59b7ef769835,$2.30 Family Stamp,collectible,3.98,2026-10-03 03:20:59
87d9b23d-cb71-468f-a8bf-020b1899321d,WHAM! - Gold,collectible,65,2026-10-03 03:20:59
04c1b81f-a6c9-4c57-be41-5f25001cfe44,Epiko Logo - Original,collectible,4.75,2026-10-03 03:20:59
53ff9a39-afb8-4a2e-b9de-516d6ea965d5,Laser Beam Machine,collectible,2.99,2026-10-03 03:20:59
fec6128b-b0f8-4f18-9077-1f63aad3bc3c,Beach Prank - Gold,collectible,51,2026-10-03 03:20:59
95b86201-ed47-471f-ada2-4e053041379b,Partners Statue,collectible,1990,2026-10-03 04:23:52
6b921b0c-6764-4e2f-afd8-75deb784e77e,AT-AT - March of the Empire,collectible,18.95,2026-10-03 04:23:52
7bd8b0f4-586b-4874-acc6-e45066ac3068,Crimson Stormtrooper - Leading the Charge,collectible,110,2026-10-03 04:23:52
e3bba042-ef5c-495c-ab9c-d55a87db8479,‍‍Mimban Trooper - Leading the Charge,collectible,110,2026-10-03 04:23:52
2b48b395-615a-4af3-a2c8-5cf88d7010c1,Death Trooper Pistol - Crouching,collectible,19.99,2026-10-03 04:23:52
3a104aa7-b5ba-4bd1-8197-dd402dbd46bf,Night Trooper,collectible,2,2026-10-03 04:23:52
8c448663-6552-41cf-8490-1a8c073c38bb,Confetti Machine,collectible,4.5,2026-10-03 04:23:52
53ff9a39-afb8-4a2e-b9de-516d6ea965d5,Laser Beam Machine,collectible,3.99,2026-10-03 04:23:52
e075643b-0f54-43dc-b020-755db00e1b3f,Strobe Light Machine,collectible,3.88,2026-10-03 04:23:52
73255fe7-c9e7-489a-a3bd-547b9b87a8a5,Ash,collectible,3.4,2026-10-03 04:23:52
3433ffd5-0721-4346-b556-8ff18d545c27,Mickey Sorcerer's Hat,collectible,109,2026-10-03 05:32:59
96c9e719-1bc1-4976-9061-c7025ed37049,MYO - OG Gold/Silver,collectible,325,2026-10-03 05:32:59
fc78ca94-4db6-40bb-841c-92f516444be6,Aang - Spirit World,collectible,579,2026-10-03 05:32:59
349a1c81-d340-4f3f-a7f3-2890a92ae4bd,Technodrome,collectible,26.5,2026-10-03 05:32:59
6b921b0c-6764-4e2f-afd8-75deb784e77e,AT-AT - March of the Empire,collectible,22.95,2026-10-03 05:32:59
d605b979-df6b-43fb-a3be-9103dbd33baa,Addams Family Portrait,collectible,75,2026-10-03 05:32:59
75c89ca4-c8fa-44b1-bc4c-e68a3d0c8d0a,Creepshow Coffin - Vol. 3 Issue 2,collectible,100,2026-10-03 05:32:59
714686f5-ea2a-41ae-b2c5-b09b79ea69b2,UCI Italy Blue and Beta,collectible,85,2026-10-03 05:32:59
09ccc7cb-b9f1-40be-9860-79138b01230c,Cookie Monster,collectible,8,2026-10-03 05:32:59
d3c57055-e2cd-41df-a10d-c6c980cd3521,Supernova,collectible,31,2026-10-03 05:32:59
a494f556-ebcd-4252-b4ec-ccd52c331c5c,Mickey,collectible,19.5,2026-10-03 05:32:59
aed2b798-00f4-46ec-a8c3-9141aad256db,Aurora and Maleficent,collectible,111,2026-10-03 05:32:59
b5c014a8-3ab8-41a5-95e9-ead8e63896d1,Die Another Day - UK Quad,collectible,27,2026-10-03 05:32:59
c5455728-47da-4870-855f-53f1e4992f23,Rogue & Gambit - Kinetic Kiss (Animated),collectible,85,2026-10-03 05:32:59
658f1d45-3417-40ec-84f7-054cb8f0d494,Symbiote,collectible,3.99,2026-10-03 05:32:59
595f497d-4d6f-4f58-a19e-ce5dcb942696,Ironheart - Riri Williams,collectible,9,2026-10-03 05:32:59
92635283-99b4-4597-ba69-01e39ccba334,Master Splinter - Father Figure,collectible,3.5,2026-10-03 05:32:59
0bb3e894-aaec-417b-9038-9c87e0a99200,Forever,collectible,30,2026-10-03 05:32:59
1915a00c-506e-4cd7-a346-948898bb22c4,Sun,collectible,25.99,2026-10-03 05:32:59
7ed317cf-5b82-47fa-94ca-69d85591d1e8,Hapjeong Dungeon Key,collectible,7.5,2026-10-03 05:32:59
0e9168df-d75e-49ae-a658-eae7d4d9804c,Cinderella and Lady Tremaine,collectible,14,2026-10-03 05:32:59
47a56835-3d0e-44c8-b636-987bf484f9c2,Romulan - Bird of Prey,collectible,23.8,2026-10-03 05:32:59
f6c0f08f-a0e9-455b-9008-13dc70abcfba,Vana,collectible,13.5,2026-10-03 05:32:59
12d7ac8b-dad2-48a4-930f-5abc5399b121,Boy (Color),collectible,250,2026-10-03 05:32:59
af36d0b7-21fc-404d-a6ea-6b5676c9ba30,Hoodie,collectible,11.5,2026-10-03 05:32:59
d422752a-51cf-40da-82a1-257f817eed43,HiKR,collectible,10.5,2026-10-03 05:32:59
fccfc777-cc16-4a36-b063-8258d6e69ffe,Boy,collectible,10.5,2026-10-03 05:32:59
4d4ed906-c93a-41ff-b890-cb202250bc01,Sea Warrior Special Edition,collectible,4000,2026-10-03 07:37:15
38436d43-e32c-4579-bf55-724800587a9d,ROSÉ Pink Venom 3,collectible,2500,2026-10-03 07:37:15
1a408aac-5fa7-4995-8244-c45fc1026f89,Marceline,collectible,95,2026-10-03 07:37:15
3d38c822-050f-42bf-a382-f209819911e4,Deadpool – Deck The Halls,collectible,2.65,2026-10-03 07:37:15
4804e172-42a2-419f-b1f0-431ece52c00a,Deadpool – Ugly Sweater Party,collectible,2.65,2026-10-03 07:37:15
c9622670-7b4c-4caa-a31c-f0b3ba45086a,Beskar Ingots,collectible,96,2026-10-03 07:37:15
3a104aa7-b5ba-4bd1-8197-dd402dbd46bf,Night Trooper,collectible,6,2026-10-03 07:37:15
c68e2b7a-e05c-477a-a6c6-14634812a7e3,Little Friends Silver,collectible,26.69,2026-10-03 07:37:15
9e399a2c-e51f-49ed-a1d3-16569550c967,Ultraman - Silent Guardian,collectible,9,2026-10-03 07:37:15
7a50712b-8a87-4d4c-9e0b-90e23cfd7441,Night Trooper Exposed,collectible,3.5,2026-10-03 07:37:15
fcaf92c1-1f34-4042-87ee-b5cc02345977,Chris Robots Will Kill - Landscape,collectible,33,2026-10-03 07:37:15
f6e15150-641b-4d8e-b7cc-19027a019d1f,Chris Robots Will Kill - OG,collectible,33,2026-10-03 07:37:15
1bacdd79-a711-4a24-9bfa-c0927e871e9a,Chris Robots Will Kill - SUYE Special Sky Blue,collectible,25,2026-10-03 07:37:15
7dba3b40-2198-4e9a-92dc-4f4874c30e39,Night Trooper - Unleashed,collectible,17.99,2026-10-03 07:37:15
30700600-f3ad-4f78-a775-c84e7b056abe,Graffi ver. Green,collectible,9.9,2026-10-03 07:37:15
fec6128b-b0f8-4f18-9077-1f63aad3bc3c,Beach Prank - Gold,collectible,39.99,2026-10-03 07:37:15
2db7508c-bd14-4598-b6e3-108619c46c80,Ghostbusters I Logo,collectible,199.99,2026-10-03 08:39:31
800bbeeb-bae9-43a4-96fd-ba42af86e14c,#61 Dick Sprang The Joker,collectible,34,2026-10-03 08:39:31
2dc769f6-356f-4001-b568-8e7dcdbf624b,Mister Fantastic,collectible,2.97,2026-10-03 08:39:31
f589326d-40d9-473f-be16-2686a0beeae6,Captain Carter - On Guard,collectible,3,2026-10-03 08:39:31
4a8e584e-4cd0-47e8-8954-af74c52d90fe,Invisible Woman,collectible,3.28,2026-10-03 08:39:31
21a011ac-f110-44c6-9465-600be0d281ad,Time to Remember,collectible,29.99,2026-10-03 08:39:31
3d38c822-050f-42bf-a382-f209819911e4,Deadpool – Deck The Halls,collectible,2.5,2026-10-03 08:39:31
455c863a-8802-447c-a952-24462371b732,Big Trouble (Original Colourway),collectible,44,2026-10-03 08:39:31
4804e172-42a2-419f-b1f0-431ece52c00a,Deadpool – Ugly Sweater Party,collectible,2.73,2026-10-03 08:39:31
beebd4fa-865f-4397-9034-95548858a0ca,Sakura - Nostalgia,collectible,125,2026-10-03 08:39:31
0ae0b47d-0ad6-4665-82db-bc5f0b80de67,John F. Walker - Action,collectible,14.98,2026-10-03 08:39:31
098e02b8-7372-4766-96f5-ca5a156a0914,Love: Brushstrokes (1985),collectible,45,2026-10-03 08:39:31
ecbded26-e0d3-4641-9fd7-248a8837f5be,Elsa Bloodstone,collectible,37.89,2026-10-03 08:39:31
1e03369f-9703-4790-a441-23c894baf56d,1938 James K. Polk,collectible,5.95,2026-10-03 08:39:31
c5ec6386-9376-404d-829e-c316e1b0d6e0,Spooky Silhouettes - Spider,collectible,6,2026-10-03 08:39:31
293b3939-c579-4b4c-83fd-1f8ddfa91357,Okoye,collectible,3.85,2026-10-03 08:39:31
484dde9a-1cf6-441d-afd8-896155686657,AT-AT,collectible,19,2026-10-03 08:39:31
545f8c91-7a0e-4bd4-83d5-c806fe2d832b,Foam Machine,collectible,6.97,2026-10-03 08:39:31
4737dfaf-a202-411c-998c-42f98010247b,Fuel Drum Stack,collectible,10,2026-10-03 08:39:31
288b12b5-89ed-4fa0-83cd-ec757334d4dc,Record #1 - Frankenstein - Original,collectible,3.9,2026-10-03 08:39:31
295ead7b-e20b-45e6-88e1-f280e55faf07,FDP Tower,collectible,20,2026-10-03 08:39:31
cb5a1381-302f-414d-adcd-0d8e6aeebc52,Battery Box,collectible,6.9,2026-10-03 08:39:31
f216c114-f12c-4c32-a2af-0c8632206274,Single 2s 'Milford Sound' gummed stamp,collectible,2.69,2026-10-03 08:39:31
98bbca6f-42b0-4694-a886-12589444fc5d,Graffi ver. Navy,collectible,9,2026-10-03 08:39:31
81cb0032-6589-41e2-ad05-f12815a5fba9,David - Golden Path,collectible,4.4,2026-10-03 08:39:31
41505b27-6b61-4951-835f-d8976df8fcbf,Spider-Man 2099,collectible,299.99,2026-10-03 09:43:39
86a1c74b-4fff-4729-9cf9-57d92f29e053,Steve Rogers,collectible,5.99,2026-10-03 09:43:39
b94e5d49-35f0-4bdc-9e41-d5c484df5ae7,Catwoman,collectible,10,2026-10-03 09:43:39
3facefe2-427f-48ec-a954-e5892b8c3b20,Yoda - Focus,collectible,81.94,2026-10-03 09:43:39
b33280f4-4d16-49ed-9787-581eee052e2f,Astro,collectible,14.99,2026-10-03 09:43:39
c62142c0-cf6b-4d96-92dd-ad0140ab0a41,Miles Morales,collectible,14.95,2026-10-03 09:43:39
20b4a3eb-2580-403c-bbce-ec7805a90f89,Namor,collectible,34.99,2026-10-03 09:43:39
590afe3a-120d-4ff3-a983-0213765d6e45,GNK Power Droid,collectible,39.99,2026-10-03 09:43:39
5afd3b4c-4249-4701-b4aa-cd492d804f82,Santa and His Reindeer,collectible,4.38,2026-10-03 09:43:39
1493be21-b998-47d5-af3b-9c7508e42379,Bashful Minnie,collectible,29,2026-10-03 09:43:39
e151b717-14fd-4937-8a37-c9b24f9c5466,X-Men Deadpool,collectible,2.77,2026-10-03 09:43:39
55b3451d-c845-4c98-80b8-28d92c5f8231,1938 Martin Van Buren,collectible,2.99,2026-10-03 09:43:39
531922ce-7c82-43dc-8ef2-dce25d31fb43,Arishem the Judge,collectible,5.8,2026-10-03 09:43:39
acc96b30-b800-4537-b5ca-56586fc091ef,Single 9d 'Pink Terraces' gummed stamp,collectible,9.38,2026-10-03 09:43:39
90b09859-6fa5-4fbf-beb9-cd8b19187dad,E-Rank Essence Stone,collectible,1.99,2026-10-03 09:43:39
56d5409c-3c30-40ba-888e-2987749734c1,Record #8 - Duck Luck - Gold,collectible,6.4,2026-10-03 09:43:39
d90a73fb-fcef-4c6c-bf36-acfe1f371cf5,Record #3 - Ascension - Original,collectible,1.6,2026-10-03 09:43:39
2db7508c-bd14-4598-b6e3-108619c46c80,Ghostbusters I Logo,collectible,150,2026-10-03 10:45:25
de47a00b-94ce-4df2-ae57-e9f850b2206c,LISA Gold/Silver,collectible,213,2026-10-03 10:45:25
3facefe2-427f-48ec-a954-e5892b8c3b20,Yoda - Focus,collectible,81.9,2026-10-03 10:45:25
f56c9594-2b98-4fa7-9617-3b0a884a6c32,The Rise of Ultraman #1 - Yuji Kaida,collectible,7,2026-10-03 10:45:25
f6717b76-db8d-48af-bffd-d7016ac4a83d,C-Rank Essence Stone,collectible,1.25,2026-10-03 10:45:25
4fb9f223-9324-4464-a674-bb275dd57e4e,MYO VeVe Exclusive Art Edition,collectible,2100,2026-10-03 11:47:26
4804e172-42a2-419f-b1f0-431ece52c00a,Deadpool – Ugly Sweater Party,collectible,2.7,2026-10-03 11:47:26
d72e96d5-43e1-454e-b447-05b2c67b30d4,Felix – Bright Within,collectible,11,2026-10-03 11:47:26
545f8c91-7a0e-4bd4-83d5-c806fe2d832b,Foam Machine,collectible,7.95,2026-10-03 11:47:26
25a1e0e2-8ab2-46ff-9351-4beeaa4d3985,Pastel,collectible,6.86,2026-10-03 11:47:26
1bacdd79-a711-4a24-9bfa-c0927e871e9a,Chris Robots Will Kill - SUYE Special Sky Blue,collectible,22,2026-10-03 11:47:26
2574a367-7ea1-4f57-be52-f226c2ed6e70,#89 Batman,collectible,9.79,2026-10-03 13:53:12
de9963c9-bf18-4b0c-bb4a-6646b116ef47,Rafael Grampá Batman,collectible,32,2026-10-03 13:53:12
a0c50208-f32c-4e7e-9664-c28555a9f523,Yoda,collectible,59.99,2026-10-03 13:53:12
800bbeeb-bae9-43a4-96fd-ba42af86e14c,#61 Dick Sprang The Joker,collectible,32,2026-10-03 13:53:12
488697cf-fc29-478a-807b-99795f740790,Bucky Barnes,collectible,4.8,2026-10-03 13:53:12
51e601a8-e50b-4f2f-95a3-3b11ae49b4de,OG Devil Bunny - Gold,collectible,18.95,2026-10-03 13:53:12
3164f5e3-044d-477d-8022-0a99dead294d,Leonardo - Classic,collectible,16,2026-10-03 13:53:12
f510df1a-7aec-47fe-8125-d9871701c550,Reva,collectible,39,2026-10-03 13:53:12
f37c5bb1-5803-49d1-b4ef-3e6958c031fb,Hunk - Yellow Lion,collectible,49,2026-10-03 13:53:12
e1743ae5-27f8-4e49-975d-88b0d9674711,Toothy,collectible,9.5,2026-10-03 13:53:12
88ac49f8-6433-4852-8702-53063cf644bb,AMC Dilophosaurus,collectible,4.5,2026-10-03 13:53:12
6f9120a4-09ea-4106-a855-d8565f33dfbf,1938 James Madison,collectible,3.7,2026-10-03 13:53:12
53ffd4dc-2ac7-4c1f-bca1-78c4316201a0,Rogue - X-Treme Force,collectible,30,2026-10-03 13:53:12
5b5d3631-b478-4db9-a18c-e79dd98c17a9,Phase 1 Ting - Sket One,collectible,8.63,2026-10-03 13:53:12
f6c0f08f-a0e9-455b-9008-13dc70abcfba,Vana,collectible,15.99,2026-10-03 13:53:12
1bacdd79-a711-4a24-9bfa-c0927e871e9a,Chris Robots Will Kill - SUYE Special Sky Blue,collectible,25,2026-10-03 13:53:12
9c3d7ce4-b2cf-42cb-9c61-af108f145068,Matt Murdock - The Daredevil's Focus,collectible,16.5,2026-10-03 13:53:12
e12e243b-e88f-4622-b0da-599c54385255,ZAP! - Gold,collectible,40,2026-10-03 13:53:12
ee27ac13-2e51-4cda-925f-595060735022,ECOMI Logo Red Silver,collectible,2222,2026-10-03 14:55:14
d40158c7-c456-4377-980a-9c5cc6f99bc1,Ryu,collectible,299,2026-10-03 14:55:14
acf1aae9-f70c-4782-830d-71cb124fb808,Batman vs. Killer Croc,collectible,39,2026-10-03 14:55:14
f0202819-babc-4ccf-9eed-baf2d80c5b9a,Coca-Cola Vending Machine (1970s),collectible,699,2026-10-03 14:55:14
95ea8d6d-886d-4c3c-b171-82d23310d2bf,Woody: Hey Howdy Hey!,collectible,10,2026-10-03 14:55:14
101b30a5-9ace-4261-b419-fc3e0518e384,Human Torch - Flame On,collectible,207.9,2026-10-03 14:55:14
31586ead-75c1-49b0-b315-1d95f3928583,Magnolia,collectible,5000,2026-10-03 14:55:14
069acda0-d0af-47fe-b9b8-258498de1e95,Star Wars: Episode V The Empire Strikes Back - Master Yoda,collectible,33,2026-10-03 14:55:14
0433455f-ebd3-447d-bb00-347564d5f6a4,Guile Story,collectible,142,2026-10-03 14:55:14
f86eb938-23d5-4f18-9a3d-fd8978d2ebce,CRYSTAL LORD - Tristan Eaton,collectible,92.5,2026-10-03 14:55:14
595f497d-4d6f-4f58-a19e-ce5dcb942696,Ironheart - Riri Williams,collectible,10,2026-10-03 14:55:14
7010ff0b-16e0-4dc6-a2d7-f969e78c5176,Year of the Tiger,collectible,1.08,2026-10-03 14:55:14
30341e3d-3fd2-49bc-b52e-cb539458aee5,LUV,collectible,15,2026-10-03 14:55:14
9d513380-78fc-4291-9f4b-e7ac0486e746,Snowman,collectible,11,2026-10-03 14:55:14
2e31455d-8c38-405d-b2f6-50b2e5d27ea0,Iron Man,collectible,78.95,2026-10-03 18:03:12
1b480348-4216-4a9b-a6df-d01402723123,OG Devil Bunny - Color,collectible,375,2026-10-03 18:03:12
ebf0810d-353d-49d2-9fd8-032aaae61f6a,Magic Lamp from Aladdin,collectible,15.9,2026-10-03 18:03:12
ae9b4b16-bc4e-4457-9c69-a3306c976ed7,Supergirl,collectible,39.9,2026-10-03 18:03:12
af494590-5225-4a94-b610-eb9ee550da94,Brian Rood Variant,collectible,333,2026-10-03 18:03:12
b4dab570-ab46-4f42-bd42-3a8d3737dbcd,Franken Fat,collectible,29.99,2026-10-03 18:03:12
d40158c7-c456-4377-980a-9c5cc6f99bc1,Ryu,collectible,60,2026-10-03 18:03:12
10617c75-f9d0-48cb-b164-fe5b192e8cae,Beta Ray Bill,collectible,69,2026-10-03 18:03:12
aedde9a9-f444-40f5-b1db-0199f84e5c3f,Minnie Mouse,collectible,6.49,2026-10-03 18:03:12
3cbb638b-f450-4bb8-9288-37016cb680d5,Turtle Blimp,collectible,18.99,2026-10-03 18:03:12
270dc2b6-b609-42e9-b074-7a3afc4c821a,Cthulhu Idol - Gold,collectible,25,2026-10-03 18:03:12
722b09ee-0fc7-4ee4-99ca-08cc05eb0852,Party Wagon,collectible,14.9,2026-10-03 18:03:12
17e0ad50-e443-46f9-9016-0f79c5753a7a,Kaiju Tokigold,collectible,89,2026-10-03 18:03:12
0e356311-25da-401b-a2aa-cf451305175d,Shiro - Black Lion,collectible,35,2026-10-03 18:03:12
b8a474b2-e594-484a-a0f5-59f26ebdab97,Bunny Blossom,collectible,33,2026-10-03 18:03:12
d94de475-51bb-4c41-8adf-f259e1cd5fdb,Emcee Claws,collectible,299,2026-10-03 18:03:12
e70c5b5f-24c2-4a21-9b33-3108dc9b9433,Log,collectible,327.87,2026-10-03 18:03:12
9ef89b68-dba0-4ecf-933b-b04cb70cf87a,Scepter,collectible,11.99,2026-10-03 18:03:12
3b91288b-a6ef-475d-8196-e206395749c6,Neapolitan Ting,collectible,25,2026-10-03 18:03:12
b425e7fc-da87-429b-9799-430993490103,The Aquatic Double Can,collectible,250,2026-10-03 18:03:12
7a11cc10-fff8-41b7-8f22-2e6f5552736d,The Little Prince on the Moon,collectible,5.98,2026-10-03 18:03:12
e913c1f9-9578-4077-b90b-94b0b0cde315,The Golden Lad,collectible,245,2026-10-03 18:03:12
40dd129c-df8b-4d97-89df-98cc9fa00f7d,Creeping DERO (Shadow) - Jermaine Rogers,collectible,29.99,2026-10-03 18:03:12
8a23cfee-33f5-4a13-8cff-504d63681262,Trilad,collectible,19.99,2026-10-03 18:03:12
d6ea47b8-091b-4355-8ff1-a076eb34b8af,Nina Palomba - Howdy Hub,collectible,16.66,2026-10-03 18:03:12
49f3c491-5c0e-4976-bef3-076a16e0e54b,Jason Naylor - OPN Heart ANIMATED,collectible,38.99,2026-10-03 18:03:12
0f73e72f-8bc1-48c4-8b70-4e9b4e372003,Namor - Saga of the Sub-Mariner 1988,collectible,29.9,2026-10-03 18:03:12
fec6128b-b0f8-4f18-9077-1f63aad3bc3c,Beach Prank - Gold,collectible,200,2026-10-03 18:03:12
d96aceeb-b519-44a1-86d4-af0735a092bf,The Endoplasmic ButterflyFeesh,collectible,49.69,2026-10-03 18:03:12
97f60a30-aa00-4f48-9978-fbd8e1567f15,The Golden,collectible,150,2026-10-03 18:03:12
545f8c91-7a0e-4bd4-83d5-c806fe2d832b,Foam Machine,collectible,7.18,2026-10-03 18:03:12
fcaf92c1-1f34-4042-87ee-b5cc02345977,Chris Robots Will Kill - Landscape,collectible,29.99,2026-10-03 18:03:12
f6e15150-641b-4d8e-b7cc-19027a019d1f,Chris Robots Will Kill - OG,collectible,29.99,2026-10-03 18:03:12
1bacdd79-a711-4a24-9bfa-c0927e871e9a,Chris Robots Will Kill - SUYE Special Sky Blue,collectible,29.99,2026-10-03 18:03:12
daf4feec-b2f7-4489-84a3-8bf4de83d9d2,Nose Goblins,collectible,4,2026-10-03 18:03:12
3a104aa7-b5ba-4bd1-8197-dd402dbd46bf,Night Trooper,collectible,1.75,2026-10-03 18:03:12
38bc4ba4-ed87-425a-8fef-2e5cd436a0a5,ILLAZILLAZ (Metal Element) - TNES,collectible,9.95,2026-10-03 18:03:12
600c13fe-cdf4-4958-9828-61a97da4cac6,Usagi (Cosmic Multicolor),collectible,30,2026-10-03 18:03:12
8424b8e4-01ad-4c77-b816-d728bc74b647,Bowling,collectible,8.5,2026-10-03 18:03:12
d37184af-298d-4b47-ae13-819fb234b80d,Episode 12 - Arise,collectible,1.66,2026-10-03 18:03:12
22434091-c9c0-4ed8-b2f5-d9b591efb60e,Foster - Blue Metallic,collectible,20,2026-10-03 18:03:12
2574a367-7ea1-4f57-be52-f226c2ed6e70,#89 Batman,collectible,9.75,2026-10-03 19:04:22
dfce2c78-6a36-42d6-9dab-53ae88a852e6,Ultraman Seven,collectible,20,2026-10-03 19:04:22
b633e43b-a4ce-458a-9fba-ae023f2f2bfd,Mickey Mouse,collectible,8,2026-10-03 19:04:22
8512b4f0-2ef0-451e-a9eb-2b086982496d,Doctor Doom - Action,collectible,169,2026-10-03 19:04:22
58b28cd3-fe7e-42d4-99c7-92dbb28cbd87,ULTRAMAN ACE,collectible,50,2026-10-03 19:04:22
bc138a78-4dc1-44c2-a284-ddf4901dc58c,ULTRASEVEN,collectible,22,2026-10-03 19:04:22
37353ee5-47b8-4498-a220-7851c6dd0923,Michelangelo - Classic,collectible,18,2026-10-03 19:04:22
ee46c303-5b18-4836-b6d8-9865afb2e133,Huracán STO - Bianco Asopo/Blu Le Mans,collectible,17,2026-10-03 19:04:22
8c2a6f95-80eb-47db-9e64-ccebb639d0d7,VeVe Logo White Green,collectible,45,2026-10-03 19:04:22
3164f5e3-044d-477d-8022-0a99dead294d,Leonardo - Classic,collectible,13,2026-10-03 19:04:22
eb33b179-0e11-4802-ac98-26d8fdc54b58,Book of Adventure,collectible,48,2026-10-03 19:04:22
3a104aa7-b5ba-4bd1-8197-dd402dbd46bf,Night Trooper,collectible,6,2026-10-03 19:04:22
c54fecb0-6f9b-4a17-acf5-57bbf654ecc8,Giggling,collectible,34.44,2026-10-03 19:04:22
2c70e420-29bd-46bc-ba10-04073967e4d2,Take Me Out to the Ball Game,collectible,2.5,2026-10-03 19:04:22
ac7aac0b-877e-47de-9b01-06b58030f8a0,The Classic,collectible,99,2026-10-03 19:04:22
d0d24b34-c4bc-41bc-af6c-23dc874bc60a,The Volcanic Haunt,collectible,69,2026-10-03 19:04:22
f4ba3117-9a23-4ab7-b489-2908ccb176c6,Sandman,collectible,7.3,2026-10-03 19:04:22
77857a70-edf2-4401-9798-93f63b941d60,Vulture,collectible,6.4,2026-10-03 19:04:22
9c93d4b4-2dab-4c9d-b5e2-0f29e791bd39,Electro,collectible,6.3,2026-10-03 19:04:22
d37184af-298d-4b47-ae13-819fb234b80d,Episode 12 - Arise,collectible,2.9,2026-10-03 19:04:22
1e686588-d7fe-40bc-81be-15d2ca5be3fb,Mysterio,collectible,8,2026-10-03 19:04:22
cf3f2223-ece8-4b79-8970-8fca656ea481,Smoke Machine,collectible,3,2026-10-03 19:04:22
99452901-7fa3-48fd-a56f-d352a65505d7,Whoops Rabbid,collectible,20,2026-10-03 19:04:22
ebf0810d-353d-49d2-9fd8-032aaae61f6a,Magic Lamp from Aladdin,collectible,21,2026-10-03 20:06:30
c92f6020-8436-4c32-9b90-e2db0d73bca2,Andy,collectible,100,2026-10-03 20:06:30
cf266769-b956-47bb-868c-076bd13d62c3,Ryu Blue,collectible,480,2026-10-03 20:06:30
8e9682fc-9d88-4dad-a61e-74d743da57e7,#71 Batman,collectible,19.5,2026-10-03 20:06:30
d6230826-c411-4add-9709-44a3a92d5034,Frank Miller Batman,collectible,34,2026-10-03 20:06:30
fc78ca94-4db6-40bb-841c-92f516444be6,Aang - Spirit World,collectible,555,2026-10-03 20:06:30
52c36b99-b76b-4073-bfb7-49628c0ada34,Star Wars Episode IV: A New Hope,collectible,13,2026-10-03 20:06:30
58b28cd3-fe7e-42d4-99c7-92dbb28cbd87,ULTRAMAN ACE,collectible,49.95,2026-10-03 20:06:30
47dd2556-6be7-4572-a234-453b667cfc8d,Wonder Woman,collectible,7.95,2026-10-03 20:06:30
ff13b7ac-7bfe-4bfb-9efa-1902fdc9a4ba,Kenneth Rocafort Batman,collectible,12.5,2026-10-03 20:06:30
687ad0c0-c8b5-48a7-9ac9-792b8ef95981,Raphael - Classic (Special Edition),collectible,850,2026-10-03 20:06:30
12ec6e39-5acf-456c-a4d3-b3cd71e412c4,Pluto,collectible,320,2026-10-03 20:06:30
eb8895db-94cd-465a-bc25-05ce6e18e2c2,Melvin,collectible,13.99,2026-10-03 20:06:30
bc138a78-4dc1-44c2-a284-ddf4901dc58c,ULTRASEVEN,collectible,24.95,2026-10-03 20:06:30
3380b39e-a974-4f27-89c3-12dc6995fbee,Planet Hulk,collectible,31,2026-10-03 20:06:30
5af1a0a3-e761-408a-b9cf-3a66f63540bd,H.E.R.B.I.E.,collectible,199,2026-10-03 20:06:30
722b09ee-0fc7-4ee4-99ca-08cc05eb0852,Party Wagon,collectible,14.99,2026-10-03 20:06:30
d9142a24-fb93-439c-9c06-e09b52172052,Going to War,collectible,193,2026-10-03 20:06:30
0433455f-ebd3-447d-bb00-347564d5f6a4,Guile Story,collectible,139,2026-10-03 20:06:30
842f5443-b6d0-4fec-a3cb-a17b91d9287b,Dream from Day to Night,collectible,16.75,2026-10-03 20:06:30
c00630d3-6aaa-412a-a9d3-ffe68fceba5a,Donatello - Classic,collectible,9.99,2026-10-03 20:06:30
c81ac9ff-1954-4ba5-8194-9b83ecdd3228,Sunflower Grin - Special Mission - Gold,collectible,4.99,2026-10-03 20:06:30
7b01a6a0-fae5-4700-8632-8131c7b2c839,Donald,collectible,39,2026-10-03 20:06:30
ba556949-a241-4a1f-b340-882319aa5b10,Gambit,collectible,10.99,2026-10-03 20:06:30
590afe3a-120d-4ff3-a983-0213765d6e45,GNK Power Droid,collectible,29,2026-10-03 20:06:30
9e399a2c-e51f-49ed-a1d3-16569550c967,Ultraman - Silent Guardian,collectible,10.5,2026-10-03 20:06:30
2749b5d7-4000-49d4-b488-30987ae0bd22,Maido & Kanpai - Special Edition,collectible,399,2026-10-03 20:06:30
0c90c49f-d867-47de-991f-d5b5606ffb09,Namor - Phoenix,collectible,8,2026-10-03 20:06:30
da55201f-e728-493b-aaf4-611a18fcfcc5,Vulcan Cruiser,collectible,14,2026-10-03 20:06:30
65907fba-1f10-463d-8c9f-c37a8d33a50c,Headspace Monkey - Luke Chueh x Munkyking,collectible,8.49,2026-10-03 20:06:30
305c5cde-ab8e-4d48-9d20-151a84e48725,Sagunja - The Four Gracious Plants,collectible,8,2026-10-03 20:06:30
4737dfaf-a202-411c-998c-42f98010247b,Fuel Drum Stack,collectible,8,2026-10-03 20:06:30
8fdca362-e999-414e-af25-bbcadf58cc40,Agave,collectible,47,2026-10-03 20:06:30
e726f943-62a1-4ba7-9d8f-d21684a77c38,Paddle Ball,collectible,21.99,2026-10-03 20:06:30
73cda966-4e10-4243-ab3b-d7d7a35f932e,Hangar Walkway,collectible,6,2026-10-03 20:06:30
8c448663-6552-41cf-8490-1a8c073c38bb,Confetti Machine,collectible,3,2026-10-03 20:06:30
8424b8e4-01ad-4c77-b816-d728bc74b647,Bowling,collectible,8,2026-10-03 20:06:30
cf3f2223-ece8-4b79-8970-8fca656ea481,Smoke Machine,collectible,2.8,2026-10-03 20:06:30
53ff9a39-afb8-4a2e-b9de-516d6ea965d5,Laser Beam Machine,collectible,2.5,2026-10-03 20:06:30
71e624e1-3660-49d6-a6a8-707dd61803da,POW! - Gold,collectible,39.9,2026-10-03 20:06:30
732f997a-5675-4415-a101-6268566a844a,Namor - Avengers 2018,collectible,30,2026-10-03 20:06:30
d042924f-2db9-4180-8d16-38bf4c9e5b9d,R2-D2,collectible,179,2026-10-03 21:09:25
ee27ac13-2e51-4cda-925f-595060735022,ECOMI Logo Red Silver,collectible,2600,2026-10-03 21:09:25
2e31455d-8c38-405d-b2f6-50b2e5d27ea0,Iron Man,collectible,73.95,2026-10-03 21:09:25
0af7304b-acef-4994-86cf-dfb6d2858822,Doodle Dog,collectible,988,2026-10-03 21:09:25
be044aa7-1495-4b34-a3a6-b7303affcdae,Thor - Animated,collectible,53,2026-10-03 21:09:25
20ccbff8-c2b0-4298-a254-ef9ae0f1de2b,Thor - The Worthy,collectible,9.95,2026-10-03 21:09:25
d5f13331-1547-4e56-994d-073529033c7f,Marvel Iron Man 18”  – Red,collectible,32,2026-10-03 21:09:25
c92f6020-8436-4c32-9b90-e2db0d73bca2,Andy,collectible,41.5,2026-10-03 21:09:25
80f4f105-e741-4e75-82c6-5d7bb395aa71,Doc Ock - Ultimate Animated,collectible,59,2026-10-03 21:09:25
3035942c-117c-404f-9098-5df698f59272,The Lion King Pencil,collectible,14.99,2026-10-03 21:09:25
722b09ee-0fc7-4ee4-99ca-08cc05eb0852,Party Wagon,collectible,15.9,2026-10-03 21:09:25
d9142a24-fb93-439c-9c06-e09b52172052,Going to War,collectible,189,2026-10-03 21:09:25
2d817683-3755-4076-be51-4bbd95377745,Buzz Lightyear – Wings Deployed,collectible,119,2026-10-03 21:09:25
9e399a2c-e51f-49ed-a1d3-16569550c967,Ultraman - Silent Guardian,collectible,8.5,2026-10-03 21:09:25
6b2703b5-0e05-4f2c-8ac7-14a8b1cae24c,Holiday Elves - Elf with Package,collectible,2.86,2026-10-03 21:09:25
eda50111-815e-42c0-8748-1f34b35c5c36,Emma Frost - Hellfire Gala #1 (2022),collectible,8,2026-10-03 21:09:25
c8a76df1-5979-4917-8189-5ecb4a2e4225,KABOOM,collectible,33.33,2026-10-03 21:09:25
09081c27-09ed-4245-9521-5d864831e0bc,Winking Santa,collectible,1.33,2026-10-03 21:09:25
c59315ea-d18d-47a1-b12b-ae58dc542db7,Boba Fett’s Belt,collectible,250,2026-10-03 21:09:25
4375fc8d-2165-4efa-aedb-4ca5429d3f15,Lunar New Year: Rabbit,collectible,1.09,2026-10-03 21:09:25
3a104aa7-b5ba-4bd1-8197-dd402dbd46bf,Night Trooper,collectible,2,2026-10-03 21:09:25
0eefeae3-c26a-4c95-b1a5-bd6803d4aeee,Lunar New Year: Dragon,collectible,1.2,2026-10-03 21:09:25
5c6f67bf-80c4-4d04-9912-80c1aae0930e,1938 Benjamin Franklin,collectible,1.48,2026-10-03 21:09:25
383b2411-0ef9-4ec9-8b7a-2825ebeab4c6,Year of the Horse Medallion,collectible,2.2,2026-10-03 21:09:25
f57e1a2b-be41-4007-8d67-7fac23b39b70,Pyro Machine,collectible,3.28,2026-10-03 21:09:25
cf3f2223-ece8-4b79-8970-8fca656ea481,Smoke Machine,collectible,3.11,2026-10-03 21:09:25
e075643b-0f54-43dc-b020-755db00e1b3f,Strobe Light Machine,collectible,2.99,2026-10-03 21:09:25
53ff9a39-afb8-4a2e-b9de-516d6ea965d5,Laser Beam Machine,collectible,2.8,2026-10-03 21:09:25
8c448663-6552-41cf-8490-1a8c073c38bb,Confetti Machine,collectible,2.8,2026-10-03 21:09:25
a9bd25e9-7deb-403f-9710-15314e0bc689,Acrobatic Surfing,collectible,1.3,2026-10-03 21:09:25
df2175b9-9027-4f81-afe5-f895d3ad7b7e,Sea Queen,collectible,1000000,2026-10-03 22:02:32
588dc2e5-abeb-40cb-913f-98331318cb58,Bert Special Edition,collectible,200000,2026-10-03 22:02:32
088c23fa-90b0-4bb4-93e2-f053abacf429,Donny,collectible,65000,2026-10-03 22:02:32
95b86201-ed47-471f-ada2-4e053041379b,Partners Statue,collectible,1999,2026-10-03 22:02:32
3689dc6c-48c3-4b84-a08b-fd6c3e5778cb,ILLAZILLAZ (Water Element) - TNES,collectible,50000,2026-10-03 22:02:32
7c5eb748-9229-452d-9bfd-00c75c029499,Spider-Man – Ultimate Animated,collectible,5500,2026-10-03 22:02:32
b63e3aba-de6d-45e1-b371-bcec12a2a14a,VeVe Logo Gold Silver,collectible,9999,2026-10-03 22:02:32
4f41756b-fc06-49d4-89de-27a6a27bed12,IG-11 - Assassin Droid,collectible,250000,2026-10-03 22:02:32
c3df7496-e8e7-4507-b80a-5c2b5d996645,#100 Todd McFarlane Batman,collectible,540,2026-10-03 22:02:32
5ae11bce-aa5e-4f24-91d2-2f4a8031be44,Black Panther: Wakanda Forever - Poster,collectible,21000,2026-10-03 22:02:32
d3165771-9cad-4a28-b22a-0b2b4208036d,AT-AT - HOTH Deployment,collectible,50000,2026-10-03 22:02:32
68f18899-e4af-4bc7-b3c7-09ab74ec0a68,Spider-Man Noir,collectible,39000,2026-10-03 22:02:32
5cd5b20e-02da-4be2-8060-b7d03b2383d5,#01 Eduardo Risso Batman,collectible,1499,2026-10-03 22:02:32
7475a966-ed09-4fa8-9b3f-ca6833ea98af,Spider-Man: Miles Morales - Animated,collectible,9444,2026-10-03 22:02:32
fc943f7c-7e87-4f6e-b38e-8bc02c6cf7a6,Spider-Man – The Amazing Spider-Man,collectible,59,2026-10-03 22:02:32
900388bb-8847-4334-8d1a-508de81c4a4d,Superman,collectible,194,2026-10-03 22:02:32
d03f035e-fe59-40f6-9977-3cef76ee112b,Spider-Man - Animated,collectible,655.74,2026-10-03 22:02:32
14331e28-1127-4b22-9d9b-002bb92ac957,Stan Lee Fine Art Collectible - Bill Sienkiewicz,collectible,599,2026-10-03 22:02:32
5ab59120-1b5b-473c-9c80-3144d9a6e1d5,"All Together, Now!",collectible,220,2026-10-03 22:02:32
d9bdd586-77c4-4cbc-b27c-6567172c7fc3,Night Trooper - Shooting,collectible,10000,2026-10-03 22:02:32
bf242890-3977-47ba-8cc5-d9ac3b2bf7b3,Rogue - Southern Powerhouse Special Edition,collectible,15000,2026-10-03 22:02:32
ee27ac13-2e51-4cda-925f-595060735022,ECOMI Logo Red Silver,collectible,2600,2026-10-03 22:02:32
39b59988-f8b4-4acd-9dcb-f033503cf234,Galactus - Cosmic Devourer Special Edition,collectible,10000,2026-10-03 22:02:32
c7aa15e5-d6e1-4246-bbd9-c8b2e908b01f,Stan Lee Fine Art Collectible - Rob Prior,collectible,500,2026-10-03 22:02:32
9c1ba3e2-9e84-4987-8704-0044f03f509b,The Spy Who Loved Me - Hungarian Poster,collectible,9000,2026-10-03 22:02:32
3a592c07-aca1-43c8-9788-632462579e7b,The Emperor's Fist,collectible,209.99,2026-10-03 22:02:32
bc637552-5c39-4cf4-a5ae-164043df435b,Ride the Lightning Board,collectible,4999,2026-10-03 22:02:32
0f0391cb-0541-4191-a1a4-387f48c0e8e3,Black Panther,collectible,4444,2026-10-03 22:02:32
2bc35402-179f-41b5-912c-f5ae9aae2fee,Wolverine - Primal Strike,collectible,7400,2026-10-03 22:02:32
4d4ed906-c93a-41ff-b890-cb202250bc01,Sea Warrior Special Edition,collectible,4000,2026-10-03 22:02:32
2e31455d-8c38-405d-b2f6-50b2e5d27ea0,Iron Man,collectible,78.95,2026-10-03 22:02:32
9954145f-e85c-462e-b84b-2b50a3e3fbe9,Elsa,collectible,77,2026-10-03 22:02:32
ca37ecf7-75c4-4362-9af8-dd03965d3e96,PLANET DEATH #0 Framed Art,collectible,10000,2026-10-03 22:02:32
9c635d40-5aea-484a-b0fb-03d819ba3885,Harley Quinn - #19 Steve Pugh,collectible,1744.4,2026-10-03 22:02:32
a67aa0d3-7e99-4e1d-9fc0-780c2cafe8f9,Diamond Emma Frost - Marauders #21 (2021),collectible,30000,2026-10-03 22:02:32
2cf09235-f140-422e-a800-d0b049fbaff0,C-3PO,collectible,69,2026-10-03 22:02:32
5157866e-cbb9-4563-abda-56217b75b4b9,VeVe,collectible,2500,2026-10-03 22:02:32
16c33ccb-f980-45d1-b27a-9b1d64e5bd24,Ghostbusters I Logo - Platinum,collectible,4000,2026-10-03 22:02:32
cd22d5da-11d3-4dd9-b441-3656340d3948,The King of Cameos - Gold & Silver Edition,collectible,99,2026-10-03 22:02:32
fe5e090a-87dc-4be2-b15f-4217a4c855a6,Ghostbusters I logo - Gold,collectible,4000,2026-10-03 22:02:32
42b9dcb8-5cbc-4c17-a1af-eeeaf5957728,Colossus - Uncanny X-Men 1975,collectible,10000,2026-10-03 22:02:32
3433ffd5-0721-4346-b556-8ff18d545c27,Mickey Sorcerer's Hat,collectible,109,2026-10-03 22:02:32
1df92282-2a7c-4f15-bc75-2e44de9f0f48,Degen Dungeon,collectible,4500,2026-10-03 22:02:32
148b9255-4ea9-4a4e-b3f3-9b8a77f780b3,White Backstab,collectible,740,2026-10-03 22:02:32
5e8f7e71-3285-4977-9f11-77fa35c2dda3,Spider-Man: Miles Morales - Ultimate Spider-Man,collectible,645,2026-10-03 22:02:32
5595c5a8-ccfd-416d-8808-8788d69a40f9,Maserati MC12 - Nero Daytona,collectible,12750,2026-10-03 22:02:32
e6e5683f-5b64-4842-8f74-912a0fc919ba,Homer & Bart,collectible,49.99,2026-10-03 22:02:32
2b33f887-18e5-484a-a725-2d6a0cb41201,Capt. Stormy,collectible,985,2026-10-03 22:02:32
cd7e1761-e21f-4356-8c43-2de19a293220,Sam Wilson - On Guard,collectible,35,2026-10-03 22:02:32
5c20a964-f305-4297-a8f0-2ced4d52dc46,Stan Lee Fine Art Collectible - Burton Morris,collectible,222,2026-10-03 22:02:32
41505b27-6b61-4951-835f-d8976df8fcbf,Spider-Man 2099,collectible,299.99,2026-10-03 22:02:32
6211625a-9004-4b34-9a45-fbdb0eaa8cbb,#72 Carmine Infantino Robin,collectible,289,2026-10-03 22:02:32
2e87137d-51b3-41ee-93e1-80e0e799d6ba,Spider-Man – Hangin’ Out,collectible,31.45,2026-10-03 22:02:32
c898af60-be8a-490a-ac2b-537869c1892a,1:1 DeLorean Time Machine - Interactive,collectible,40,2026-10-03 22:02:32
4b3b200b-8469-43a2-aa68-114a4d9e0306,Spider-Man – Jump into Action,collectible,55,2026-10-03 22:02:32
b33424b2-ea2b-45c0-9f5b-05748c064554,Spider-Man: Miles Morales - Hoodie Season,collectible,280,2026-10-03 22:02:32
aacfd8ad-c3e4-4cec-8a7a-a3da14165d5b,350 GT - Verde Scuro,collectible,3999,2026-10-03 22:02:32
a605b45c-c809-40d4-a98b-b5daa200a696,Black Panther – Ultimate Animated,collectible,169.69,2026-10-03 22:02:32
38436d43-e32c-4579-bf55-724800587a9d,ROSÉ Pink Venom 3,collectible,2500,2026-10-03 22:02:32
75bffbf5-3527-4c34-a73d-06252becd47f,Skateboard,collectible,73,2026-10-03 22:02:32
7ae4653c-f3d9-44ed-85ee-8dd338ba0e3a,Lamborghini Countach LP 400 - Nero Tenebre,collectible,3499,2026-10-03 22:02:32
6a772acf-4006-4dd2-b325-882f6b2fca2e,WALL•E,collectible,44,2026-10-03 22:02:32
370fff46-9ed2-402c-a981-955b3b0202e1,Donald Duck and Daisy Duck,collectible,34,2026-10-03 22:02:32
5fd09e1f-58f8-467f-9e78-d64f6e3a69b9,R2-D2,collectible,212,2026-10-03 22:02:32
427bf76b-1d1b-458f-aee0-a696c9e20027,‍Din Djarin,collectible,136,2026-10-03 22:02:32
c80fcf06-5894-4482-ad1f-e0b9389d3c77,Captain America – Ultimate Animated,collectible,400,2026-10-03 22:02:32
77648516-37a8-4cd8-87f4-d0ea832ddb49,Bubbles,collectible,666,2026-10-03 22:02:32
f2ba3cb4-e1e6-41c0-a18c-28524b52f299,Doctor Doom,collectible,88,2026-10-03 22:02:32
e0ecafcc-57c0-41f7-9415-569701055125,No Time To Die — Aston Martin DB5 (Interactive),collectible,777,2026-10-03 22:02:32
877dfb81-f781-44c8-a1ce-8d585164cd26,Yoda - One With The Force,collectible,1399,2026-10-03 22:02:32
aae6ca8f-ecdb-47e6-9ce9-d6ae87c82507,#86 - Becky Cloonan Batman,collectible,119.99,2026-10-03 22:02:32
3e1b4ff8-8c51-4ec6-a7ba-2ba55e331855,Bone Appetite - Maliblu,collectible,7000,2026-10-03 22:02:32
6b20478c-310f-4e68-85ef-80b6748cbace,KFC Colonel Sanders - NYCC 24 Special Edition,collectible,1900,2026-10-03 22:02:32
2d319882-cb74-4383-8d91-31ff8fca91c4,Avengers Logo,collectible,59.9,2026-10-03 22:02:32
a659bbc2-45cd-4f72-9ca2-7e92a245d05f,#97 Joe Madureira Batman,collectible,67.95,2026-10-03 22:02:32
3a179b42-be8c-4239-86a0-3bd5674cf304,ROSÉ – Open Heart,collectible,2950,2026-10-03 22:02:32
7a736163-6ff5-446d-9a74-c73fa1959e2c,Dragon Girl - Gold,collectible,164,2026-10-03 22:02:32
3b990f92-ef9c-4634-8992-27de92c50b98,The Half Note Jazz Club,collectible,410,2026-10-03 22:02:32
2db7508c-bd14-4598-b6e3-108619c46c80,Ghostbusters I Logo,collectible,150,2026-10-03 22:02:32
d038d730-3ce2-46e4-8409-6dd4553a913f,Marvel Iron Man 18”  – Black & Gold,collectible,7000,2026-10-03 22:02:32
829b3928-472c-40ba-bf53-c35baed4de5a,Sabretooth - Savage Presence Special Edition,collectible,2500,2026-10-03 22:02:32
65dab55c-40a4-4117-9a0e-96888f9028de,Ben Reilly - Beyond Spider-Man,collectible,555,2026-10-03 22:02:32
fdb6c958-dc73-4452-aec4-19baa6abbe18,HOTH Battlefield Diorama - Echo Base Defense,collectible,166,2026-10-03 22:02:32
0af7304b-acef-4994-86cf-dfb6d2858822,Doodle Dog,collectible,988,2026-10-03 22:02:32
8d5e5124-9f63-4f31-b838-f13a510ea10d,Ghost Trap,collectible,185,2026-10-03 22:02:32
7506ce1c-0d32-48a1-ac5a-26348be63f5e,CUL-DE-SAC #6 - Alex Pardee Framed Art,collectible,8000,2026-10-03 22:02:32
5dbf436a-0525-4a8b-b374-89ea8468273b,Dragon Girl - Silver / Gold,collectible,358,2026-10-03 22:02:32
606b52d3-4562-4e3f-b217-e1b60efd6f7d,Chip n’ Dale,collectible,49.99,2026-10-03 22:02:32
01d0a2d6-acf0-457d-9382-2705811f68d8,#21 Jim Lee The Joker,collectible,41.8,2026-10-03 22:02:32
1a3052a5-729e-4d52-865d-8a6adcfe33fa,Aratech 74-Z Speeder Bike – Patrol Division (Snow),collectible,2000,2026-10-03 22:02:32
5806d270-96fc-4b54-a107-de5318e69770,Flower Bomber (Patina Bronze Edition),collectible,3500,2026-10-03 22:02:32
bae75064-118f-468f-bc53-e13060e20a15,Octopussy - US One Sheet,collectible,335,2026-10-03 22:02:32
76880cbf-8e51-4cf7-9941-a5496675198e,ODDY ver. VEVE,collectible,10000,2026-10-03 22:02:32
c3363f9f-c768-4f10-9f1f-59a198da455d,ODDY ver. CANVAS PRINT,collectible,10000,2026-10-03 22:02:32
11f2b172-e206-4644-8256-e51fd7298af2,Winnie the Pooh and Piglet,collectible,22.5,2026-10-03 22:02:32
a638063f-a295-48b5-8f4f-23de759f5fec,Mrs. Potts & Chip,collectible,999,2026-10-03 22:02:32
1b480348-4216-4a9b-a6df-d01402723123,OG Devil Bunny - Color,collectible,444,2026-10-03 22:02:32
ec401106-dec0-43fc-9026-088d476d90a2,1840 Two Penny Blue SE-TJ,collectible,4500,2026-10-03 22:02:32
6d9ad08b-e959-44c1-a5f0-0f0563274de4,Silver Light Stick,collectible,999,2026-10-03 22:02:32
3130ce08-f883-459b-a3a8-e54752605f2b,Steve Rogers - On Guard,collectible,17,2026-10-03 22:02:32
d29aedf0-6420-4549-b702-27b7d49a8d20,"I am a Jedi, like my father before me",collectible,550,2026-10-03 22:02:32
5a00c7ae-ce58-4b8e-91e4-62af4baac6e8,Pizza Planet Truck,collectible,45,2026-10-03 22:02:32
041684b3-6516-4b47-878e-491604b36b26,Millennium Falcon Holodisk,collectible,3698,2026-10-03 22:02:32
a642596a-72cb-4e46-97ce-2f2798a3412a,Cogsworth and Lumiere,collectible,27.5,2026-10-03 22:02:32
a23cccf0-e12e-4856-8877-1629e9313ccf,VeVe Logo Gold Silver v2,collectible,567,2026-10-03 22:02:32
169bbc94-56cf-4f71-8891-354b05b0782f,AT-ST,collectible,80,2026-10-03 22:02:32
767ec424-2432-4620-b25f-d300fa401004,John Hammond’s Cane,collectible,277,2026-10-03 22:02:32
39e873a8-37f3-4ef8-9247-b2b257f7dcbf,Team Avatar: SDCC 2026,collectible,275,2026-10-03 22:02:32
d2a2df08-a4f3-4092-8533-04170c33ae55,Eye of Agamotto - Animated,collectible,244,2026-10-03 22:02:32
6a242455-9dc8-4bcf-a64b-308744f0a75f,Lunar Robot (2020),collectible,450,2026-10-03 22:02:32
1faf6762-b397-4ea7-881d-6f9b24776f2c,#79 Jim Lee Nightwing,collectible,145,2026-10-03 22:02:32
3a867661-d468-4559-884f-777a86ec8eda,Pluto,collectible,39.9,2026-10-03 22:02:32
883f2d9e-0fd7-4454-be5d-839e8b56bbd3,John F. Walker - On Guard,collectible,24,2026-10-03 22:02:32
e7735bff-6de9-45b5-8b33-98a2816ccaf3,CHOICES (Ultraviolet),collectible,1750,2026-10-03 22:02:32
6373a2fa-79fc-4a9d-8e19-fd1d7eb46c13,Hyde: Limited Edition Poster,collectible,475,2026-10-03 22:02:32
ae29242b-05c3-4ddd-a03e-1f8da4f404f3,The Genesis Key,collectible,333,2026-10-03 22:02:32
d63e9844-2204-4dde-82e0-3d5c467ed225,Goofy,collectible,58,2026-10-03 22:02:32
08b0c045-9e8d-46f9-8f7f-aad995b0c56a,Grogu in Pram,collectible,252,2026-10-03 22:02:32
4dc2db11-350d-4c3b-82c9-84fbcaa9d138,Timon and Pumbaa,collectible,19,2026-10-03 22:02:32
44edd8a9-d14f-4d49-8551-54050c41b525,VeVe Flags - Hong Kong - 2025,collectible,2499,2026-10-03 22:02:32
819b66c7-04fa-4354-bb32-ba9c9722c68d,VeVe Level 100 Logo,collectible,2499,2026-10-03 22:02:32
08e30682-b725-430f-bdfd-36394fb1aa0e,Captain America – Animated,collectible,99.99,2026-10-03 22:02:32
8745030c-09fa-44c2-be2e-08c2b7fcdc4d,Scythe,collectible,85,2026-10-03 22:02:32
d175dd45-8919-4b60-bef4-5a64d9d045df,Elsa's Ice Palace,collectible,399,2026-10-03 22:02:32
0bfb1239-b03a-4084-bafe-770796eece82,Wolverine - Blue and Yellow suit,collectible,74.99,2026-10-03 22:02:32
6a3c8ad0-8bb9-4065-abff-9d12b8e82bc4,Lady and the Tramp,collectible,30,2026-10-03 22:02:32
be044aa7-1495-4b34-a3a6-b7303affcdae,Thor - Animated,collectible,53,2026-10-03 22:02:32
db25d35f-7378-4c88-9d15-71ab97d25c09,The Rancor,collectible,88,2026-10-03 22:02:32
58106902-69a5-488d-8dbb-b6120b73fcc0,Aether,collectible,335.22,2026-10-03 22:02:32
cce8fa78-6f6c-4289-a314-0fcf5f8d64f7,Training Cyclops,collectible,3600,2026-10-03 22:02:32
9cc05411-8fea-4c61-bc7d-8a612732d03d,Episode 3 - It's Like a Game,collectible,111,2026-10-03 22:02:32
9df59b34-4aa2-44c5-9ba8-101f9f31bff8,S3LF MADE - Brett Crawford,collectible,999,2026-10-03 22:02:32
acf1aae9-f70c-4782-830d-71cb124fb808,Batman vs. Killer Croc,collectible,24.95,2026-10-03 22:02:32
1d55c901-4e62-472f-95ae-50b248a2d1e7,Harley Quinn (J. Scott Campbell),collectible,29.49,2026-10-03 22:02:32
312e76de-f0ad-4880-8f93-1586f55ec292,Jean Grey - X-Men,collectible,3500,2026-10-03 22:02:32
aa9e9b2e-32f5-4ba1-8aa9-67c3446bbb61,Moonraker - UK Quad Poster,collectible,238.75,2026-10-03 22:02:32
9d3783e8-05f7-4e20-b1f7-2c3b520ab3ee,Mr. Toad's Wild Ride,collectible,199,2026-10-03 22:02:32
3d1cbbec-65a6-4f2b-9a21-74be61438ad7,Violet,collectible,177,2026-10-03 22:02:32
66bf871d-a8d4-474e-a0f2-b1ceb28c7b94,Millennium Falcon,collectible,107,2026-10-03 22:02:32
ebf0810d-353d-49d2-9fd8-032aaae61f6a,Magic Lamp from Aladdin,collectible,21,2026-10-03 22:02:32
07c1d5c1-e0c4-4e6a-9ad7-553e9a854f5f,Flounder and Sebastian,collectible,24.99,2026-10-03 22:02:32
b991e11e-c587-472e-9c57-092cc7625af8,DeLorean Time Machine - Hovering Version,collectible,35,2026-10-03 22:02:32
75677539-6781-4d04-9361-54a43fd8ad17,The Skywalker Lightsaber,collectible,10.6,2026-10-03 22:02:32
36cccca7-4be9-44da-b613-8c3c98d4d1db,The Zone,collectible,444,2026-10-03 22:02:32
d1950c68-0bd7-47c3-a183-aa950613de36,#81 - Amanda Conner Batman,collectible,115,2026-10-03 22:02:32
af02ad4f-100c-4995-810f-376c6854b00e,Disney D,collectible,20,2026-10-03 22:02:32
e37ee580-892b-4db5-b6d7-3221eaee4960,Lucky,collectible,199.99,2026-10-03 22:02:32
c59330e7-2e17-46a6-bc2f-14000ca97e88,LISA Pink Venom 1,collectible,776,2026-10-03 22:02:32
b020552b-10e3-46c8-9d99-986ed9f90c62,House of Cards - Cleopatra,collectible,199,2026-10-03 22:02:32
a64c22fa-268e-4153-b31f-2b93d8c877eb,1:1 DeLorean Time Machine - Static,collectible,7.95,2026-10-03 22:02:32
44c0d38c-1ac5-4468-bfa0-6744af28819c,Ant-Man - Quantum Realm,collectible,2000,2026-10-03 22:02:32
ffabb2e2-810d-4f83-91e7-3d6b80c0f194,Thor - Ultimate Animated,collectible,89,2026-10-03 22:02:32
b0ecb0a5-2c77-47fc-b295-2e2a96278781,Iron Man,collectible,55,2026-10-03 22:02:32
72fb80f0-9a51-422d-97c0-d09d84de0738,Wonder Woman,collectible,19.5,2026-10-03 22:02:32
5bba0767-1ed6-4bc9-92dc-651d8b4e66d4,‍‍Joy Memory Orb,collectible,1299.03,2026-10-03 22:02:32
eeb7939b-babf-4b2d-a078-36a40321043a,Ultraman Ace,collectible,54.99,2026-10-03 22:02:32
410fd575-30a3-45ab-a87a-7a928971d321,Leonardo - Classic (Special Edition),collectible,2200,2026-10-03 22:02:32
ad039541-890c-4277-8c04-b6ab6a19f656,Elsa,collectible,297,2026-10-03 22:02:32
e94b4f1b-d2e9-44d7-aba9-91404c68833c,Big Trouble (Black Lagoon Colourway),collectible,9500,2026-10-03 22:02:32
2bddd574-39a8-400d-b614-a71ff7734a93,A Jaunty Jig,collectible,10,2026-10-03 22:02:32
f0202819-babc-4ccf-9eed-baf2d80c5b9a,Coca-Cola Vending Machine (1970s),collectible,699,2026-10-03 22:02:32
1c3d0b87-102e-4fc2-88b2-cfb6fbbf5baa,Casting The First Spell,collectible,97.27,2026-10-03 22:02:32
55876156-f6d4-4ca8-bb50-fd6c1f5f0fb8,U.S.S. Enterprise-D (1:1),collectible,32,2026-10-03 22:02:32
03fe42ae-a098-4215-b3e1-a014aabddadf,Venom,collectible,169,2026-10-03 22:02:32
2a81b6f3-874c-4039-853d-fcd415bfa8cd,Sandcrawler,collectible,75,2026-10-03 22:02:32
44b81776-9e29-4b9f-992d-127fe9e66873,Locomotive 131 Time Machine,collectible,58.33,2026-10-03 22:02:32
df101af2-42fe-4af4-bc51-f8826a6022aa,I Have You In My Sights,collectible,31.5,2026-10-03 22:02:32
75f29aa3-0cb9-49a7-822b-c0805d5eb76c,Chucky: Bloody Valentine,collectible,70,2026-10-03 22:02:32
29df76ed-368e-4415-be9f-34e87b751d3d,I'll Take Those Odds,collectible,92,2026-10-03 22:02:32
96c9e719-1bc1-4976-9061-c7025ed37049,MYO - OG Gold/Silver,collectible,325,2026-10-03 22:02:32
da4f0ab8-00be-498e-8784-bde7d0d105e2,#56 Bruce Timm Harley Quinn,collectible,24,2026-10-03 22:02:32
d8e91fe1-47f5-4375-a3de-0040c9851417,Minnie Mouse,collectible,85,2026-10-03 22:02:32
5e793266-6490-4e0f-8178-f9cfd02e3292,Darth Vader’s TIE Fighter,collectible,15,2026-10-03 22:02:32
733a17a8-14be-4e49-93b7-02e22c7374bd,Superman vs. The Flash,collectible,19.99,2026-10-03 22:02:32
9cccbffd-e907-44b4-9e2e-b285f090292d,Zombie Hunter Spider-Man #1,collectible,9.74,2026-10-03 22:02:32
f700c410-4b90-499a-a7c1-94ea224235e9,Diamond Emma Frost - Hellfire Gala #1 (2022),collectible,3000,2026-10-03 22:02:32
a79849a8-a5cb-4a7f-b0bf-5dbe2249742c,Romulan D'deridex Warbird,collectible,30,2026-10-03 22:02:32
bda26743-80dc-44b1-8174-1846ca71015f,JISOO - Heartfelt Connection,collectible,1500,2026-10-03 22:02:32
d29a99bf-bd56-4ef7-83f2-340d08531a1d,Darth Vader's Shuttle,collectible,49.9,2026-10-03 22:02:32
d238354f-b734-4a0a-b0b1-4a51bf6faba4,Storm – Ultimate Animated,collectible,116,2026-10-03 22:02:32
9bbf3fa3-9b0c-446d-9b17-f6e452b070c7,Black Panther – Wakanda Forever,collectible,7.9,2026-10-03 22:02:32
39caa0d4-acd8-4b57-8c74-77f777370153,Dark Lord of the Sith,collectible,14.85,2026-10-03 22:02:32
86a1c74b-4fff-4729-9cf9-57d92f29e053,Steve Rogers,collectible,5.99,2026-10-03 22:02:32
a29c77e8-29c1-4d9c-a07a-cbcaec9eec29,Blue and Beta Animated 2,collectible,395,2026-10-03 22:02:32
5ba650f9-103c-4de3-bea6-8e8376fb2b0c,Kevin,collectible,1900,2026-10-03 22:02:32
dcacc32c-e0e9-4412-9d17-3fda292f9448,Disney D23 Logo,collectible,79.99,2026-10-03 22:02:32
1a408aac-5fa7-4995-8244-c45fc1026f89,Marceline,collectible,95,2026-10-03 22:02:32
ff2b08d9-5540-4e42-bbe7-1b5639e41e12,Aurora,collectible,155,2026-10-03 22:02:32
2574a367-7ea1-4f57-be52-f226c2ed6e70,#89 Batman,collectible,9.75,2026-10-03 22:02:32
2975026b-9d14-475b-a356-d35855637309,Hulk - Animated,collectible,36.99,2026-10-03 22:02:32
a71212b1-46e9-4c0e-8953-8d1c7c88616f,#06 Batman,collectible,42.99,2026-10-03 22:02:32
de3f0581-210c-4866-a4eb-84112f8475ad,Yucky Charmer - Gold,collectible,245,2026-10-03 22:02:32
7be7c55f-5f0d-44da-9341-b6db93ac6fc1,JENNIE Gold/Silver,collectible,478,2026-10-03 22:02:32
d9892b14-8126-4b26-901d-a978d6eb5be8,T. rex Animated 2,collectible,49.9,2026-10-03 22:02:32
febc44f1-0b23-4c2d-951e-43cd51b034c5,Ernie Special Edition,collectible,1820,2026-10-03 22:02:32
d1d1bb93-94e7-442f-8974-bf440900b27b,Alligator Loki - Ultimate Animated,collectible,199,2026-10-03 22:02:32
2db05d0a-2fcf-481c-9752-9737bb3ec9cf,#01 Eduardo Risso Batman - Blue & Yellow Variant,collectible,150,2026-10-03 22:02:32
c3dcbc25-9eca-430d-81c8-27df7885e061,Contemplating Venice (2021),collectible,99,2026-10-03 22:02:32
2486b5b9-9d27-4d2d-9977-45678ea9405a,1938 Calvin Coolidge,collectible,660,2026-10-03 22:02:32
146ac2a6-6813-4a88-a03a-4cc2a90b721d,Michelangelo - Classic (Special Edition),collectible,1799,2026-10-03 22:02:32
08a9b0b6-bae9-4f45-94ed-e36308b26ae1,Bruno Madrigal,collectible,100,2026-10-03 22:02:32
1b0b3cc2-226d-416c-ab86-875e8268b370,Gold Dragon,collectible,175,2026-10-03 22:02:32
80446761-989d-489f-bc02-15b19a866885,Pit Droid,collectible,299,2026-10-03 22:02:32
5529acf4-43b8-428a-8009-2410ceb8cce7,Huracán STO - Verde Citrea/Arancio DAC,collectible,242,2026-10-03 22:02:32
f7bdf140-2637-495b-b06d-27ad204db53d,Fuwarin,collectible,222,2026-10-03 22:02:32
79070efd-447e-4e64-9060-e92e30e8a048,Spider-Man,collectible,10.5,2026-10-03 22:02:32
9ec3912b-737f-4396-b83f-96d488cb2ffb,Darth Vader Samurai - Wrath of the Dragon,collectible,1977,2026-10-03 22:02:32
ae9b4b16-bc4e-4457-9c69-a3306c976ed7,Supergirl,collectible,39.9,2026-10-03 22:02:32
ce1d4fe9-0b3d-463b-a620-942699a650b5,Franken Fat - Gold/Silver,collectible,299,2026-10-03 22:02:32
cc920654-08b2-4e7d-a8af-bef9b0fe3775,Dragon Girl - Silver,collectible,79,2026-10-03 22:02:32
107572e7-d947-4cc0-b8dc-af5e16233566,Bucky Barnes - On Guard,collectible,22,2026-10-03 22:02:32
c1109831-3b22-4449-aa2a-e63380b4dcb2,Alert - Special Edition,collectible,2979,2026-10-03 22:02:32
2fe3f2de-7684-4adb-b5fe-7b99a2665255,Phoenix Five Diorama,collectible,74,2026-10-03 22:02:32
f8578333-9ab1-45d8-a856-895b8fc7637f,Spider-Man 2099 - Neon Future,collectible,1500,2026-10-03 22:02:32
4d1972b6-b15f-4c98-ab98-cec603aa58de,Ritmo,collectible,99,2026-10-03 22:02:32
e9bdf1b9-7b80-4683-a94f-32db83f3bd39,Yoda,collectible,7.5,2026-10-03 22:02:32
796522a5-d6ce-4eb3-9a6c-1fd693373ec7,BLACKPINK Lightbox - Monochrome Mode,collectible,1499,2026-10-03 22:02:32
b918f882-01dc-420e-8697-01b74924394b,Oscar the Grouch,collectible,32.89,2026-10-03 22:02:32
75e96af3-d4c4-4823-91ed-ea5fe3b7dcf2,Starfire,collectible,139,2026-10-03 22:02:32
46fa7ca5-848f-497b-8991-56e547e1acb8,Licence To Kill - UK quad,collectible,160,2026-10-03 22:02:32
ebcf7ef8-7cec-4e81-b1e1-ea088c203f9f,Wild Energy,collectible,54.99,2026-10-03 22:02:32
5f52f250-b720-4404-86cc-90e403f2216d,Bobsled Race,collectible,444,2026-10-03 22:02:32
2e0d960f-ffff-480f-9078-5ab7fd238b6c,Disney D23 Premium Logo,collectible,68.6,2026-10-03 22:02:32
5e9b0f4f-6120-487c-93e7-12f8c268fbca,Thanos - Warrior,collectible,128.99,2026-10-03 22:02:32
ce2fb115-5bf2-4e03-aa7b-2a348b36571b,Mickey’s Signature,collectible,174,2026-10-03 22:02:32
c6c4987d-df55-48bf-b727-655b73668c06,Red Skull,collectible,28.88,2026-10-03 22:02:32
f64f5581-0640-4c33-873d-1d798c086e24,Stormtrooper,collectible,9.4,2026-10-03 22:02:32
709e78fe-b3bf-4c65-a97a-42d82c28f7f0,1840 Penny Black BE-CF mint block,collectible,940,2026-10-03 22:02:32
3174caf1-2da6-4196-9e4a-8965fcdabc49,The Rise of Ultraman #1 - John Tyler Christopher,collectible,37,2026-10-03 22:02:32
95ea8d6d-886d-4c3c-b171-82d23310d2bf,Woody: Hey Howdy Hey!,collectible,10,2026-10-03 22:02:32
bb17655f-b0d9-408a-8fd8-f30368943bc1,CHOICES (Underbrush),collectible,999,2026-10-03 22:02:32
ba6c92e5-c8a0-406c-ad7c-9087858c1bb2,Infinity Gauntlet - Animated,collectible,43,2026-10-03 22:02:32
219d14ac-23e9-4a1d-a9cb-ec009b31ebb1,A Happy Whistle,collectible,9.95,2026-10-03 22:02:32
1a0b2842-23de-438d-8242-d11846483d6c,Beware the Dark Side,collectible,14,2026-10-03 22:02:32
cf266769-b956-47bb-868c-076bd13d62c3,Ryu Blue,collectible,480,2026-10-03 22:02:32
987e4869-7dd7-47ed-a417-351d20023d78,#100 Todd McFarlane Batman - Blue & Yellow Variant,collectible,55,2026-10-03 22:02:32
c43e163e-cd49-4da9-b4aa-9aa2049cc2f5,Miguel,collectible,26.79,2026-10-03 22:02:32
63664689-b387-43f7-aad4-0c847658cd37,Tricky the Obese Bunny - Gold,collectible,205,2026-10-03 22:02:32
e2cb56f8-d2c6-49a5-b152-9dd2a59445af,Black Panther – Animated,collectible,23.45,2026-10-03 22:02:32
82ce36a6-ace4-4ce6-ba59-68307d0c217b,Professor Utonium,collectible,300,2026-10-03 22:02:32
cf8b4ef8-6faf-4e6d-b962-557e0a8872ae,Jeoseung Saja Mon,collectible,1500,2026-10-03 22:02:32
5262e9f2-b83e-4665-a621-b555d4e9e814,Zeux,collectible,180,2026-10-03 22:02:32
aadb24d5-07a5-4630-a937-60af8a8ef08e,Edo,collectible,69,2026-10-03 22:02:32
42727e5d-945e-419f-800d-381d6046c087,Ariel,collectible,120,2026-10-03 22:02:32
49c60b18-a5c4-45c9-8fc3-27c123f93d1c,Drug ’em Killfrog,collectible,39.99,2026-10-03 22:02:32
f772a5b4-03af-444d-a608-c2c271def046,Deadpool – Ultimate Animated,collectible,80,2026-10-03 22:02:32
8512b4f0-2ef0-451e-a9eb-2b086982496d,Doctor Doom - Action,collectible,250,2026-10-03 22:02:32
8e9682fc-9d88-4dad-a61e-74d743da57e7,#71 Batman,collectible,19.5,2026-10-03 22:02:32
1e6c918e-201d-44ea-9775-0cdd333bb27b,Zombie Hunter Spider-Man #2,collectible,34.79,2026-10-03 22:02:32
160a236e-b8bd-4f20-ba0e-9d875310b5cf,Marty’s Hoverboard,collectible,17,2026-10-03 22:02:32
f67ba0be-e897-46af-a0c4-07ba0103977f,Janie - Blue Metallic,collectible,3000,2026-10-03 22:02:32
2e35addb-4f9c-4011-be50-aa850270d5f4,Miura - Verde Miura,collectible,1100,2026-10-03 22:02:32
22051b59-d148-440f-8d9e-550d1da58555,Marvel Iron Man 18” – Superior,collectible,376,2026-10-03 22:02:32
2a1fe986-121b-48ab-bd64-1122192a0f31,Ahsoka Tano,collectible,24,2026-10-03 22:02:32
2e9c41f0-2ea7-4618-b0e8-d39f59f12081,TMNT - Born Below Gold Diorama,collectible,1500,2026-10-03 22:02:32
dfce2c78-6a36-42d6-9dab-53ae88a852e6,Ultraman Seven,collectible,20,2026-10-03 22:02:32
2d980362-7129-4c34-96e2-e939f5e89318,Hooverville Labbit - Rubberleg Colorway,collectible,39,2026-10-03 22:02:32
4e358881-d6e6-41a0-ad3c-8b3021128af0,Luke Skywalker: Jedi,collectible,139.99,2026-10-03 22:02:32
d6230826-c411-4add-9709-44a3a92d5034,Frank Miller Batman,collectible,34,2026-10-03 22:02:32
fe19ec28-dfcb-4659-9b2e-8bc6e2409986,Flower Bomber (Original Color Edition),collectible,580,2026-10-03 22:02:32
922a4132-bc2a-4b1d-ad2e-b885056f4bd4,Aventador SVJ Roadster - Rosso Epona,collectible,140,2026-10-03 22:02:32
ab6bd913-cd52-44ec-ac88-94225f960723,Stitch,collectible,199,2026-10-03 22:02:32
5be986cb-ce39-4d19-9f99-9b9c7dfbb15a,Hear More Evil Monkey - Gold,collectible,250,2026-10-03 22:02:32
7b78eb99-35b1-41e8-bba7-73b9e28e5c98,Seymour Evil Monkey - Gold,collectible,250,2026-10-03 22:02:32
d6012097-18c4-488b-8133-44b575447270,Mr. Mischief the Monkey Grin - Gold,collectible,249,2026-10-03 22:02:32
20552ba5-e0b2-4168-9760-4d00b5866b7c,Little Friends Gold,collectible,255,2026-10-03 22:02:32
2cb3a529-07d0-4a7f-a911-2aa392d652c1,1:1 Ecto-1 Interactive,collectible,28,2026-10-03 22:02:32
74464753-0902-4b7b-b3a5-c345e981356f,Harley Quinn - #06 Terry Dodson,collectible,165,2026-10-03 22:02:32
53057d99-ac36-4dd2-b28a-8aa22d9f0b51,Ben Reilly - Acrobatic Arachnid,collectible,23,2026-10-03 22:02:32
1922070e-f955-48ff-b79d-99eb9181759d,Ultraman,collectible,13,2026-10-03 22:02:32
af494590-5225-4a94-b610-eb9ee550da94,Brian Rood Variant,collectible,333,2026-10-03 22:02:32
3ba00608-759f-4b4f-9984-2c6b3e6da842,No Time To Die — Aston Martin DB5,collectible,49,2026-10-03 22:02:32
c01b071c-962a-48d4-9a6a-9a5e73d40abd,Obi-Wan Kenobi,collectible,29.99,2026-10-03 22:02:32
090a4338-c085-4a8e-b526-e5238c97ba60,Gallardo - Blu Aegir,collectible,600,2026-10-03 22:02:32
ed0b5426-051d-476a-ab2c-9cb671cfe32b,Elmo - Gold,collectible,599,2026-10-03 22:02:32
de9963c9-bf18-4b0c-bb4a-6646b116ef47,Rafael Grampá Batman,collectible,32,2026-10-03 22:02:32
aeebac53-63e3-461e-8158-59726476d16e,David Yu - Blue Metallic,collectible,1375,2026-10-03 22:02:32
99cf71f8-8c8b-4782-8b32-b5c55919a939,Classics Forever Souvenir Sheet,collectible,67,2026-10-03 22:02:32
ac5bc2af-f67d-46da-bac1-1b404a3dd6d1,H.I.M.,collectible,400,2026-10-03 22:02:32
426396ef-3b30-4c84-aa70-06e932ddde6c,Finn Mertens,collectible,16,2026-10-03 22:02:32
c844b748-f9f8-41d4-98c1-ed3178f379ba,Donald Duck,collectible,12,2026-10-03 22:02:32
20578f42-c47c-454a-bb1a-7f2d78b56905,Death,collectible,44.99,2026-10-03 22:02:32
0a7a9602-712c-479f-a4ec-f9cdfc66d6c8,1938 Chester A. Arthur,collectible,390,2026-10-03 22:02:32
a0c50208-f32c-4e7e-9664-c28555a9f523,Yoda,collectible,59.99,2026-10-03 22:02:32
1b223239-3efd-4140-9791-1e7106f048bc,Starcatcher The Little Prince,collectible,125,2026-10-03 22:02:32
9f428e38-ab8d-446b-8037-f58c1a4af078,The London Police x SUYE Utility Coin,collectible,22,2026-10-03 22:02:32
17cdc624-09a6-4f55-9e2f-b7e13f3d1b89,Buzz Lightyear – Galactic Glow,collectible,1234,2026-10-03 22:02:32
64a291c7-ac25-484b-a84a-45ec6e5c7a5d,Mickey Mouse Poster,collectible,290,2026-10-03 22:02:32
3a24545f-3e4d-45d7-916f-817a50c7f1b2,No Time To Die  - Triumph Motorcycle,collectible,12.99,2026-10-03 22:02:32
15a83e17-250c-4063-ae84-6aeea8660af6,Jackson Storm Base,collectible,290,2026-10-03 22:02:32
2ece2756-2e75-4d17-847a-45bbd9935e0f,#55 Gary Frank Batman,collectible,21,2026-10-03 22:02:32
36b25fe3-e907-4e0e-bcd8-aba4ef22a86a,Pitbull Hoverboard,collectible,34.5,2026-10-03 22:02:32
17258a03-cd19-4f5a-b355-bf6a0b4eea07,The Galactica (BS-75),collectible,32.84,2026-10-03 22:02:32
81f5212c-348a-48ea-b4da-f81a25b8376b,Big Barda,collectible,110,2026-10-03 22:02:32
3f046859-154b-4a76-818f-f94ef4c0d928,Mike Wazowski: I’ve Been Waiting for This My Whole Life!,collectible,8.2,2026-10-03 22:02:32
664706f5-0d2b-456f-94e7-e32b97a4f2dd,The Finale,collectible,16.5,2026-10-03 22:02:32
fc78ca94-4db6-40bb-841c-92f516444be6,Aang - Spirit World,collectible,555,2026-10-03 22:02:32
2a293f70-73ed-4c93-8095-ae0341f912a4,Goofy,collectible,499,2026-10-03 22:02:32
5873d066-24c8-4f96-a9e9-ab1f6935df1b,Silver Surfer,collectible,21,2026-10-03 22:02:32
68bd7e8d-5981-4222-b524-593023e05659,L0-LA59,collectible,234.99,2026-10-03 22:02:32
cbe550c6-847b-47ea-a5b4-89187cd8ef99,Sam Wilson - Action,collectible,32.3,2026-10-03 22:02:32
19c55785-624d-4d2f-95b0-c4a0b0c42f28,Elektra – Ultimate Animated,collectible,39.99,2026-10-03 22:02:32
b633e43b-a4ce-458a-9fba-ae023f2f2bfd,Mickey Mouse,collectible,8,2026-10-03 22:02:32
952c9eee-bddf-4898-ac4c-2602dd80a2ab,The Pink Panther - Gold,collectible,185,2026-10-03 22:02:32
2789bea1-b535-4f44-a21e-0b8f003e9038,Ride the Lightning Board v2,collectible,444,2026-10-03 22:02:32
c7ee25ad-cc35-4124-860b-778d53ad156c,Mojo Jojo,collectible,37,2026-10-03 22:02:32
e80b2c89-2182-410a-8fea-eb8c330599f2,Jubilee - Dancefloor Detonator,collectible,444,2026-10-03 22:02:32
cc9837df-83e2-4394-bac5-eda08eb0041e,#24 Brian Bolland Penguin,collectible,34,2026-10-03 22:02:32
7f046b6a-22f0-43c7-901c-1544c39661f9,Lady Rainicorn,collectible,63,2026-10-03 22:02:32
79267624-235e-4256-803d-c20f7090695d,Batgirl,collectible,8,2026-10-03 22:02:32
276a47d1-4c6d-439b-b7e5-069af65a26f4,Moana,collectible,54.64,2026-10-03 22:02:32
95c41966-3ddc-4d3d-b52a-8f8569b5bd13,Flying Balloons Girl (Bronze Statue Edition),collectible,1250,2026-10-03 22:02:32
d26e2df8-b091-47f1-98b1-c87c59df9c6d,WED-15-ST68,collectible,1250,2026-10-03 22:02:32
e2950e9a-9322-43ba-baba-a447d1861c8e,#42 Darwyn Cooke Batman,collectible,12,2026-10-03 22:02:32
b94e5d49-35f0-4bdc-9e41-d5c484df5ae7,Catwoman,collectible,10,2026-10-03 22:02:32
a31da526-c03e-49b0-8c10-c93a243a9fb5,Blue - Attack Ready,collectible,18,2026-10-03 22:02:32
1def2f37-8043-4aa8-a490-b4024db216ff,Dragon Girl - Gold / Pink,collectible,15.5,2026-10-03 22:02:32
f5a393e0-13d2-40a3-8c6f-075709139d24,Daisy Duck,collectible,12,2026-10-03 22:02:32
ab4f7fed-d716-495a-887b-d7c489d00a21,JENNIE Pink/Silver,collectible,333,2026-10-03 22:02:32
800bbeeb-bae9-43a4-96fd-ba42af86e14c,#61 Dick Sprang The Joker,collectible,32,2026-10-03 22:02:32
a046c872-8c13-4877-b705-7eb3a09bf8ee,Snow Globe - Coke Bottle,collectible,55,2026-10-03 22:02:32
bc50774d-b923-4a5c-8e5d-f25608e1e80e,Batgirl,collectible,7.5,2026-10-03 22:02:32
4f992ee1-d183-485d-a9c9-00695bc727de,Jim Lee Batman V3,collectible,6.15,2026-10-03 22:02:32
4335c686-74e9-4ce2-91ca-7de7e40bb70f,Mayor of Townsville,collectible,59,2026-10-03 22:02:32
0acd73ab-9908-4060-a8b5-4d9330f1ecb6,Day of the Dead Mother,collectible,21.99,2026-10-03 22:02:32
cccc8176-f806-490d-be7a-5fe3e7ea0e4b,Green Goblin,collectible,33,2026-10-03 22:02:32
bbb07ed7-91f9-4834-985b-8f35e1c8e40f,Rabbid Outlaw,collectible,124,2026-10-03 22:02:32
89b6d074-36ca-4b72-af67-3ac2e5648581,Blossom,collectible,20.45,2026-10-03 22:02:32
80482bc4-c7c2-4423-b6dc-1e360ffb15c7,Storm – Animated,collectible,28,2026-10-03 22:02:32
bf64cec0-ae64-43fe-b2a9-f1466f6aeb42,Alice in Wonderland,collectible,96.26,2026-10-03 22:02:32
8c984d73-0718-427e-870e-f558b01a653f,Spider-Man: Symbiote Suit,collectible,40.4,2026-10-03 22:02:32
52c36b99-b76b-4073-bfb7-49628c0ada34,Star Wars Episode IV: A New Hope,collectible,13,2026-10-03 22:02:32
92871a71-62d8-4cb7-a6a8-adf184636056,Battle Mode,collectible,25.95,2026-10-03 22:02:32
2b0b5138-1455-4924-96f1-879d7be7bca3,#57 Jae Lee Batman,collectible,30.99,2026-10-03 22:02:32
4ed1e5d8-7808-4900-8c4f-e5e89da1838d,Diablo - Gold,collectible,157,2026-10-03 22:02:32
45bf1796-6773-4012-a891-24706df69466,Stormtrooper - Special Edition,collectible,200,2026-10-03 22:02:32
fd6c3850-436f-4356-a399-ce4b973a0355,Harley Quinn - #08  Babs Tarr,collectible,40,2026-10-03 22:02:32
b4dab570-ab46-4f42-bd42-3a8d3737dbcd,Franken Fat,collectible,29.99,2026-10-03 22:02:32
3f233a1f-fe67-4d15-b796-f60845ee3d35,Lightning McQueen: Ka-chow!,collectible,9,2026-10-03 22:02:32
3c2149c7-0415-47f9-b5e8-c6f6d473951a,The Rise of Ultraman #1 - Skottie Young,collectible,17,2026-10-03 22:02:32
13a7de5a-acb3-4980-9db6-0a6572ffa09c,Last Fat Breakfast,collectible,50,2026-10-03 22:02:32
a9ae0af3-8c76-45eb-9ef0-cd314ebc4e20,Carnage,collectible,88,2026-10-03 22:02:32
20ccbff8-c2b0-4298-a254-ef9ae0f1de2b,Thor - The Worthy,collectible,9.95,2026-10-03 22:02:32
5556802d-6958-4d61-847a-9c6af52618c0,Hades: Who Needs Heroes,collectible,39,2026-10-03 22:02:32
0f7f4637-f5d1-4fe0-abea-8ac280707995,Black Panther,collectible,100,2026-10-03 22:02:32
84bd510a-d0a1-4a25-8a65-f654358405cc,Hua Xin Feng,collectible,24.99,2026-10-03 22:02:32
0deb4d99-746c-463e-80f9-43c724334c8f,Smorkin' Labbit - Choice Cuts,collectible,24.95,2026-10-03 22:02:32
d40158c7-c456-4377-980a-9c5cc6f99bc1,Ryu,collectible,60,2026-10-03 22:02:32
0e86bd26-039e-43b2-b7e8-3c6bd635e073,Blaster Ready,collectible,154,2026-10-03 22:02:32
d5f13331-1547-4e56-994d-073529033c7f,Marvel Iron Man 18”  – Red,collectible,32,2026-10-03 22:02:32
62cbbb56-6c35-4d7f-8dcf-4e4f301ffc73,Harley Quinn,collectible,19.99,2026-10-03 22:02:32
db84116f-f2e1-42c7-a77b-d8cc552931e7,Zombie Captain America #2,collectible,25,2026-10-03 22:02:32
9e65bdba-e67c-4af1-b1bc-f6bcc60e4bcd,Luke Skywalker's X-wing,collectible,24.95,2026-10-03 22:02:32
beeb8c8f-662e-4cf4-878f-9276d60b8c08,Let’s Begin!,collectible,4.99,2026-10-03 22:02:32
3d677e40-ac5d-4c53-83a2-892d8275524e,The Visible Labbit - Neon Edition,collectible,50,2026-10-03 22:02:32
9948817c-98d0-4272-98e7-5b769b40cb4d,Robocop - Animated,collectible,47.5,2026-10-03 22:02:32
15399c5e-7cd8-46c3-9240-9db5794ceea3,Human Torch,collectible,6.5,2026-10-03 22:02:32
82eeb970-aad4-41b1-b7c3-4b77b535c58f,LISA - Face My Katana!,collectible,599.99,2026-10-03 22:02:32
a6ff5d76-94cf-4f57-9045-a2538dbf41b3,Sung Jinwoo - E-Rank Hunter,collectible,1600,2026-10-03 22:02:32
38106832-449a-4c05-9ad6-4cae7177a9c9,VeVe Logo White Blue,collectible,77,2026-10-03 22:02:32
8b48c674-fb99-4797-a8f3-997ec02b6ae2,‘Nuff Said!,collectible,88,2026-10-03 22:02:32
4cced6ab-a0bd-41d8-a094-e750742d1182,Aventador SVJ Roadster - Viola Pasifae,collectible,65,2026-10-03 22:02:32
10617c75-f9d0-48cb-b164-fe5b192e8cae,Beta Ray Bill,collectible,69,2026-10-03 22:02:32
e9a7f3b8-8897-4e25-b427-4952779d5078,THOR LOVE AND THUNDER – POSTER,collectible,145,2026-10-03 22:02:32
756eaebb-f684-4274-9ab1-63e0844d88eb,Moon Knight 2,collectible,19,2026-10-03 22:02:32
aedde9a9-f444-40f5-b1db-0199f84e5c3f,Minnie Mouse,collectible,6.49,2026-10-03 22:02:32
28669aff-cb86-421e-a2c7-1cc4f6bd4e89,Sentinel - Purple,collectible,799,2026-10-03 22:02:32
2ff8504e-a8f3-4ea6-aa7e-5652c6645796,Dumbo,collectible,82,2026-10-03 22:02:32
ea0d07e7-6beb-4178-af18-8673c66d074f,BMO,collectible,12,2026-10-03 22:02:32
21853418-d60d-4f5f-b2ab-fbbcab7987ae,Super Grover Special Edition,collectible,3000,2026-10-03 22:02:32
e6c7fca7-2199-42e1-b12e-1b289821520b,1:6 Ecto-1 Interactive,collectible,9,2026-10-03 22:02:32
ff567837-203b-4507-bbfe-d83ec112be53,Flower Bomber (Street Cleaner Edition),collectible,270,2026-10-03 22:02:32
b52b5f5a-0420-44aa-8207-7401b180d120,The Man With The Golden Gun - Swedish Poster,collectible,99,2026-10-03 22:02:32
ef4745e5-f59f-4dcb-a886-a9026517ff60,Jurassic Park Gates,collectible,30,2026-10-03 22:02:32
7384abab-ff07-4cf8-8d3e-2085e4945f75,#76 Robin,collectible,7,2026-10-03 22:02:32
fbc02c5d-22e6-4138-a608-c2929be9d141,Cosmic Cthulhu,collectible,31.95,2026-10-03 22:02:32
4248d6fd-caca-4a26-91ad-7c8d9ddf4eca,Mace Windu,collectible,8.9,2026-10-03 22:02:32
c6785ff7-d2d1-404a-a1f0-7a5104e73009,‍The Armorer,collectible,44,2026-10-03 22:02:32
d08cf3f5-f182-4de6-a540-2fbeb726561a,The Hunter,collectible,100,2026-10-03 22:02:32
4cf97843-a9fc-4bc4-a323-7d485ce86c68,Numbers and Letters United,collectible,400,2026-10-03 22:02:32
237b4deb-ea74-4bcb-950c-6c4a4f2b3325,Star Wars Episode IV: A New Hope - The Star Wars,collectible,169,2026-10-03 22:02:32
ecd5f579-59bf-4121-8c8b-3b85ac7aed87,The Coming of the Hulk,collectible,54.5,2026-10-03 22:02:32
8b6f7901-07e9-40a7-ad50-2c95929f134d,#77 Jason Fabok Batman,collectible,16,2026-10-03 22:02:32
2a9d29f2-d827-4c1d-aee7-22f7ab4f0a7d,ULTRAMAN JACK,collectible,27.89,2026-10-03 22:02:32
ab17502b-9e6d-4e72-8fdd-6ffa6c9ef22c,Slimer,collectible,15.95,2026-10-03 22:02:32
6b9a6e4d-3267-461c-bc0b-101eb140a4dd,Fat Tony - Gold,collectible,175,2026-10-03 22:02:32
df0af6e7-a1e6-4565-9e50-9b34b922a553,Metallo,collectible,34.99,2026-10-03 22:02:32
58b28cd3-fe7e-42d4-99c7-92dbb28cbd87,ULTRAMAN ACE,collectible,49.95,2026-10-03 22:02:32
defd02df-deff-4c84-8cdd-8541f3b46fb0,Dumbo Poster,collectible,249,2026-10-03 22:02:32
c4c2a04b-7a82-424b-8023-dda25c1b6fe6,LISA – Still Power,collectible,450,2026-10-03 22:02:32
22d47b6e-710f-477c-83d6-53e89528e190,Aratech 74-Z Speeder Bike (Snow),collectible,44,2026-10-03 22:02:32
4134563c-f023-4c74-992c-58d8ca7bcf44,Ecomi Coin,collectible,240,2026-10-03 22:02:32
47dd2556-6be7-4572-a234-453b667cfc8d,Wonder Woman,collectible,7.95,2026-10-03 22:02:32
783ac0b6-c91d-4739-8f70-fb7735529a89,Flo,collectible,294,2026-10-03 22:02:32
ff13b7ac-7bfe-4bfb-9efa-1902fdc9a4ba,Kenneth Rocafort Batman,collectible,12.5,2026-10-03 22:02:32
2dc769f6-356f-4001-b568-8e7dcdbf624b,Mister Fantastic,collectible,2.97,2026-10-03 22:02:32
ff3c835b-61d3-44f1-b9d9-1645336bfc25,Black Panther – Panther Pounce,collectible,4.5,2026-10-03 22:02:32
9490e0db-885a-4429-8162-a04fe998a995,#13 Harley Quinn,collectible,48,2026-10-03 22:02:32
63d685af-c084-48fa-955c-271b0fe8b6e7,Star Wars Episode V: The Empire Strikes Back,collectible,7,2026-10-03 22:02:32
07375ff1-8173-41c8-998a-217949117e67,Sharkbite,collectible,28.99,2026-10-03 22:02:32
fa0b161c-5a8d-42ed-9baa-1848c7e1a7da,Marvel Logo,collectible,43,2026-10-03 22:02:32
bba0290e-1506-4702-a8fb-c1892b5bb638,Back to the Future,collectible,42,2026-10-03 22:02:32
05df9412-ca87-4492-8454-81f73a88c171,MOTOMICHI - Eyes,collectible,14.99,2026-10-03 22:02:32
f79a401a-0f4b-4379-a5bf-3132c5750539,ECOMI Logo Red White,collectible,25,2026-10-03 22:02:32
5547f67d-9450-41c7-b9d2-6c2400f25e50,Jabba the Hutt,collectible,17,2026-10-03 22:02:32
7e595273-5759-492c-b95d-4db62eaaef88,On Guard,collectible,8.3,2026-10-03 22:02:32
def65f71-6b97-4cff-a72d-e346d091c582,Sam Wilson,collectible,2.94,2026-10-03 22:02:32
e787a6e7-1630-4734-9e29-4670aac045bc,The Lucky Side of the Street,collectible,88,2026-10-03 22:02:32
e4bdc896-1bd2-4105-9b7d-baae87815cbe,Nemo Poster,collectible,40.9,2026-10-03 22:02:32
0c73f790-245c-47be-a7f2-ec1678beb0e9,Galactus - Ruler of the Universe,collectible,270,2026-10-03 22:02:32
110fad2b-cc84-4b56-9009-88e63f5db981,Swamp Thing,collectible,27.98,2026-10-03 22:02:32
7acdd5c6-566d-4711-a46e-32df7e76cf1e,Dash,collectible,135,2026-10-03 22:02:32
794c3826-643a-438b-9e37-787c91e83221,Spider-Man - Marvel Metallic Red,collectible,145,2026-10-03 22:02:32
cbb80771-516a-4f21-a3b4-a108a9b400d1,Record #7 - Bunnny's Rap - Platinum,collectible,400,2026-10-03 22:02:32
65746e5e-b2d0-4ea0-acc7-eb7fd60da909,ROSÉ – Natural Confidence,collectible,499.99,2026-10-03 22:02:32
768d33a2-7e9a-4fea-bb2c-696f5ab94579,Baymax 2.0,collectible,30,2026-10-03 22:02:32
b4cd3e4c-b76d-4c35-9ce4-434bc731d9e3,Crate Expectations (2018),collectible,50,2026-10-03 22:02:32
3f4271e1-2487-434b-99f5-a55c73c53ac9,Invisible Woman – Ultimate Animated,collectible,53,2026-10-03 22:02:32
1c16c026-5fee-490f-96e5-919636558b8f,Admiral Ackbar,collectible,40,2026-10-03 22:02:32
b53a2ff2-f08c-410b-abc7-4c67f5860764,Star Wars: Episode VI Return of the Jedi - Revenge of the Jedi,collectible,102,2026-10-03 22:02:32
349a1c81-d340-4f3f-a7f3-2890a92ae4bd,Technodrome,collectible,26.5,2026-10-03 22:02:32
c93849cb-ce19-4448-876d-b37d7258c6c4,Borg Cube (1:1000),collectible,8,2026-10-03 22:02:32
611e0cfc-0999-4e43-87c8-ad558380393c,Star Wars Episode VI: Return of the Jedi,collectible,20.25,2026-10-03 22:02:32
ac501a79-5852-499a-9a0d-ec318ae7f249,Snow Globe - Neon Sign,collectible,9.99,2026-10-03 22:02:32
60098b95-0c1d-46f7-95ec-efdbe875bf7a,The Batman Who Laughs,collectible,32,2026-10-03 22:02:32
a37f8b05-5548-4961-9e7c-1c4d9586985c,Sabretooth - Primal Instinct,collectible,22,2026-10-03 22:02:32
15b01bfd-aed1-41f5-9268-b161c14e56fd,Basim - Nightmares and Truth,collectible,333,2026-10-03 22:02:32
25cb88dd-d7f9-47dc-90c1-91df3aee5398,Deceptivespective (2017),collectible,950,2026-10-03 22:02:32
1e55bed1-1517-48e9-89d7-4cefd3ded15b,A Powerful Dream,collectible,14,2026-10-03 22:02:32
d8f17b60-acf4-4378-b6f8-ae72a08e8321,Tyrannosaurus Rex,collectible,38.9,2026-10-03 22:02:32
14c12636-4737-4344-ad41-4f92b3aa3235,JENNIE - Diamond Special Edition,collectible,2490,2026-10-03 22:02:32
440ef232-772c-441a-8db1-b077a55f445a,Tinker Bell,collectible,119.99,2026-10-03 22:02:32
b4669403-5669-48df-986b-d72292b65cee,Sebastian,collectible,69.96,2026-10-03 22:02:32
ca048ce7-e56d-48ba-b1ed-fe3aba790176,ZOFFY,collectible,19.75,2026-10-03 22:02:32
ca53cfe6-6753-4f74-a62e-26b1eee26c79,Robocop: Jetpack,collectible,60,2026-10-03 22:02:32
a02ad735-fc15-4d82-9f93-a5b80630b7ec,Emma Frost - Uncanny 2013,collectible,950,2026-10-03 22:02:32
04740707-137f-494f-92f0-5428abb1aef4,1938 James A. Garfield,collectible,88.88,2026-10-03 22:02:32
9948f482-7f31-4e5a-9fdd-951a237380b3,Ernie,collectible,50,2026-10-03 22:02:32
eb48613e-c8c4-4b68-bfda-59e874f0fbdf,#101 Jim Lee Batman V3 - Blue & Yellow Variant,collectible,25.25,2026-10-03 22:02:32
2bb0e18a-bfe1-4cd8-a0d0-d1c8a38c8ef6,Miguel Poster,collectible,38,2026-10-03 22:02:32
6b921b0c-6764-4e2f-afd8-75deb784e77e,AT-AT - March of the Empire,collectible,22.95,2026-10-03 22:02:32
8efa1a33-7ae2-4629-b862-f6cd9d246196,Sokka - Boomerang Ready,collectible,3000,2026-10-03 22:02:32
22bf0636-cdd4-4b6a-8072-54fd92ea07e8,Mandalore,collectible,25,2026-10-03 22:02:32
6853f2d5-f75f-471f-894e-fc7edd37ef18,Harriet Tubman,collectible,75,2026-10-03 22:02:32
ab0b06c2-4be4-43dc-a832-14f2c6b2b7a5,Wendy,collectible,489,2026-10-03 22:02:32
70dca326-5dc9-4e24-8c5c-1200d7409f45,Lumpy Space Princess,collectible,23,2026-10-03 22:02:32
1a7caa75-e930-4d8e-8b03-672bf40cfd5f,Princess Jasmine,collectible,75,2026-10-03 22:02:32
1619ed4e-6500-4dfe-82e2-eb3c96a7afcf,Ariel,collectible,37.31,2026-10-03 22:02:32
dd3e9080-b28f-4d8f-bf87-cf2d9731ba8b,Beta Animated 2,collectible,29,2026-10-03 22:02:32
687ad0c0-c8b5-48a7-9ac9-792b8ef95981,Raphael - Classic (Special Edition),collectible,850,2026-10-03 22:02:32
cdce3d25-b015-4565-8097-81bbfc524e54,Daredevil,collectible,30,2026-10-03 22:02:32
3097f216-96b5-4a4b-b63d-76a75f101f71,Mickey Mouse,collectible,17.99,2026-10-03 22:02:32
c92f6020-8436-4c32-9b90-e2db0d73bca2,Andy,collectible,41.5,2026-10-03 22:02:32
ac3eb071-e133-4d2a-92c5-16f68103bfff,Woody Poster,collectible,36.99,2026-10-03 22:02:32
5695db59-33ae-4ce5-a751-0f17d26265e4,Dante,collectible,89.99,2026-10-03 22:02:32
d920d7d1-8fb4-4f36-b291-e85b09ecebf6,Amazing Nighttime Spectacular,collectible,54.99,2026-10-03 22:02:32
0b56408b-874b-4fbb-a571-0f412cdccca5,Deadpool – Animated,collectible,19.99,2026-10-03 22:02:32
12ec6e39-5acf-456c-a4d3-b3cd71e412c4,Pluto,collectible,320,2026-10-03 22:02:32
11bc19eb-ef1b-4fa0-8e0d-1a8281197e90,Ghost-Spider,collectible,5,2026-10-03 22:02:32
820e6050-8dce-4bd3-ba7f-a711b8d74c23,GoldenEye - Japanese One Sheet,collectible,80,2026-10-03 22:02:32
816c41ad-60f3-48b8-8830-1c6a0da81efa,Referee Rabbid,collectible,2900,2026-10-03 22:02:32
de47a00b-94ce-4df2-ae57-e9f850b2206c,LISA Gold/Silver,collectible,213,2026-10-03 22:02:32
d605b979-df6b-43fb-a3be-9103dbd33baa,Addams Family Portrait,collectible,75,2026-10-03 22:02:32
6cc8ae1d-836a-4297-b929-fa901bb5c5d3,Brian Rood Variant,collectible,555,2026-10-03 22:02:32
68b32df0-5f80-4e31-8a4d-d0d5e8b3c436,1:1 Glider - Animated,collectible,24,2026-10-03 22:02:32
3facefe2-427f-48ec-a954-e5892b8c3b20,Yoda - Focus,collectible,81.9,2026-10-03 22:02:32
462c5fbb-fc0d-4aec-b7e8-856dea8b4963,Kylo Ren,collectible,5.99,2026-10-03 22:02:32
3f7bcd3f-6855-4e79-8854-bf0758ca311b,Groot Captain Marvel,collectible,499,2026-10-03 22:02:32
918a85ae-0c95-4769-9f0a-935330b7cc3b,Boba Fett’s Gauntlets,collectible,454,2026-10-03 22:02:32
1969839e-04bc-4433-801f-3a2007e410f4,You'll find that I’m full of surprises,collectible,17.99,2026-10-03 22:02:32
28906a0f-8d90-41fb-b193-7e619c906ad0,Harley Quinn (Stanley Lau),collectible,13,2026-10-03 22:02:32
98915f62-6e51-479b-8dd3-987585e08395,Sir Didymus,collectible,36,2026-10-03 22:02:32
bc0f680a-595a-4a36-8f10-0d325fb28e76,ROSÉ - Top of the World,collectible,595,2026-10-03 22:02:32
112e7f6e-11a6-4f58-ad0a-2002bd823aa8,Mera,collectible,10.5,2026-10-03 22:02:32
ab37308f-a1f8-4c67-8664-2ed76b13f914,The Thing,collectible,2.5,2026-10-03 22:02:32
d8bf15a2-5c6c-46ea-97d4-1cbf112c35b5,Captain America – Charging Into Battle,collectible,7,2026-10-03 22:02:32
53c4a149-6786-4946-a052-7267e8eb7feb,#06 Mike Mignola Batman - Blue & Yellow Variant,collectible,67.67,2026-10-03 22:02:32
512bf0bd-6b91-4dea-95ce-e09bb68c5438,Mirabel Madrigal,collectible,35,2026-10-03 22:02:32
e1ad3a68-1fc8-43f8-be83-2a2238c4a7c7,Death Trooper - E-11D Blaster Rifle Advance,collectible,700,2026-10-03 22:02:32
e2d61503-748c-4eaa-9a85-92c13896a93c,Jake's Banshee,collectible,44,2026-10-03 22:02:32
107f52b8-4494-4251-9193-ae32264f76fc,Ready For Action,collectible,5.88,2026-10-03 22:02:32
1a258258-8835-4cb1-ae1e-1ed782166e33,Galactus - Cosmic Laser Fury,collectible,21,2026-10-03 22:02:32
cb2ff32d-8327-46db-a8cb-9fe976a23c96,Frank Miller The Joker,collectible,39,2026-10-03 22:02:32
e3e99d26-24f5-4b41-a02f-d69faaed28b9,Welcome to San Diego – Poster,collectible,17.99,2026-10-03 22:02:32
eb8895db-94cd-465a-bc25-05ce6e18e2c2,Melvin,collectible,13.99,2026-10-03 22:02:32
0c7ae7c6-f801-4db4-bdce-79db75e2c5ce,PeopleMover,collectible,66,2026-10-03 22:02:32
80f4f105-e741-4e75-82c6-5d7bb395aa71,Doc Ock - Ultimate Animated,collectible,59,2026-10-03 22:02:32
f5caca1e-779f-4235-8622-c763fa92ccb6,Donatello - Classic (Special Edition),collectible,799,2026-10-03 22:02:32
ed1bdbf0-17f4-470e-b85a-494194f71b94,Master Splinter - Black & White Variant,collectible,799,2026-10-03 22:02:32
a3060336-615f-468c-acdc-d40e80234691,Murciélago LP670-4 SV Nero Pegaso Metallic,collectible,110,2026-10-03 22:02:32
0b129e4e-3a34-464d-8f6f-6ec4334909dc,Black Panther – Vibranium Warrior,collectible,7.9,2026-10-03 22:02:32
83e94f86-f495-4002-a3b1-1123fda8864e,Sleeping Beauty Castle,collectible,52,2026-10-03 22:02:32
eb30fff7-466f-4fac-aa0a-e8bfd78e9d57,Nemo,collectible,33,2026-10-03 22:02:32
4fb9f223-9324-4464-a674-bb275dd57e4e,MYO VeVe Exclusive Art Edition,collectible,2100,2026-10-03 22:02:32
538b85be-ef8d-4874-a7d5-916be105f292,That Cat Bronson,collectible,78,2026-10-03 22:02:32
8c57982e-2ce1-43bf-a393-662e06283783,Madame Leota,collectible,25.99,2026-10-03 22:02:32
cd795c5e-00af-4132-81af-6bc2d26e683a,Xenomorph,collectible,34.99,2026-10-03 22:02:32
f24a2d80-0214-46ab-9662-0c6e7b69521d,The House from Up: Adventure Is Out There!,collectible,7.69,2026-10-03 22:02:32
b65949df-a826-4901-9a6e-3df56e9dc774,Spider-Man 2099 - Genetic Awakening Special Edition,collectible,699,2026-10-03 22:02:32
0952a89b-b570-4e2f-acf7-63f6174c6a92,Mandalorian,collectible,67.77,2026-10-03 22:02:32
22a75249-d8f6-417d-8061-7ea04df54e46,Moon Knight 1,collectible,5,2026-10-03 22:02:32
a2d990aa-9d9f-4eb3-89b9-398dabe7fa7c,Tinker Bell Pencil,collectible,19,2026-10-03 22:02:32
de90dd30-bc92-450f-8bdc-050185f6d2da,VeVe Gold and Silver Coin,collectible,220,2026-10-03 22:02:32
4b811efb-8cfa-45be-a85d-7a66848fa075,Borg Cube (1:1),collectible,9.95,2026-10-03 22:02:32
9eabb48a-d7c8-40ca-abf6-076bf8a1c379,Star Wars Episode IV: A New Hope - Rebels,collectible,88,2026-10-03 22:02:32
9200fc5a-9913-45cd-addf-5c17bdd006b3,Starlight Orb,collectible,5.7,2026-10-03 22:02:32
d066e432-247f-4ca1-8e43-671a67a3bbd9,Ice King,collectible,21,2026-10-03 22:02:32
2df46187-6ece-4d9e-bc39-2a492acd6d2a,Be Careful Dory!,collectible,192,2026-10-03 22:02:32
40a5cbc7-3fc7-4441-8b27-96238e7b6310,JISOO Gold/Silver,collectible,200,2026-10-03 22:02:32
71556606-6539-49a3-b7b0-a3d7e743906a,Huracán STO - Rosso Epona/Grigio Adamas,collectible,68,2026-10-03 22:02:32
057b0e2b-41e3-4360-8585-dddc69a3f534,Sabretooth - Savage Presence,collectible,11.9,2026-10-03 22:02:32
a6161136-c31e-4b73-ac98-1ec9a9f188c1,Supergirl,collectible,9.85,2026-10-03 22:02:32
c03741ec-cdd4-4725-81ce-a595bc03c1ca,JENNIE - These Are Mine!,collectible,599.99,2026-10-03 22:02:32
ede59e0d-dec5-4dd0-b678-59cda9d65c90,KFC Colonel Sanders - NYCC 24 Edition,collectible,123,2026-10-03 22:02:32
9ab7ce3a-cdc7-4d0c-bd6c-9063a85f8271,Stay Puft Marshmallow Man,collectible,18,2026-10-03 22:02:32
c139b711-1f35-40ba-885e-e302c5ea7b66,RUNNING MON ver. VEVE BLUE,collectible,750,2026-10-03 22:02:32
bd4210ed-70bd-43ab-8bab-3321dda9e892,350 GT - Azzurro,collectible,70,2026-10-03 22:02:32
8040e86b-0797-463c-a594-8ea58d7ee15e,Donald Duck Poster,collectible,200,2026-10-03 22:02:32
69aa8eb1-0cd0-4a6f-8ee5-d06bd3eac21f,Miura - Bianco Polo Park,collectible,88,2026-10-03 22:02:32
9ad31f51-2af6-47c0-80fe-e5120c3744ec,Delusionville Record S6 “Last Place is First Place” - Platinum,collectible,333,2026-10-03 22:02:32
101b85cc-e958-4fa6-a25a-0ab02a243a62,Rooftop Watch – After Hours,collectible,300,2026-10-03 22:02:32
0fe59e23-6592-4313-a932-6cac2c7af374,350 GT - Blu Scuro,collectible,69,2026-10-03 22:02:32
8910315f-3cc5-4acb-8fc3-c919dd4edb1c,K.I.T.T.,collectible,7,2026-10-03 22:02:32
63f89aa6-4989-46b6-8894-c7044a4bc197,The Grand Lad Launch,collectible,299,2026-10-03 22:02:32
025f038e-f202-4ba9-b64a-aff9ccaf30f2,Maserati MC12 - Victory Blue,collectible,160,2026-10-03 22:02:32
ca649d00-5d67-405d-829c-afa85411c1fc,#12 Harley Quinn,collectible,12,2026-10-03 22:02:32
e4f7a1c5-0150-4429-8d22-b45d152c238b,Evil Chucky,collectible,18,2026-10-03 22:02:32
bbc39a36-fb1c-4fce-a32a-b2e41dc5e5d5,Anna,collectible,66,2026-10-03 22:02:32
49bb3164-c4b0-4970-b6b2-740d7829e185,Avengers Tower,collectible,29.95,2026-10-03 22:02:32
2f5e2be9-0cfa-4ca4-b763-2a0729dc57ff,Inked Stories (Eve),collectible,74,2026-10-03 22:02:32
6b480765-2dde-44e1-b6e6-d5dd4fef0c0e,A Close Call,collectible,49,2026-10-03 22:02:32
882b40f4-c586-4c68-af9b-b7bfdaca9f0d,Spider-Man 2099 - Shadow Protocol,collectible,219,2026-10-03 22:02:32
b1f02332-ba74-44fd-b060-9113b9d74e5e,Target Acquired,collectible,95,2026-10-03 22:02:32
3f2e5500-cb74-4d1a-970f-a6905b074743,Odin,collectible,28,2026-10-03 22:02:32
a69e1596-8d25-4556-a8b7-9122c2f5ad18,Maserati GT2,collectible,28,2026-10-03 22:02:32
fed9ccc0-1d4b-4403-8bfd-2c98838a5a52,Murciélago LP670-4 SV Bianco Isis,collectible,65,2026-10-03 22:02:32
e2786ce4-3883-457b-b8d4-7ac1a0748d67,Grenade Gold Edition,collectible,215.05,2026-10-03 22:02:32
febe115c-5d6b-4a2f-91d8-941e4c8c5f07,Ghost Rider,collectible,581,2026-10-03 22:02:32
4a8e584e-4cd0-47e8-8954-af74c52d90fe,Invisible Woman,collectible,3.28,2026-10-03 22:02:32
254501a1-7fd7-4d57-a4e0-eb3e70b965b5,Thor - Battle for Asgard,collectible,9,2026-10-03 22:02:32
df8fec71-7e54-4dfb-b3e4-ea9c83aceca7,Captain America – The Punch,collectible,8,2026-10-03 22:02:32
23dc5a9e-3888-4557-bfb8-80207166863c,ROSÉ Gold/Silver,collectible,188,2026-10-03 22:02:32
d4a983b5-07d5-4b85-afbf-23df999abe11,You Ain't Seen Nothin' Yet!,collectible,68,2026-10-03 22:02:32
bf5fcb3f-2e79-4928-b8ff-bbb0045da5d7,Cat-Trooper (Color),collectible,50,2026-10-03 22:02:32
bfdb0fc1-ac44-47ed-9bb5-462966414b27,Flying Balloons Girl (Red Edition),collectible,285,2026-10-03 22:02:32
bc086182-c266-4d5f-885c-fd899f79b3a4,Sket One - Dripple - Glow in the Dark Cyan,collectible,950,2026-10-03 22:02:32
924d7c50-71d1-4f66-a510-3d037c7d2353,Olaf,collectible,41.13,2026-10-03 22:02:32
87876723-9df8-4d39-a1fe-fbecf4b4788a,Supergirl,collectible,8,2026-10-03 22:02:32
19861993-902b-4a5a-a7d7-bd90a8cc5849,Honey Butt the Obese,collectible,27.98,2026-10-03 22:02:32
288da7a6-b671-410f-aeda-2dfbd355cc9c,VeVe Logo White Red,collectible,80,2026-10-03 22:02:32
da7f15db-60fa-48db-ac21-f7be7cf6917f,Batgirl,collectible,6.99,2026-10-03 22:02:32
1f7f450e-d3af-451c-978b-158aad824e9d,Storm – Mistress of the Elements,collectible,3.94,2026-10-03 22:02:32
7c472cd2-cab6-46f0-b837-d4ac17410860,The Assassin,collectible,37,2026-10-03 22:02:32
3a4281ad-3a31-4548-8eb2-2a23374925ed,Good Robot,collectible,185,2026-10-03 22:02:32
92acb92c-a257-4dc0-abb2-3647b2a310a2,Lucky Rosso Gold,collectible,699,2026-10-03 22:02:32
319f7e96-0519-416f-b180-7b3fc4ecb240,Doug Mahnke Batman,collectible,4.8,2026-10-03 22:02:32
eaff1411-4a8b-40b7-9e26-5d45cd8e409d,24K D.J.,collectible,299,2026-10-03 22:02:32
98370f9b-b3fe-4261-a4c1-4fdfed88e97b,Experiment 626,collectible,9.25,2026-10-03 22:02:32
108a7d60-fd3b-4478-ba70-0e1b8b792f35,Harley Quinn (Philip Tan),collectible,35,2026-10-03 22:02:32
f2dde0a0-27dc-4722-9473-367332b37a85,Velkhana,collectible,85,2026-10-03 22:02:32
bc138a78-4dc1-44c2-a284-ddf4901dc58c,ULTRASEVEN,collectible,24.95,2026-10-03 22:02:32
368d273a-dd5f-470b-8574-899a4033ed82,Elsa Poster,collectible,160,2026-10-03 22:02:32
8d8093ae-34a6-4ef5-a7b4-4b5fe9bd8892,2023 OG,collectible,249,2026-10-03 22:02:32
a8134f12-e3ec-4f85-b0c9-7694dd3f3407,Lyja - Fantastic Four Outfit,collectible,670,2026-10-03 22:02:32
21a011ac-f110-44c6-9465-600be0d281ad,Time to Remember,collectible,29.99,2026-10-03 22:02:32
806c58f2-0af1-4ebe-860d-a41d6cc4c13d,Time of Your Life,collectible,30,2026-10-03 22:02:32
768e3b9d-2b74-420e-be62-2a375fbd911f,Crowd Favorite,collectible,7,2026-10-03 22:02:32
f1efa276-6ab9-4b33-88b0-a49114e5cd04,M.Bison - SF 30th Anniversary,collectible,210,2026-10-03 22:02:32
1d9b6785-9c6a-482b-9720-7bb9ba57acac,Princess Bubblegum,collectible,10.95,2026-10-03 22:02:32
17577ff6-659a-48d4-a500-938c653f444e,Murciélago LP670-4 SV Oro Adonis,collectible,29.99,2026-10-03 22:02:32
0edde921-abe4-44cb-9a15-c64cb2f26560,Gallardo - Giallo Midas,collectible,149,2026-10-03 22:02:32
607fb0b6-ff1b-4324-bbc4-cd2cf32e262f,"My, oh my, Minnie!",collectible,175,2026-10-03 22:02:32
1b932f99-0cfd-4841-ba0d-476192b9904c,#11 Harley Quinn,collectible,8,2026-10-03 22:02:32
0606f20c-c5c0-45af-a49a-6d25e3d5ee96,Gambit - Kinetic Assault,collectible,200,2026-10-03 22:02:32
81aca877-c44a-4469-a8f5-32c9b26a4872,House of Cards - Amelia Earhart,collectible,59.99,2026-10-03 22:02:32
f5a9fdc5-7bbb-4ac0-85da-8e85028f6840,Turtle Cycle,collectible,20,2026-10-03 22:02:32
8a03f0f9-49ef-476f-8597-c76736f7b5e6,Labbicorn,collectible,15.35,2026-10-03 22:02:32
a4703b6c-7cdd-4ad3-87b6-f7600c23f322,Nuclear Wildlife,collectible,149,2026-10-03 22:02:32
10f278dd-3d5b-425f-b12c-4bdbc7f24b7c,Back to the Future,collectible,30,2026-10-03 22:02:32
61a84d22-d05c-446d-a41a-ca17ffb242b1,The Addiction #2 - Ryan Brown Exclusive Framed Artwork,collectible,1700,2026-10-03 22:02:32
ecfef978-7b52-4179-89ff-04628e4dd67b,Gilgamesh,collectible,17,2026-10-03 22:02:32
d8a553e2-3b90-4d7a-b6a2-eb8644df4148,Beta Animated 1,collectible,13.99,2026-10-03 22:02:32
a59d9661-2544-46d1-841c-b773f0330c94,Sarah Sanderson,collectible,45,2026-10-03 22:02:32
94e3db13-8cbc-4673-92c0-c75c2d627aa2,Holiday Groot – Ultimate Animated,collectible,6,2026-10-03 22:02:32
b0759b9f-3cf2-4c3c-bc09-223e27989d16,LISA – Lover Girl,collectible,385,2026-10-03 22:02:32
aa82feac-0198-4f8a-807a-d6b32b6633c6,ROSÉ – Soft Girl Era,collectible,499,2026-10-03 22:02:32
1fa1a04f-0477-4f7b-a7d5-ba38b85e5bde,Woody,collectible,18.99,2026-10-03 22:02:32
92398d20-9cf9-4e36-a40e-b5beec443728,Lunar New Year: Snake - Pane of 20,collectible,100,2026-10-03 22:02:32
6f38d107-f584-49fc-9679-f2b881a37abe,ROSÉ Pink Venom 4,collectible,215,2026-10-03 22:02:32
bd955bb1-baf6-4d0b-a70d-5b14283f8384,Death Trooper - SE-14r Blaster Advance,collectible,387,2026-10-03 22:02:32
66b61c70-1953-48c0-9557-281671cd3d29,Coca-Cola Creations Footprint,collectible,6.5,2026-10-03 22:02:32
d2f007b7-bbd9-45a8-a085-7cb1e5edef9a,Cogsworth,collectible,97,2026-10-03 22:02:32
f35e3e0b-dc86-462d-b06b-9c0abe74b924,ECOMI Logo Red Circle,collectible,4.22,2026-10-03 22:02:32
4339063a-38a7-41ee-895f-21fb3abb0c89,Perlina,collectible,7.33,2026-10-03 22:02:32
f768b31c-dcef-4122-ad4e-ca3837071108,The Golden MYO,collectible,544.99,2026-10-03 22:02:32
8675c8c5-d42c-4103-9a52-9ba2c1e49096,JISOO – Charming Hello,collectible,498,2026-10-03 22:02:32
5f63b00e-88e9-4784-8600-856dd951e06d,U.S.S. Enterprise-D (1:1000),collectible,6.5,2026-10-03 22:02:32
36428d98-5f2b-406e-a6b8-fca3a70ad74c,Donald Duck,collectible,18.63,2026-10-03 22:02:32
b3d41370-81f9-40aa-8b5e-8b2b9f3ea2fb,Grade School Guernica 2022,collectible,12.99,2026-10-03 22:02:32
7baca69c-34f2-454d-8cc2-cbf619ff74f0,Thena,collectible,16.49,2026-10-03 22:02:32
e342f3a5-9c98-4ec3-ad2d-2112b6bf3c0f,Deadpool the Duck,collectible,29,2026-10-03 22:02:32
6b9b6046-7fbd-43e1-bfe0-54a5f4ddeb0b,Rogue - Southern Powerhouse,collectible,12.5,2026-10-03 22:02:32
bbbb36f1-681b-4ea7-80e9-449697bfae68,Jungle Cruise,collectible,29.32,2026-10-03 22:02:32
1748a526-6473-45d1-8c60-3812e1571ca8,it's a small world,collectible,53.43,2026-10-03 22:02:32
e84cb947-3c97-486c-9b6b-f299af4cc6b9,Cookie Monster - Gold,collectible,18.99,2026-10-03 22:02:32
e4508980-6ec1-4337-9535-c18a494c62d7,Harley Quinn - #18 Guillem March,collectible,22.85,2026-10-03 22:02:32
15f0b30e-8770-4102-8226-7fd6f22cf8df,To Infinity and Beyond,collectible,6.5,2026-10-03 22:02:32
3cbb638b-f450-4bb8-9288-37016cb680d5,Turtle Blimp,collectible,18.99,2026-10-03 22:02:32
76ad35ee-43da-47ed-bdf6-e09eba102017,Storybook Land Canal Boats,collectible,28.99,2026-10-03 22:02:32
d1a65019-8f2e-471e-94d0-c3de74c3b851,Weapon Racks – Gold Black,collectible,31.89,2026-10-03 22:02:32
8f02fc96-7086-4afc-b681-f0892d1d0621,Death Trooper - DLT-19D Heavy Blaster Rifle Advance,collectible,1111,2026-10-03 22:02:32
7a6ca21e-6cfa-4cc7-8836-d2614578c960,Powdered Toast,collectible,1950,2026-10-03 22:02:32
c420311a-2c0c-434c-9c76-9d294e6cc304,Spider-Man 2099 - Temporal Vanguard,collectible,189,2026-10-03 22:02:32
52c66175-587f-4df5-92ea-23dd07836d65,Maui,collectible,29.93,2026-10-03 22:02:32
86d59fbf-23ee-491d-bdce-9a8c5de94285,LISA Pink Venom Card,collectible,78,2026-10-03 22:02:32
7a892a43-f3b9-4542-ab17-7fd15022899a,Thunderbird,collectible,14,2026-10-03 22:02:32
886b4db9-44cf-4f79-9c92-bf70ddf63bed,Bill Sienkiewicz Variant,collectible,234,2026-10-03 22:02:32
3380b39e-a974-4f27-89c3-12dc6995fbee,Planet Hulk,collectible,31,2026-10-03 22:02:32
4df7e05f-0ae4-416c-91e1-d5a2af686a01,1866 Abraham Lincoln (originally 15 cents),collectible,19.88,2026-10-03 22:02:32
df39672c-65a7-4146-af25-e5abeac76b0b,Corsica,collectible,15.9,2026-10-03 22:02:32
0fecdd27-1603-4e20-a7c0-eda9f7f391eb,JISOO - Under My Umbrella,collectible,515,2026-10-03 22:02:32
15a5f28b-8cc8-4838-aaee-8beb67e17313,Predator - Unseen Edge,collectible,1111,2026-10-03 22:02:32
5af1a0a3-e761-408a-b9cf-3a66f63540bd,H.E.R.B.I.E.,collectible,199,2026-10-03 22:02:32
42004604-ef70-4d00-bedf-65e361acf531,Sam Wilson - Rise of the Hero,collectible,222,2026-10-03 22:02:32
b97ceb11-7da0-43de-be46-53583f036a4d,Jawa 02,collectible,250,2026-10-03 22:02:32
d2e7d889-d5d5-43c1-a133-58e58514a272,Chestburster,collectible,125,2026-10-03 22:02:32
d4af21d2-86cd-430c-877b-501b6cbc3cff,Darth Vader Bust - Original,collectible,28,2026-10-03 22:02:32
8648d886-ed81-4ea1-bae7-cb1a0bc975bd,MYO - OG Gold,collectible,450,2026-10-03 22:02:32
2155ec3c-d999-4fcc-9e79-b204da2319ab,Hawkeye,collectible,99.9,2026-10-03 22:02:32
00f74840-9bf1-4881-b138-15ca772c1985,ED-209 - Animated,collectible,25,2026-10-03 22:02:32
3de45cbc-3a22-433d-92c0-a8099d775e8d,Green Lantern (Hal Jordan),collectible,22.5,2026-10-03 22:02:32
4ba2733e-9df3-4ae7-9392-7f8fbe46bcea,Storm – Windrider,collectible,4.5,2026-10-03 22:02:32
856e7c22-27a8-4eb7-b6c1-9d827dbf0f26,Cyclops,collectible,25,2026-10-03 22:02:32
440badb6-242f-414a-bc86-db6f15f2cc8b,Jake the Dog,collectible,10,2026-10-03 22:02:32
94f72775-7b61-4e82-9f93-58e03cf89d2e,Her Majesty Special Edition,collectible,550,2026-10-03 22:02:32
043ed720-aa2c-49fa-8dd2-9607de31a386,Ken Story,collectible,136,2026-10-03 22:02:32
88cbd191-476f-4e7a-9413-f0b69715c35f,Scar,collectible,61,2026-10-03 22:02:32
e144ca42-a942-4a0c-8c5f-e30a32c037d9,The World Is Not Enough - Chinese One Sheet,collectible,60,2026-10-03 22:02:32
1c22b893-611f-4047-80eb-191462a96b61,Aventador SVJ Roadster - Verde Alceo,collectible,26.95,2026-10-03 22:02:32
101b30a5-9ace-4261-b419-fc3e0518e384,Human Torch - Flame On,collectible,207.9,2026-10-03 22:02:32
488697cf-fc29-478a-807b-99795f740790,Bucky Barnes,collectible,4.8,2026-10-03 22:02:32
b983ef4c-8054-46c2-97b0-89b153e8f1cc,Views of Our Planets - Neptune,collectible,216.99,2026-10-03 22:02:32
7b39db08-adcb-4dc8-bfc2-4511197c5625,Eye of Agamotto - Open,collectible,9.22,2026-10-03 22:02:32
90c5b82b-983f-4417-be09-2c6edd456898,Dark Robin #3,collectible,22,2026-10-03 22:02:32
5de77082-bc76-411a-bdaf-20287f7f0867,R5-D4,collectible,50,2026-10-03 22:02:32
84717424-94be-4da6-a2d8-54d291c64e66,Sung Jinwoo - The Awakened,collectible,104,2026-10-03 22:02:32
37353ee5-47b8-4498-a220-7851c6dd0923,Michelangelo - Classic,collectible,18,2026-10-03 22:02:32
6a42790c-8c28-43a3-8f73-6e17f3d50eb0,Crimson Stormtrooper,collectible,8.95,2026-10-03 22:02:32
87421638-1cf2-4b7f-878e-5258796a5a4f,Manitoban,collectible,109.99,2026-10-03 22:02:32
0bc0d4a4-2727-4886-bd25-423df94a818a,Su Huan Jen,collectible,4.5,2026-10-03 22:02:32
7610d8e8-04ab-4ba8-8fca-b3ecd395cda9,Ajak,collectible,8.89,2026-10-03 22:02:32
ab958f89-ccd1-4b8f-a520-ae2fa638d138,Cthulhu Idol - Jade,collectible,27,2026-10-03 22:02:32
ab4c9545-781b-496c-bf57-23a23e5dc432,Flower Bomber (Concrete Edition),collectible,39.99,2026-10-03 22:02:32
8126c77c-ac97-4851-83be-4f95e29b9ec4,Year of the Rat,collectible,59.99,2026-10-03 22:02:32
6f5c2461-9501-45fe-8077-70169d70efd5,Black Death Greaper - Sket One,collectible,200,2026-10-03 22:02:32
418f4269-ff34-4cff-a679-1781a334ff6b,Elsa,collectible,26.33,2026-10-03 22:02:32
990dad00-c145-4344-8ce6-4058364d402d,"Bone Appetite - 1,000 Wott Yellow",collectible,52.99,2026-10-03 22:02:32
b10cb1f5-1eea-4a08-a929-db421e184ec2,Holiday Groot – Merry Groot-Mas,collectible,2,2026-10-03 22:02:32
8854d1aa-b535-4a8d-9a7f-1392b8581136,John F. Walker,collectible,2.9,2026-10-03 22:02:32
0c733e42-6f3a-4411-a1df-e6795a3ae291,Ursula: I Get What I Want,collectible,3.79,2026-10-03 22:02:32
0a4f3b15-f261-431d-9c36-92a362040e2a,JENNIE Pink Venom 3,collectible,230,2026-10-03 22:02:32
28ed3953-b326-4d02-aa27-d472e939f213,One Above All,collectible,150,2026-10-03 22:02:32
5c7c7adc-0758-43c8-8da6-c8282704cc2d,T. rex Animated 1,collectible,9.99,2026-10-03 22:02:32
ced96cf7-496b-49f5-8ad7-d4963127a980,Keith - Red Lion,collectible,59,2026-10-03 22:02:32
1049f40a-b3db-42ef-aeec-036b9e4ecd88,Elektra – Lady Daredevil,collectible,8,2026-10-03 22:02:32
f5e0f729-c64c-4d77-bdf6-831cc180a9fa,Ikaris,collectible,2.9,2026-10-03 22:02:32
d34e9c60-06e9-456d-9d60-e9f2bd92b7d2,"I’m Buzz Lightyear, I’m always sure",collectible,10,2026-10-03 22:02:32
43f8507e-4ad6-420b-b6ca-1c1b86d9e275,Captain America – The First Avenger,collectible,5.8,2026-10-03 22:02:32
882fd08e-05c8-44c4-97d1-98f907cd40b7,Buttercup,collectible,13,2026-10-03 22:02:32
10ed10b6-6155-4afb-9173-cd81cb0aaa76,Steve Rogers - Action,collectible,15,2026-10-03 22:02:32
f2060261-c159-4ce8-9fdc-2b8f1588a234,Maserati Alfieri - Yellow,collectible,1179,2026-10-03 22:02:32
e987d51b-8d5a-4e6e-9ef7-f46d61e0a653,Mjolnir - Thor: Ragnarok,collectible,33,2026-10-03 22:02:32
cdcce4ca-2e6f-4f31-bf6a-d91ea7dec3d7,LISA Pink Venom 4,collectible,155,2026-10-03 22:02:32
a676dd9a-bd22-4a67-8233-3df6b0844726,Snow Globe - 4 Coke Bottles,collectible,4.75,2026-10-03 22:02:32
3aef8b4f-fe03-4fc9-aa77-cea709ec5988,All Aboard!,collectible,55,2026-10-03 22:02:32
9c67d52d-1f05-4a9a-abb7-dfb390da50bc,Scout Trooper,collectible,35,2026-10-03 22:02:32
3481427c-7ec6-4129-8adf-f241937581ce,ROSÉ Pink/Silver,collectible,211,2026-10-03 22:02:32
3035942c-117c-404f-9098-5df698f59272,The Lion King Pencil,collectible,14.99,2026-10-03 22:02:32
e955dcc5-43e2-4cdd-a978-c8b66ddd6c96,Miura - Arancio Miura,collectible,26,2026-10-03 22:02:32
0bc64cce-45bd-46de-b08b-a80e1c00773c,Jade Dragon,collectible,27,2026-10-03 22:02:32
a3de4dbf-1f2d-4b16-b24d-e2869dab6766,BLACKPINK NEON LIGHT - JISOO,collectible,499,2026-10-03 22:02:32
3510f366-2964-49ae-b856-a29064e9c253,She-Hulk - Prosecutor Punch,collectible,102,2026-10-03 22:02:32
9f0d867f-016d-4f1a-8e45-4d6acec2fc82,Holiday Groot – Festive Lights,collectible,2.8,2026-10-03 22:02:32
d0825aa5-9a1b-41ce-b4d2-8e06fec57710,Aladdin Pencil,collectible,13,2026-10-03 22:02:32
aa23955c-37a3-4ba1-a850-1e190065333d,Wanderers,collectible,40,2026-10-03 22:02:32
51e601a8-e50b-4f2f-95a3-3b11ae49b4de,OG Devil Bunny - Gold,collectible,18.95,2026-10-03 22:02:32
3a78b26c-78b0-4aef-aab8-db75173e5e52,Huracán STO - Grigio Titans/Giallo Belenus,collectible,25,2026-10-03 22:02:32
03e6bff4-5dd3-4433-9124-1459f9591096,Ultraman Day Poster,collectible,14.5,2026-10-03 22:02:32
6edf0436-e37c-4e2f-a811-22e5df176765,Edna Mode: Bold! Dramatic! Heroic!,collectible,7.19,2026-10-03 22:02:32
668bbcec-c6ea-4b6f-8706-e4adfacd2826,Emma Frost,collectible,95,2026-10-03 22:02:32
ee46c303-5b18-4836-b6d8-9865afb2e133,Huracán STO - Bianco Asopo/Blu Le Mans,collectible,17,2026-10-03 22:02:32
31586ead-75c1-49b0-b315-1d95f3928583,Magnolia,collectible,5000,2026-10-03 22:02:32
75c89ca4-c8fa-44b1-bc4c-e68a3d0c8d0a,Creepshow Coffin - Vol. 3 Issue 2,collectible,100,2026-10-03 22:02:32
f8b0814e-80ca-4758-99c2-5b19784fa308,Jack-Jack,collectible,24.95,2026-10-03 22:02:32
b6d21cbe-d479-4daf-b6a6-fcb3188ec9fc,Bellina,collectible,19.99,2026-10-03 22:02:32
14c3d3f8-d6b0-41c5-8551-5f63cdec4bce,Frida Kahlo,collectible,50,2026-10-03 22:02:32
8d6308a3-feaa-492d-b308-ef82ac4bed3a,Electric Lola,collectible,75,2026-10-03 22:02:32
8e561f57-6f16-49d2-b6f1-06fa9576feec,Gaze,collectible,450,2026-10-03 22:02:32
41247f91-ce79-4eb3-86c5-17a03d01169a,Boo The Cat - Haunted Edition - Mike Egan,collectible,75,2026-10-03 22:02:32
d2f4cb16-5993-4aeb-9016-7003bf41f0f0,Vanellope,collectible,49.99,2026-10-03 22:02:32
88076df3-4a65-4675-836d-19bc361e0ab5,Failure of Control,collectible,9.99,2026-10-03 22:02:32
3d0039e4-8252-4343-ace6-994fbbfa1f67,LISA - Animated,collectible,96,2026-10-03 22:02:32
4e3995e4-db33-43c6-8198-7bfbeeda6935,VeVe Level 100 Logo v2,collectible,499,2026-10-03 22:02:32
6e742a1c-ba66-4442-8ba8-e04850d1414e,For Your Eyes Only - Japanese Poster,collectible,55,2026-10-03 22:02:32
cfbbc91d-b9ab-4e09-afad-13c93761456c,Mjolnir - Thor: Love and Thunder,collectible,20,2026-10-03 22:02:32
db3be9f1-26cd-4fa9-b5c4-18158e4d530d,Welcome to New York – Poster,collectible,22.99,2026-10-03 22:02:32
070d3269-79d6-4aaa-8d7d-95cb1218499c,Tamed Rancor,collectible,300,2026-10-03 22:02:32
8b5c020d-d2a7-4784-933d-2c00406a8208,Radiator Springs Sunset,collectible,140,2026-10-03 22:02:32
eab7f4a3-ca72-4787-8e07-132180df423a,Power Orb,collectible,42,2026-10-03 22:02:32
fba213fa-736f-473b-b62e-433f8248b8ad,Mech Bobo - Gold,collectible,99,2026-10-03 22:02:32
1383dac9-2cf7-4a54-9776-21ec07065d57,Avatar Jake Sully,collectible,500,2026-10-03 22:02:32
967e6313-09df-458c-9d97-ef05de184ee8,House of Cards (2019),collectible,109.99,2026-10-03 22:02:32
ad13a3f0-64b8-453e-8c2e-23d8fea2192d,Captain Hook: Never Smile at a Crocodile,collectible,10.99,2026-10-03 22:02:32
6a94ae27-164a-49e0-83b0-d18ae7e33e95,Coca-Cola Starlight Can,collectible,3.3,2026-10-03 22:02:32
2db18c43-ffa3-4823-93fc-209e7eb77d77,Diamonds Are Forever - Japanese One Sheet Poster,collectible,24.99,2026-10-03 22:02:32
aab442c6-8b61-485f-b06c-49b9772f7c9b,Imperial Royal Guard,collectible,49.99,2026-10-03 22:02:32
a840e47a-0db8-46bd-bffe-c1c5ecb295d3,Zombie Captain America #1,collectible,2.7,2026-10-03 22:02:32
d9ac86dd-bb8b-4211-817a-db2a77324a75,Evil Queen: Wickedly Transformed,collectible,14,2026-10-03 22:02:32
5cd65143-b35b-4757-bb7a-275775e39eb0,Nostromo Corridor,collectible,142,2026-10-03 22:02:32
94d57d40-8f63-4ac0-9dd8-86b82da93d79,Title IX - Block of 4,collectible,25,2026-10-03 22:02:32
460769ba-fa96-44ac-b549-6200383ae710,A Merry Time You Will Have,collectible,50,2026-10-03 22:02:32
1d3ed97e-712d-462a-a742-23d41e730e9d,Dancefloor Dreams – Ultraviolet Drift,collectible,220,2026-10-03 22:02:32
d8a1dc4b-e648-4227-8392-1d8974b32fd1,Baby Velociraptor in egg,collectible,35,2026-10-03 22:02:32
f0290021-bc6c-43c3-b346-fec20c00a4c9,#5 Harley Quinn,collectible,15,2026-10-03 22:02:32
4ceba0e1-b6d4-48a0-a9ad-da51cb24f16c,"Focus, Please!",collectible,3.5,2026-10-03 22:02:32
3e628ba1-7c41-4d53-8ae7-ecc2aa09512a,Michelangelo - IncogNinja,collectible,100,2026-10-03 22:02:32
2af5a235-d387-495e-b01c-b90ca6f71e48,Simba,collectible,19.5,2026-10-03 22:02:32
210d1f92-1a57-47d4-aff0-965aff056b32,Cthulhu Idol - Bronze,collectible,24.62,2026-10-03 22:02:32
714686f5-ea2a-41ae-b2c5-b09b79ea69b2,UCI Italy Blue and Beta,collectible,85,2026-10-03 22:02:32
3b43ff0a-b0ae-4df8-a9d2-f19cada64cd5,Cheshire Cat,collectible,39,2026-10-03 22:02:32
1e7014fa-7d7d-4af4-95fb-296d359612f4,Storm – Queen of Wakanda,collectible,7.5,2026-10-03 22:02:32
31232a5e-f1b3-43a9-bb8b-94c3c36b406e,Day of the Dead Father,collectible,8.55,2026-10-03 22:02:32
4b9f9c7e-e909-4c6f-b7fa-a940596b22d2,Lumi,collectible,215,2026-10-03 22:02:32
c62142c0-cf6b-4d96-92dd-ad0140ab0a41,Miles Morales,collectible,14.95,2026-10-03 22:02:32
47bfe8eb-1d1e-4455-9d19-df88e3af8856,Defense Mode,collectible,6.98,2026-10-03 22:02:32
f9f80a96-fd46-4967-aef2-3571369639f7,Mr. Knight 2,collectible,10,2026-10-03 22:02:32
c9f36d96-2776-469a-904b-83356104dd94,Ghost Rider - Danny Ketch,collectible,39.99,2026-10-03 22:02:32
cc9e5fc8-50b8-4d65-86d7-3eff279f65cf,Green Goblin - Action,collectible,185.99,2026-10-03 22:02:32
75fd5ad6-8c57-442e-b909-f5cda1ec3917,Winter Soldier – Wakandan Warrior,collectible,199,2026-10-03 22:02:32
a60477fd-6e2e-4482-bab5-02a3ee36be28,‍Gasgano’s Podracer,collectible,47,2026-10-03 22:02:32
e6ef0939-167c-4aba-9ca4-c52b373062cd,1861 Benjamin Franklin (originally one cent),collectible,8.25,2026-10-03 22:02:32
136beee1-a56f-4ccc-8982-a00bcae3b42c,Title IX - Soccer Player,collectible,10,2026-10-03 22:02:32
840cd502-351b-4397-b1c0-1cfcb612b799,Grogu,collectible,15.77,2026-10-03 22:02:32
1a7a521f-21a0-4468-b6ce-be8e55823815,Thanos - Philosopher,collectible,14.9,2026-10-03 22:02:32
48d02f31-a339-4cdf-b28d-b5d94cfac577,Beast,collectible,44,2026-10-03 22:02:32
859a587a-35e0-4f7e-a306-fb67aa97e47a,Wayob,collectible,71,2026-10-03 22:02:32
a8e88f46-106f-4792-a9be-b511c776084a,Atlas Ready,collectible,8,2026-10-03 22:02:32
bdbb93d0-c9db-41ef-8790-190b4088942a,Thing,collectible,23.99,2026-10-03 22:02:32
6d881588-9efd-47a4-9fda-ef7180ac35a9,Guile White,collectible,164,2026-10-03 22:02:32
769ec7c1-d048-4967-8747-e64114ecc51a,D&D Pepperoni Problems,collectible,188,2026-10-03 22:02:32
93344756-7317-46e1-bbb0-00560fca3fea,Rainbow Caverns Mine Train,collectible,23.99,2026-10-03 22:02:32
125b902c-7c6e-4262-a58f-4f3e4ee8d195,The Rise of Ultraman #1 - Alex Ross,collectible,6,2026-10-03 22:02:32
c28c3378-9625-4b15-819e-d09e49466d1b,Quiet Pistachio,collectible,66.8,2026-10-03 22:02:32
c69b7701-c33f-4801-99f3-080450f2b6c7,Hawkgirl,collectible,12,2026-10-03 22:02:32
704bdbba-09b9-4c25-9e18-292da2b87c6e,The Crystal Waterfall - Tara McPherson,collectible,69.99,2026-10-03 22:02:32
fc394894-444f-43ad-927b-19390c5eef03,Harley Quinn Deluxe 2,collectible,6.99,2026-10-03 22:02:32
1ec30cf6-aa54-4577-8a1e-aca18b95b40a,Mooka,collectible,8.44,2026-10-03 22:02:32
905d1ad2-a6fe-4a98-b199-0d5e6ad9d2dd,The Rise of Ultraman #1 - Ed McGuinness,collectible,5.95,2026-10-03 22:02:32
722b09ee-0fc7-4ee4-99ca-08cc05eb0852,Party Wagon,collectible,15.5,2026-10-03 22:02:32
d37448eb-4dd9-4693-abb5-3747fb07ef3f,Flo’s V8 Cafe,collectible,32.16,2026-10-03 22:02:32
f9e82d52-57cc-467d-ab0a-00b45ccb6bdb,Tinker Bell Poster,collectible,125,2026-10-03 22:02:32
efe5cbdd-b3ed-40e0-9a00-c0c654af5f8e,Goose,collectible,88,2026-10-03 22:02:32
ed756ab9-b7ed-4a1c-a35f-ff171d050cf1,A View To A Kill - US insert,collectible,50,2026-10-03 22:02:32
9f061b04-5b7c-4f88-bf20-e4ce6b7783b6,The Living Daylights - UK quad,collectible,50,2026-10-03 22:02:32
842e1d51-02b9-4762-9c4d-12f95f0b12d2,Ken Blue,collectible,158,2026-10-03 22:02:32
d7f3cc8e-4732-451e-82d2-e8cfd3543834,Magneto,collectible,41,2026-10-03 22:02:32
fa08de73-250d-4e26-a6eb-e3ae46378b26,Blade,collectible,45.18,2026-10-03 22:02:32
407c2658-6e20-471f-b677-95e95dffd4a3,Community Events Participant Award,collectible,45,2026-10-03 22:02:32
c9840620-e6cb-4265-8e45-40b4910c7948,Jersey Devil,collectible,7.5,2026-10-03 22:02:32
6aa7e21f-2901-4dbb-b36c-1e25711642ee,Red Wagon Inn,collectible,23,2026-10-03 22:02:32
8c2a6f95-80eb-47db-9e64-ccebb639d0d7,VeVe Logo White Green,collectible,45,2026-10-03 22:02:32
38240a36-10d1-4653-ba38-61bd524e3ef3,Jean Grey - Phoenix,collectible,22.9,2026-10-03 22:02:32
c03eb0c1-33cc-4a24-a104-c1c3633becd1,Invisible Woman – Sue Storm,collectible,3.05,2026-10-03 22:02:32
0c20eae8-dd0c-4786-ae2b-a4c9445783c0,Arendelle in Spring,collectible,73,2026-10-03 22:02:32
db176824-95ee-45ce-bd44-a127c3f8e143,1938 John Tyler,collectible,40,2026-10-03 22:02:32
6897547b-b936-4c5a-961d-e6303f0a58ef,Blue Animated 2,collectible,17.5,2026-10-03 22:02:32
17e0ad50-e443-46f9-9016-0f79c5753a7a,Kaiju Tokigold,collectible,89,2026-10-03 22:02:32
09ccc7cb-b9f1-40be-9860-79138b01230c,Cookie Monster,collectible,8,2026-10-03 22:02:32
a68f4b72-a24f-460f-b702-cee4cc6ebdf3,The Nightwatch,collectible,39.99,2026-10-03 22:02:32
283eb154-2c8c-4ebb-92ce-50548e63983b,Torch Dragon,collectible,15.38,2026-10-03 22:02:32
52632c0d-18f3-4a8e-9b89-71ae12d3eb8d,Betty Boop - Country,collectible,80,2026-10-03 22:02:32
87b0e695-6422-4005-a898-294b76ac64d1,Question Mark Hoverboard,collectible,9.99,2026-10-03 22:02:32
930d65c5-68db-4833-b585-ea9d47b26521,Fat Tony,collectible,9.98,2026-10-03 22:02:32
b33280f4-4d16-49ed-9787-581eee052e2f,Astro,collectible,12.66,2026-10-03 22:02:32
3b29e012-06e9-4749-b230-b88b5b351868,Virtual Rabbid,collectible,399,2026-10-03 22:02:32
11f07bd6-7fc3-4516-897a-0da17d09abe5,#60 Dick Sprang Batman,collectible,8,2026-10-03 22:02:32
744b99e7-9eea-4c7e-b6dc-27f9f695c3ba,True Blue Ahwroo,collectible,499,2026-10-03 22:02:32
bff6c07d-832d-4d1a-82aa-be214645deb0,Raphael - Tune-Up Workshop,collectible,11,2026-10-03 22:02:32
1d121222-5f88-404a-9ecc-303d87a3a04e,Lamborghini Countach LP 400 - Rosso Siviglia,collectible,45,2026-10-03 22:02:32
2851a4fe-65d5-4421-a406-a6dd778c3fa6,Invisible Woman – Animated,collectible,11.99,2026-10-03 22:02:32
c3f8ef28-201b-4e53-a0e8-69dedc782de4,Blue the Leader,collectible,6,2026-10-03 22:02:32
eb1a9ec3-d193-4956-bcb8-d16d5a4a68a7,Captain Carter,collectible,7.95,2026-10-03 22:02:32
2b6f2e01-7360-44e0-95fa-be03276bb3b8,Mephisto,collectible,229.99,2026-10-03 22:02:32
27d639fc-8d6c-4805-86dd-85731a0cd474,Leonardo - Dojo Discipline,collectible,49,2026-10-03 22:02:32
91c62af2-5b60-4a7c-a14d-9ec8eee3e013,Snow White,collectible,9.77,2026-10-03 22:02:32
a3823ed6-2f7b-4fbc-8647-7a20f161c3a0,Stitch Poster,collectible,129.99,2026-10-03 22:02:32
9d7c8721-adf8-454a-af4d-4217ba661766,Alligator Loki - Animated,collectible,12.75,2026-10-03 22:02:32
8714a00d-df10-428f-8c23-64fce00d35f9,Tarzan Yell® Animated Statue,collectible,18,2026-10-03 22:02:32
1d259322-4273-4319-b20a-c1a8be22a2c6,WDAS Animation Desk,collectible,24.4,2026-10-03 22:02:32
757a84af-fce0-4884-9556-b95349fcc1f0,Deadpool – Candy Cane Combat,collectible,5,2026-10-03 22:02:32
ad631f86-3ea0-4e6b-8e24-0f96c66a0f85,1938 The White House,collectible,25,2026-10-03 22:02:32
6eff407c-b40c-4a35-944d-f4bf410001ec,Rocket to the Moon,collectible,22,2026-10-03 22:02:32
12f57d47-86bc-440e-a88a-2b44337ac54b,The Punisher - Armored Vigilante,collectible,143,2026-10-03 22:02:32
0e356311-25da-401b-a2aa-cf451305175d,Shiro - Black Lion,collectible,35,2026-10-03 22:02:32
aafd6cbb-b019-4312-9f50-a096b8be9943,AMC Tyrannosaurus rex,collectible,8.9,2026-10-03 22:02:32
f510df1a-7aec-47fe-8125-d9871701c550,Reva,collectible,39,2026-10-03 22:02:32
0b298557-dc9b-43f7-84b8-ac20588a5e65,Connor - Protector of Liberty,collectible,14.99,2026-10-03 22:02:32
c0fd5575-0a5f-4625-a271-bf050842057c,Sakura Dragon Girl,collectible,44,2026-10-03 22:02:32
dafd1777-5245-4a69-9b99-c31926c307dd,Red Hulk,collectible,18.99,2026-10-03 22:02:32
4b5d4e5a-8af6-462b-8305-426d62f1aef8,Aratech 74-Z Speeder Bike,collectible,18,2026-10-03 22:02:32
069acda0-d0af-47fe-b9b8-258498de1e95,Star Wars: Episode V The Empire Strikes Back - Master Yoda,collectible,33,2026-10-03 22:02:32
bc74cd99-3dd5-440a-8105-a1c9f37596a9,Oscar the Grouch - Gold,collectible,19,2026-10-03 22:02:32
89f1561b-78b1-4a9f-9aaf-09543d007bd0,Maserati MC12 - Stradale,collectible,21.99,2026-10-03 22:02:32
13fa3163-40fd-4a64-8cb5-1cf180ee7b99,Mister Fantastic – Brain-Box,collectible,37,2026-10-03 22:02:32
565e7106-f8a4-475a-a5c3-b99564cdbe60,Star Wars: Episode VI Return of the Jedi - Exploding Vader Helmet (Poland),collectible,80,2026-10-03 22:02:32
c780ae69-e498-4b3b-95fc-be6d8345f881,Throg – The Mighty Frogjolnir,collectible,10,2026-10-03 22:02:32
b409ff1e-7859-493d-af23-a66ea2e5a7ef,Ultimate Warrior Jake,collectible,140,2026-10-03 22:02:32
bb8e1812-e8d4-4107-8e29-cb2dcad0348c,The Punisher - Fists of Vengeance Special Edition,collectible,300,2026-10-03 22:02:32
eb8fd10b-7584-4d27-a8b7-90508a2ff7c1,Lincoln Ripper Board,collectible,23.99,2026-10-03 22:02:32
98522b53-091c-40a4-9340-6ba27bb61913,Rising Through the Cracks,collectible,1399,2026-10-03 22:02:32
f6449165-c84d-4d58-8931-05f103b80d91,Sakura - Battle,collectible,238,2026-10-03 22:02:32
09671fc1-7831-4ed5-812e-f78612774a56,Yoskay Yamamoto x Munkyking - Moonflower,collectible,14.49,2026-10-03 22:02:32
facd0219-4b19-404b-bbce-d69ef1478ce1,Spider-Man 2099 - Action,collectible,200,2026-10-03 22:02:32
b8a474b2-e594-484a-a0f5-59f26ebdab97,Bunny Blossom,collectible,33,2026-10-03 22:02:32
56128c3c-1c59-4be5-82f5-380d0712f9cf,Ironheart - Neon,collectible,745,2026-10-03 22:02:32
6b496024-0a09-49be-b7f7-4ee655b38eea,Dogpool,collectible,15,2026-10-03 22:02:32
de4a7aac-7b16-48d4-a6f2-3aaa3ea90bdb,Bombed Ting - Sket One,collectible,75,2026-10-03 22:02:32
fd3033ce-51d1-484a-8f5f-102aaf7cf99f,Boo's Activated Door,collectible,44,2026-10-03 22:02:32
cbddd94c-f918-4062-9155-527066262481,Snow Globe - Polar Bear,collectible,2.99,2026-10-03 22:02:32
b4d25ed8-b8d9-4baf-80c5-47c5339e9788,The Angelfeesh #388 by Brian Morris,collectible,12.98,2026-10-03 22:02:32
3ab09024-348e-4e98-9f7d-cbe428fe0d19,Uprising,collectible,11.28,2026-10-03 22:02:32
020331ea-b8e1-4552-b804-50eca175b88c,Mogul Grin - Gold Skull,collectible,61.95,2026-10-03 22:02:32
dd94e937-9be1-4fcb-b2ed-e90951df2213,1985 Coca-Cola Space Can,collectible,13.78,2026-10-03 22:02:32
b583108d-f77c-4399-a91e-0fb59ccbba47,Big Bird - Animated Gold,collectible,95,2026-10-03 22:02:32
498009da-d0bd-48a5-824d-cd038af77cff,Remember Us - Vital Voices I,collectible,19.99,2026-10-03 22:02:32
2b187b2b-fa3d-440d-80c1-2389f864d051,The Protector,collectible,18.37,2026-10-03 22:02:32
f642c3f2-965c-4380-8c7f-8e063c25390d,Thor - God of Thunder,collectible,2.96,2026-10-03 22:02:32
f56c9594-2b98-4fa7-9617-3b0a884a6c32,The Rise of Ultraman #1 - Yuji Kaida,collectible,7,2026-10-03 22:02:32
d98cd2ce-46f0-46bc-b5ca-72e9737c8a44,E-Rank Hunter - Frame,collectible,699,2026-10-03 22:02:32
3c94d7bf-2a58-4e7b-901d-2d177a642da3,Felix – Dual Realms,collectible,180,2026-10-03 22:02:32
03ac1002-6575-4474-bf58-6175aee35f97,Gelatina,collectible,4.5,2026-10-03 22:02:32
cbeeec13-aef9-4d30-a06b-6d429669b152,Sirena,collectible,4.49,2026-10-03 22:02:32
1d0fbe2c-0db4-4185-a84e-32d0ba6b344d,Ballroom,collectible,40.3,2026-10-03 22:02:32
988f4190-a511-487e-b2c4-94f26e80c94d,She-Hulk - Animated,collectible,26.25,2026-10-03 22:02:32
aa427c53-ab3f-48f7-ace3-519c7f210141,Predator - Unguided Wrath,collectible,230,2026-10-03 22:02:32
c61291f1-af7e-4016-ba93-708ade3c1eaf,Professor X,collectible,39.95,2026-10-03 22:02:32
e8e8f443-c51f-409c-970b-026a7ec7ce20,Ogopogo,collectible,9.99,2026-10-03 22:02:32
0e238bc3-0cda-4163-9cd5-ce63b2845986,Kassandra,collectible,40,2026-10-03 22:02:32
823669db-6bde-4c3d-8709-0469d7fe8da3,Donatello - Dojo Discipline,collectible,45,2026-10-03 22:02:32
f09d3ca4-d90a-4844-a28b-3207b87161a4,Bat-Signal,collectible,4.49,2026-10-03 22:02:32
09a7a419-9df7-414f-b32f-a1d1c8578f82,Wings of Desire,collectible,59.9,2026-10-03 22:02:32
aa07ce2d-aeff-4234-9eeb-78d70f92c429,Chun-Li Red,collectible,139,2026-10-03 22:02:32
84432ed0-e21a-453d-861b-1932c2412bed,Leonardo - Tactical Dojo,collectible,10,2026-10-03 22:02:32
fde25c18-f029-423b-a295-07de8a210cf9,1:1 Ecto-1 Static,collectible,5.98,2026-10-03 22:02:32
f5c9bb3e-292b-45c6-a809-f9df9e1cf6a8,ROSÉ Pink Venom Card,collectible,68,2026-10-03 22:02:32
ecf76de9-38aa-47b0-be70-9cc382a800bb,Howard the Duck - Duckworldian,collectible,99.99,2026-10-03 22:02:32
31e89ed2-c694-41cb-944d-e0636dece312,Belle,collectible,24.5,2026-10-03 22:02:32
4ee198eb-1dd7-435c-9967-63297f2eb4e0,Count Calorie,collectible,21,2026-10-03 22:02:32
c5e52380-cdde-4fbf-bcf4-e52cdb27e970,Death Becomes Her…Eventually,collectible,39.99,2026-10-03 22:02:32
4d54ae43-aee0-4c77-98cb-0da25af253ee,Yeti,collectible,4.4,2026-10-03 22:02:32
ac6b2087-e417-421f-8599-d486eb5881e2,DCon Mascot - Space Edition - Scott Tolleson,collectible,149,2026-10-03 22:02:32
0e0313e5-e1bb-43be-bf73-e45bf130d86b,Two Ton Sam,collectible,8.88,2026-10-03 22:02:32
3c76162d-7198-411c-ac08-64853daa07eb,Winifred Sanderson,collectible,30,2026-10-03 22:02:32
d3c57055-e2cd-41df-a10d-c6c980cd3521,Supernova,collectible,31,2026-10-03 22:02:32
557544aa-8c6f-4b1c-855f-150b0adf7e63,The Last Supper Diorama,collectible,19.99,2026-10-03 22:02:32
83049796-892b-4044-9bbd-667124d07f37,Joy,collectible,15.99,2026-10-03 22:02:32
db772d9c-36b0-478a-bfd3-fd09814d91a9,Michelangelo - Dojo Discipline,collectible,44,2026-10-03 22:02:32
62cf09ca-e5f2-4695-8394-c0209bf56422,Raphael - Dojo Discipline,collectible,44,2026-10-03 22:02:32
08ff2277-5ae8-428c-80c1-4cb8df9d6622,Velkhana - Animated,collectible,26,2026-10-03 22:02:32
e89c9a52-2ea0-4b70-a5da-0781b07776c6,Flounder,collectible,99.99,2026-10-03 22:02:32
be660c37-ee7b-4da4-84ba-2138788889cd,Rising Sun Hoverboard,collectible,7,2026-10-03 22:02:32
6a16c802-bd86-4597-ac21-35b2a495cd55,Lei-la,collectible,10,2026-10-03 22:02:32
91628d4f-bf1a-454d-a213-424f34877bd2,No Tech Hoverboard,collectible,5,2026-10-03 22:02:32
ff4f925c-6495-4ec3-b8fc-c08aaff142a3,Single 2 1/2d 'Lake Wakatipu' gummed stamp,collectible,65,2026-10-03 22:02:32
3164f5e3-044d-477d-8022-0a99dead294d,Leonardo - Classic,collectible,13,2026-10-03 22:02:32
0fddd6c6-e19b-4d90-9475-b0844f2ae883,Throg – Frog Of Thunder,collectible,5.99,2026-10-03 22:02:32
e3f45c09-9bc7-43b0-ab69-47d0359de44d,Frozone,collectible,55.55,2026-10-03 22:02:32
0339d145-bec4-41e5-895b-155f6368ab44,Chrysalis - Hueman,collectible,29.99,2026-10-03 22:02:32
a8691a6a-9bad-40fd-b0de-a11d3f54041e,Mjolnir - Thor: The Dark World,collectible,24.99,2026-10-03 22:02:32
a9f17552-12a7-4ada-937d-e1c91ee023c4,Monovader - Shadow Drop,collectible,500,2026-10-03 22:02:32
1e30f14b-8d53-451c-a1e4-24ffdc99f44c,Necronomicon (Book of the Dead),collectible,20,2026-10-03 22:02:32
98ccff78-6042-42d7-849b-dbb09f3ad944,Ken,collectible,90,2026-10-03 22:02:32
1e6e313f-c608-40aa-91c7-3965d7a806ab,The ADDICTION Gold Logo,collectible,600,2026-10-03 22:02:32
457030d3-4f72-450c-ba2c-70c6aa10b366,Ezio Auditore da Firenze,collectible,19.5,2026-10-03 22:02:32
4e65766e-d432-40a3-8465-f8a0a0270a2f,Ultraman Rising Poster,collectible,69,2026-10-03 22:02:32
1cdb7278-0d85-493d-90ab-85bd3faac35f,BB-8 - Thumbs Up,collectible,178,2026-10-03 22:02:32
6423ffc0-d8e3-4f1c-94a1-7299ad991bf9,Cosmo,collectible,45,2026-10-03 22:02:32
1194ee6f-a407-47f9-b3de-efbb7aa587ea,Mr. Knight 1,collectible,2.77,2026-10-03 22:02:32
bda03b90-7740-4ec4-b011-9e6a7a971d60,Deadpool’s Chimichanga Truck,collectible,6.25,2026-10-03 22:02:32
f2851bc1-9dad-415a-b90c-cfb60f6e8449,Wolverine - Weapon X,collectible,37,2026-10-03 22:02:32
f37c5bb1-5803-49d1-b4ef-3e6958c031fb,Hunk - Yellow Lion,collectible,49,2026-10-03 22:02:32
f2dbe081-b82e-4a5e-881b-b7460f31eac1,UCI Italy Tyrannosaurus rex,collectible,299,2026-10-03 22:02:32
faa1cb7e-9274-4b21-a48f-26b137903729,The Feesh Force 5 Box Robot,collectible,150,2026-10-03 22:02:32
a39be8a4-d03d-4de5-b85d-4e8da1a4ef02,Professor X,collectible,42,2026-10-03 22:02:32
90fbbfcd-1a34-4c91-b48a-3da0da426562,Luisa Madrigal,collectible,19.99,2026-10-03 22:02:32
fe54f61c-cb18-4d85-bd0f-cb9305e4c463,Iron Man - Marvel Metallic Red,collectible,68,2026-10-03 22:02:32
dbed7372-f79d-4638-a180-1da2e36195f4,Alice,collectible,16,2026-10-03 22:02:32
444f60ea-3bfd-472b-b774-24916aba489f,Lamborghini Countach LP 400 - Bianco  Siderale,collectible,19,2026-10-03 22:02:32
5494ef8b-c77a-48cb-b813-a5f6ec7602fe,Jaws,collectible,18.99,2026-10-03 22:02:32
e4b06af3-a0a8-4e68-96af-3e01d573fa5e,Creepshow Coffin - Vol. 4 Issue 1,collectible,150,2026-10-03 22:02:32
afdcb3d4-b0d6-42f8-bc08-821d518119ff,Black Cat,collectible,7,2026-10-03 22:02:32
8cd80eee-73a2-4ccc-b28b-5b959ef16bd4,Beacon of Kahless,collectible,249,2026-10-03 22:02:32
cbea19a1-4736-447f-a98e-c26085b66f58,Kang 2,collectible,31.25,2026-10-03 22:02:32
a494f556-ebcd-4252-b4ec-ccd52c331c5c,Mickey,collectible,19.33,2026-10-03 22:02:32
0b39709d-b8c7-4dc4-ae55-83d940cb7891,Altaïr - Before the Leap,collectible,149,2026-10-03 22:02:32
0f658da6-d65d-49c3-b144-9f5e354a863d,Bert & Ernie - Gold,collectible,159,2026-10-03 22:02:32
114f9b05-5004-4657-884c-744baa97b872,Weapon Racks – Pink Blue,collectible,5.49,2026-10-03 22:02:32
4d93b049-3e0f-47bd-a73c-d44970d25cac,Golden Toby,collectible,31.28,2026-10-03 22:02:32
eda67c9c-4bb1-4b8d-9d6c-d2ce337cf711,Epiko Logo - Blue Metallic,collectible,844,2026-10-03 22:02:32
22576b46-edb4-4d22-9b0e-08ecaba5458e,Acquaria,collectible,3.75,2026-10-03 22:02:32
37f7f7ba-2961-4105-a0dc-87d7365d48af,Destruction of the Cosmos,collectible,38,2026-10-03 22:02:32
53472f76-2eda-4c12-8ac1-4706e2297226,Peter Pan's Flight,collectible,35,2026-10-03 22:02:32
d1ca1d95-e3e0-4309-ba6f-e6dcbe94a23c,Disneyland Monorail,collectible,34.99,2026-10-03 22:02:32
d1099f21-5336-42cd-a813-42fddfcf2aff,Night Trooper,collectible,49.18,2026-10-03 22:02:32
a226b4ca-a314-4665-8021-953622add643,Dave Pressler - Shut Up And Paint!,collectible,41.5,2026-10-03 22:02:32
f968c5ea-9b9f-4fd8-ad1b-db994db7e076,Valfré Zodiac Girls - Fire Signs – Aries,collectible,31,2026-10-03 22:02:32
798a6596-1284-45ee-b5ed-fde755e05803,Flying The Little Prince,collectible,38.97,2026-10-03 22:02:32
4e1ee74f-6a01-4ab9-beaf-b479335a127b,Cathedral Tank,collectible,895,2026-10-03 22:02:32
27227527-80c8-4345-849e-cb9b72893c82,A Darling Little Block,collectible,42.99,2026-10-03 22:02:32
1d606841-f6e5-4d91-89d3-85aa99fad3f3,Wolverine - X-Jacket,collectible,33,2026-10-03 22:02:32
a512f767-6f55-42d5-b489-a5dfaf7b0cc3,"Lights, Camera, Hijinks!",collectible,7.44,2026-10-03 22:02:32
2d7d08b8-c2b2-4b85-b33c-40ef7c38afde,Nina Palomba - Hub the Golden Heart,collectible,110,2026-10-03 22:02:32
667dfe39-caca-4fa3-b427-c5311b15fa43,Seymour Evil Monkey – Yellow & Red,collectible,55,2026-10-03 22:02:32
3fc07801-dfee-4865-b7a5-3a7f372e77ec,Galactus and Silver Surfer,collectible,75,2026-10-03 22:02:32
de9e5e5c-5e00-4db1-be89-69281e8907ae,Peter Pan,collectible,27,2026-10-03 22:02:32
9f05802b-35e5-4e0c-8a4a-5176d3f96240,She-Hulk - Fantastic Four Outfit,collectible,456,2026-10-03 22:02:32
d3447383-b923-4c25-bc0c-e3306a03e2f5,OG Devil Bunny - Black,collectible,9.95,2026-10-03 22:02:32
4804e172-42a2-419f-b1f0-431ece52c00a,Deadpool – Ugly Sweater Party,collectible,2.7,2026-10-03 22:02:32
53902cb1-10c4-43a0-ad24-a0ad1cbd1a02,Mrs. Incredible,collectible,27.98,2026-10-03 22:02:32
c4723a29-0e71-4ef0-ad7f-20adea4d8e07,Tomorrow Never Dies - UK Quad,collectible,40,2026-10-03 22:02:32
616429e9-1288-45a4-b7ac-ea8af9431c19,Beta the New Kid in Town,collectible,5,2026-10-03 22:02:32
7528dee9-9938-42c1-9561-468154c20a56,Galactus - Cosmic Devourer,collectible,6.66,2026-10-03 22:02:32
b2fe3dd7-19c3-4898-8cc6-358e27495a0c,BLACKPINK NEON LIGHT - JENNIE,collectible,350,2026-10-03 22:02:32
1954a733-c85c-4260-9ebe-006ca2ea7387,Zinogre,collectible,50,2026-10-03 22:02:32
beebd4fa-865f-4397-9034-95548858a0ca,Sakura - Nostalgia,collectible,125,2026-10-03 22:02:32
3cb65b13-935b-465c-b293-828d73cfae4d,“It’s Time To Play” Poster,collectible,16.66,2026-10-03 22:02:32
20d143e3-0c79-428d-bd40-403cd93a8e08,AAARRRGGHH!!!,collectible,46,2026-10-03 22:02:32
4ecac144-fa6a-4d23-9b8d-36e6f2092499,Darth Vader Samurai - Blade of the Empire,collectible,129,2026-10-03 22:02:32
67cbb002-bb92-4daa-865c-27cf5263f2d1,Beta - Attack Ready,collectible,6,2026-10-03 22:02:32
278fb92e-bb02-495f-8fa3-d894f175eefb,Invisible Woman – Fantastic Heroine,collectible,3,2026-10-03 22:02:32
9c03916b-f57c-43d8-a0b0-7f7dbbbf73d9,Tian Zun Huang Yin,collectible,40,2026-10-03 22:02:32
4038f22d-a3a7-4fd2-b59f-ca57fbe81668,Labbit Ornament,collectible,40,2026-10-03 22:02:32
455c863a-8802-447c-a952-24462371b732,Big Trouble (Original Colourway),collectible,40,2026-10-03 22:02:32
9d350a7d-2df8-4a34-a560-3add67a04dcb,The Spy Who Loved Me - German Special Display Poster,collectible,39,2026-10-03 22:02:32
1bb217e8-acd9-4b09-9841-42ec994d4de7,Mysterio - Smoke and Mirrors,collectible,21.5,2026-10-03 22:02:32
9905fe6b-866f-4d35-96bb-df37ab67d1fd,Frozen II Pencil,collectible,13.98,2026-10-03 22:02:32
3a8116de-e5e6-4eb8-bf71-db3b2c208bbb,Throg – Lightning Leap,collectible,17,2026-10-03 22:02:32
12dff1c4-fdb0-4cb4-aa52-634554f9a882,Mulan,collectible,25,2026-10-03 22:02:32
3e5cb4ae-ab83-494c-87d6-2b4373cad416,Edward - Dual Stance,collectible,17.5,2026-10-03 22:02:32
150e871e-0f23-4ed9-a0a9-509d0d6c857d,A Time Of Togetherness,collectible,36,2026-10-03 22:02:32
ad11c67d-5365-48b9-80e9-00c4a0e67f91,"""It Wasn't Me!""",collectible,11,2026-10-03 22:02:32
367a490c-567c-4e47-b79d-142a25f97489,Gallardo - Arancio Borealis,collectible,49.95,2026-10-03 22:02:32
1f3da159-b35e-4128-a634-de4a163cc587,Eagle Eyes - Blue Metallic,collectible,399,2026-10-03 22:02:32
bfefe48f-8fd8-4c5d-973c-c9bd5013ae18,Espresso Bobo,collectible,399,2026-10-03 22:02:32
f20b6280-e9c4-481e-9a67-549fa354bb67,Gambit - Glowing Kinetic Fury,collectible,65,2026-10-03 22:02:32
22331401-5e57-4de1-9cc3-6571d63c6f86,The Amazing Stan Lee,collectible,11.99,2026-10-03 22:02:32
91ae052f-7496-48f1-a96d-0ece0dca200d,Safin’s Mask,collectible,5,2026-10-03 22:02:32
9d25ee7b-bf59-4d56-a391-f7329bfe8973,Rocket,collectible,43,2026-10-03 22:02:32
f413be9f-1152-4047-b346-798b279e9170,My Toy - Honey Bunny,collectible,100,2026-10-03 22:02:32
d75d2725-013c-482a-b742-2466a220b495,Sam Wilson - Wings of Defense,collectible,69.99,2026-10-03 22:02:32
20b4a3eb-2580-403c-bbce-ec7805a90f89,Namor,collectible,34.99,2026-10-03 22:02:32
8283c167-a79d-4308-853a-bdb08368eb5a,Fastball Special,collectible,69.96,2026-10-03 22:02:32
88150db3-a2e8-48ac-b9a1-a66f2f0ff36d,The Invisible Woman - Invisible,collectible,35,2026-10-03 22:02:32
095a1313-ca1e-4f99-a376-0717c0d5b4cf,Headspace Skull - Luke Chueh x Munkyking,collectible,90,2026-10-03 22:02:32
d0a26d72-a119-430d-aa7a-8b3af766cb76,Rafiki,collectible,17.5,2026-10-03 22:02:32
298cf1c3-0321-4a18-9bcc-b32cb0e1b242,Cinderella,collectible,10.46,2026-10-03 22:02:32
e0f54705-754e-4973-92a6-56a6194ef000,With Love and Kisses: Booklet of 20,collectible,59,2026-10-03 22:02:32
2387c605-0f0b-4415-ad9d-0901814ee103,Murciélago LP670-4 SV Blu Nova,collectible,23,2026-10-03 22:02:32
5dad6c76-0208-4bf4-ba8f-d8f98ef67d79,Star Wars: Episode V The Empire Strikes Back - Re-release Poster,collectible,66,2026-10-03 22:02:32
2bc5bee2-7cf8-4d51-96f8-e15f57f45359,Ultraman Collectible Poster,collectible,95,2026-10-03 22:02:32
f7b41c83-6975-482c-ad53-1a3e86dea877,Pet Owner,collectible,49,2026-10-03 22:02:32
9f3b4e78-a88f-475d-8e7c-0570346bdf93,AT-AT - Frozen March of the Empire,collectible,52.5,2026-10-03 22:02:32
bbaa7ca7-7861-4f23-be96-6e771c65e2f9,Metropolis II,collectible,250,2026-10-03 22:02:32
ebb7de05-9267-43e8-a01d-0ab08ed05e29,Maserati Alfieri - Silver,collectible,16.99,2026-10-03 22:02:32
c3f086bc-1748-40e4-8ff4-fd8d67e178ca,1851 Benjamin Franklin (originally one cent),collectible,9,2026-10-03 22:02:32
bfc830d9-4653-4599-b0ec-770a5d9d0bd6,Chupacabra,collectible,3.8,2026-10-03 22:02:32
0684af31-6a9e-4b97-9013-8edcaa587c85,Aratech 74-Z Speeder Bike – Patrol Division (Brown),collectible,77,2026-10-03 22:02:32
12901d40-475f-4dd3-86a1-328e108583d6,Wreck-It Ralph Pencil,collectible,17.01,2026-10-03 22:02:32
a6e8bbec-d028-4a64-9592-f90474bde29c,Sabretooth’s Cave,collectible,35,2026-10-03 22:02:32
63784d1e-edc7-47d0-990c-cc9bfd334287,Doc Ock - Marvel Metallic Red,collectible,12.99,2026-10-03 22:02:32
0433455f-ebd3-447d-bb00-347564d5f6a4,Guile Story,collectible,139,2026-10-03 22:02:32
119e5750-cb5b-49a3-bb88-f7979ee98480,Blue Animated 1,collectible,8,2026-10-03 22:02:32
9cfdb320-2b4e-40b3-8552-f94e98fc2350,kozyndan - The Bunnies Fall,collectible,18,2026-10-03 22:02:32
0ae0b47d-0ad6-4665-82db-bc5f0b80de67,John F. Walker - Action,collectible,14.98,2026-10-03 22:02:32
e8064631-1c9d-408a-ada4-7534693c8c12,Sentinel,collectible,9.1,2026-10-03 22:02:32
ba623eaa-2499-424b-8a36-3750ae2e509b,Beast,collectible,13,2026-10-03 22:02:32
55f33fdf-64f0-4b85-9aba-93cbcee1c912,Space Station X-1,collectible,31.99,2026-10-03 22:02:32
eaa4170a-284c-40b5-9add-db1034f91d4a,Bayek,collectible,16.7,2026-10-03 22:02:32
611ca783-461f-4b52-8eb3-d9aeb29613ca,Kate Bishop,collectible,54.5,2026-10-03 22:02:32
a11a8cdb-2ed2-483e-bdea-7f657ff0b82a,The Rise of Ultraman #1 - Adi Granov,collectible,7,2026-10-03 22:02:32
a74f1cdf-2a37-41a5-adeb-ac975ac647b1,Soul Stone,collectible,1.99,2026-10-03 22:02:32
842f5443-b6d0-4fec-a3cb-a17b91d9287b,Dream from Day to Night,collectible,16.75,2026-10-03 22:02:32
e70c5b5f-24c2-4a21-9b33-3108dc9b9433,Log,collectible,369,2026-10-03 22:02:32
5be6ac11-59a6-4c87-9651-b5b06187f979,Rambo Takes Aim - Animated,collectible,13.99,2026-10-03 22:02:32
2e71ad76-e3d9-48ea-97f9-35844a65a189,Stormbreaker - Avengers: Infinity War,collectible,49,2026-10-03 22:02:32
37a67fd7-bc6f-4902-b73e-9d175399bd03,Wolverine - Battle Ready,collectible,16.89,2026-10-03 22:02:32
c3dd8bc8-8c6d-460a-b858-7531a283ba89,Bert,collectible,22,2026-10-03 22:02:32
b22f21e5-c808-4571-86fc-18f69f0157e9,Spooky Silhouettes - Ghosts,collectible,50,2026-10-03 22:02:32
6185c05a-15a0-4df0-9b93-17cbd50bca97,Sabochan,collectible,28,2026-10-03 22:02:32
37a0ce2f-fa91-4f05-84ea-7b33ef2a3229,Magik - New Mutants 2009,collectible,950,2026-10-03 22:02:32
e395a1f1-c561-45a2-a13e-f62adb8297a3,Transformative Potion,collectible,38,2026-10-03 22:02:32
4ba5e77c-a4f6-44c8-a709-6b2e63c38fd3,Miguel,collectible,16.44,2026-10-03 22:02:32
b39fd90a-c0dc-40ab-83da-7f142cc2b450,The Visible Labbit,collectible,17.5,2026-10-03 22:02:32
47d33114-b974-4393-a3b7-3a66f8772844,Prima Donna,collectible,6,2026-10-03 22:02:32
0459f991-814c-4e82-9d42-2210578b1de1,Queen of Hearts: Not Impressed,collectible,3.3,2026-10-03 22:02:32
a92b2d75-4194-43c2-a82c-cfc1accf4eb8,Stellina,collectible,6,2026-10-03 22:02:32
6d8ffc87-c8c7-4d76-8a21-144dcd199a8f,Bad Robot,collectible,99,2026-10-03 22:02:32
bfbb5341-6a35-4ecb-b3a7-896bf6eb870c,Year of the Horse - Pane of 20,collectible,37,2026-10-03 22:02:32
cff35b1c-56ae-4a5a-884d-ab06503836bd,Potball MOUSE,collectible,149,2026-10-03 22:02:32
274f616c-a057-4680-9e73-ceee27e35c58,Ryu Battle,collectible,99,2026-10-03 22:02:32
68649d9c-b610-4ac0-a07a-f14a1fca6585,Raphael - Classic,collectible,10.95,2026-10-03 22:02:32
cac519a3-0048-440f-8214-e84268395831,Excelsior!,collectible,17,2026-10-03 22:02:32
1778f949-7f87-4ef5-91e1-cc1f8bbd5700,OG Devil Bunny - Red,collectible,4.9,2026-10-03 22:02:32
6ce1c832-7253-4dd3-b0e9-d8292fcb4462,Always Somewhere Else - Roji,collectible,50,2026-10-03 22:02:32
3b2abe1a-4389-4ba7-809c-565d1ae25fa8,"""Vader's Little Princess""",collectible,13,2026-10-03 22:02:32
d6d5078f-5301-4a78-bfe6-e56d90c89b9c,I Am Groot,collectible,8.98,2026-10-03 22:02:32
5049ea9f-4377-4d68-b1b1-59752a08c6be,Brave the Elements,collectible,59,2026-10-03 22:02:32
42910818-f5f7-4e55-8b42-78a98ef4f471,"""Batter Up!""",collectible,17,2026-10-03 22:02:32
be8452a6-baa2-4adf-9049-31887af1fa80,Wolverine - Rage Unleashed,collectible,58.88,2026-10-03 22:02:32
488b4d3e-b76b-447f-a922-c2f33711d93c,Jawa 03,collectible,3.83,2026-10-03 22:02:32
a2427100-bcfc-4c0c-ad8c-7946b7aca29b,The Pink Panther - Pink Chrome,collectible,20.2,2026-10-03 22:02:32
6d0d3e7e-502d-4e49-abf5-e7e5ed978e1d,Goblin Knight,collectible,14,2026-10-03 22:02:32
9e545359-1e52-4b28-99a7-cab799e99eaf,The Secret History Of Delusionville - Platinum,collectible,17,2026-10-03 22:02:32
575b686d-20ac-40df-a304-3968fa7724ce,Sisters Three,collectible,88,2026-10-03 22:02:32
36d4a1e9-2398-4262-ad35-251d5a868865,Kingpin,collectible,39.95,2026-10-03 22:02:32
89bb6b19-83b8-4688-90a3-bdb642623015,To Die For,collectible,8,2026-10-03 22:02:32
546d39b0-c7e7-4bef-b2ba-8bca695397a0,Nightcrawler,collectible,8,2026-10-03 22:02:32
cb508977-583e-48b0-9459-019fb07752d6,Mariachi Souvenir Sheet,collectible,39.99,2026-10-03 22:02:32
0b014c03-97ab-4bb8-ab5b-2d7cd60f1b4c,Flying Balloons Girl (Concrete Edition),collectible,24,2026-10-03 22:02:32
29f8d6bd-7a41-461f-b1f7-19a018561cda,Good Guy Doll Box,collectible,4.8,2026-10-03 22:02:32
96bd10c3-bb88-4df3-a7ba-545ba25f2513,Cylon Basestar,collectible,15.99,2026-10-03 22:02:32
5da277e1-31b3-4d38-8ae4-6a1edc188a12,Lady Deadpool,collectible,2.46,2026-10-03 22:02:32
8f2e4472-e04f-4113-ab71-106112df43cb,Wolverine - Old Man Logan,collectible,48,2026-10-03 22:02:32
a8f8d463-7081-4fdf-b411-1a3182200f8b,Big Thunder Mountain,collectible,16,2026-10-03 22:02:32
e4f3eeae-2c16-4aeb-8c80-2f9413f13dfd,Specimen #04,collectible,31.9,2026-10-03 22:02:32
62cf5e24-1fea-432c-aec0-a0c4a71bed9b,Phastos,collectible,1.77,2026-10-03 22:02:32
4d590f1f-cd8c-455e-93a4-493df1376419,Infinity Gauntlet,collectible,9.99,2026-10-03 22:02:32
8c607c16-1fef-4953-8eba-d0c37b744dc6,Diablo - Yellow,collectible,20,2026-10-03 22:02:32
f037f161-585a-4e62-b28b-1f9d4f9198ef,Invisible Woman – Psionic Defender,collectible,4.92,2026-10-03 22:02:32
b4f2e132-73e1-4f89-ac51-ad9ef582974d,CIARA ver. HAZARD,collectible,159,2026-10-03 22:02:32
a9cf4299-2493-4009-9925-77089d16b4f5,Flying Saucers,collectible,29.99,2026-10-03 22:02:32
40f0f126-d43a-42b5-b7f1-9401b8722678,Gallardo - Nero Noctis,collectible,45,2026-10-03 22:02:32
ef25573e-0032-4a64-91cd-d4c6938f5f10,Cerulean,collectible,4,2026-10-03 22:02:32
6e450e21-4d52-4533-ba09-08ae348f6de0,Darkseid,collectible,16,2026-10-03 22:02:32
3ba43c69-7849-4b63-8663-f95d84e06343,The Writer,collectible,70,2026-10-03 22:02:32
399cf35d-73a6-4156-b17c-6ca2adea7e04,Sersi,collectible,1.75,2026-10-03 22:02:32
2b465114-39b1-46e5-9b27-b8d378a6803b,Robotic (2021),collectible,52.5,2026-10-03 22:02:32
e2f54639-0860-41f2-8e74-d02e8659d7c3,Fumo,collectible,8.99,2026-10-03 22:02:32
684d93e2-0ecf-47a5-a2c5-1c7dd0b8d4dd,Spider-Man 2099 - Beyond Destiny,collectible,14.95,2026-10-03 22:02:32
6c2e0c21-ecec-421d-a15c-6e1e18923f67,M.O.D.O.K.,collectible,13.45,2026-10-03 22:02:32
d9142a24-fb93-439c-9c06-e09b52172052,Going to War,collectible,139,2026-10-03 22:02:32
6039dbf3-378d-4976-a4a7-e021a8c9ae1c,Star Wars Episode IV: A New Hope - Space Battle,collectible,29,2026-10-03 22:02:32
5c6a7271-9748-42a7-a5ba-77b1d21945bf,Mad Hatter,collectible,16,2026-10-03 22:02:32
8ab3a017-e896-4b64-96b0-d739466ad264,Firetown,collectible,48,2026-10-03 22:02:32
ad1dc02e-0225-47e8-8cbc-93b5b4a7646e,Iron Man,collectible,12,2026-10-03 22:02:32
b11c1a84-a154-4340-91a7-bfb6a7eb54cf,Marvel Iron Man 18” – Gold,collectible,69.29,2026-10-03 22:02:32
8fb5ccce-9c4a-49ab-b206-440767b49495,Loki,collectible,4,2026-10-03 22:02:32
013e6d39-c3e5-4a39-b0bc-28c6ef799694,​​Matt,collectible,4,2026-10-03 22:02:32
aeb72fff-a401-468b-b12d-744199d0de22,Day of the Dead Child with Hair Bow,collectible,4.65,2026-10-03 22:02:32
d6033d14-4af7-4aee-a38f-080e4cd98fd1,Gouged Stormtrooper Helmet,collectible,129.77,2026-10-03 22:02:32
f86eb938-23d5-4f18-9a3d-fd8978d2ebce,CRYSTAL LORD - Tristan Eaton,collectible,92.5,2026-10-03 22:02:32
56c63f1f-6636-4954-8f6a-49933cee761f,Miura - Giallo Miura,collectible,110,2026-10-03 22:02:32
1b80b8da-dcdd-499e-af5b-0a91308d58e2,1860 George Washington (originally 90 cents),collectible,11,2026-10-03 22:02:32
8d00206c-0013-4bfa-b97f-5efbf70b7ab5,Team Parker - Golden Gloves,collectible,90,2026-10-03 22:02:32
845cb818-dc62-49b2-ae48-b1f65f63e205,BLACKPINK NEON LIGHT - LISA,collectible,209,2026-10-03 22:02:32
52a97c71-02e6-454a-ac2b-0a35600c1f9d,Thor - Marvel Metallic Red,collectible,69,2026-10-03 22:02:32
4f866f13-3e6e-435d-ab50-7fb9ee57b734,Hitchin’ A Ride,collectible,10.42,2026-10-03 22:02:32
06137121-cc15-4b85-b69d-346b97d20337,Maserati MC12 - Pantone Orange,collectible,37.61,2026-10-03 22:02:32
cf3098f2-ed07-48c1-9ff0-69dfe022b9a0,‍Ben Quadinaros’ Podracer,collectible,30,2026-10-03 22:02:32
ec1ee9f4-8389-4f8b-9303-cbe02d2ba0c6,Young Warhol,collectible,11.99,2026-10-03 22:02:32
d3c78510-b498-45f6-9857-ebd22c0ad1b7,The Count - Gold,collectible,130,2026-10-03 22:02:32
6fc97448-752d-42c7-9365-e535ff86073f,Dolce,collectible,5.5,2026-10-03 22:02:32
785c098f-b182-4056-a5cf-cc7ca15237ab,Snow Globes - Block of Four,collectible,89.99,2026-10-03 22:02:32
025a320d-8bce-4fad-9cb2-4b41d6a2f727,Sung Jinwoo - Weakest Hunter,collectible,14.95,2026-10-03 22:02:32
358985ca-0e52-4a1b-aeb7-c4e678e65b0d,Matt Murdock - The Vigilant Defender,collectible,7.68,2026-10-03 22:02:32
fc9edd6c-11d2-4aba-86e4-dfc47934023c,Diablo - Orange,collectible,30,2026-10-03 22:02:32
c9d59609-5b77-4acc-a73d-8a78141e7089,Cap'n Cornstarch,collectible,9,2026-10-03 22:02:32
9dd117df-348a-4ade-8f7e-19e3f7963f35,Aang - Waterbender,collectible,29.99,2026-10-03 22:02:32
6a029c43-2d73-42e2-bff4-8e0c919bea6a,Wednesday,collectible,12,2026-10-03 22:02:32
66e806df-9fef-4e2b-90b0-4c0ef4bb6974,Magneto Venomized,collectible,14.99,2026-10-03 22:02:32
a6cc34d4-e9c3-4d8c-8d11-07485d679608,O.G. Greaper - Sket One,collectible,45,2026-10-03 22:02:32
7518a463-6a62-4202-a661-583ccf664332,Miss Minutes,collectible,19.99,2026-10-03 22:02:32
6f7ce463-15ba-484f-939f-2ec6a87f4a5c,Tropicana,collectible,5.99,2026-10-03 22:02:32
f4bc0c5c-c12e-41c9-8062-f33011a17ef8,Light Stick,collectible,88,2026-10-03 22:02:32
39ceaffc-298a-481a-ac53-074fe1843ddd,Hapjeong Station,collectible,29.88,2026-10-03 22:02:32
aa36484b-4931-42fa-a3aa-c91d10981542,J. Jonah Jameson,collectible,150,2026-10-03 22:02:32
9fc00c0d-146d-4f67-8acc-8a8ad3ea2008,Bill & Ted's Bogus Journey,collectible,14.99,2026-10-03 22:02:32
c00630d3-6aaa-412a-a9d3-ffe68fceba5a,Donatello - Classic,collectible,9.99,2026-10-03 22:02:32
7b4885f1-1c09-40ac-af4b-83f56f98e774,Altaïr - Hidden Blade,collectible,25,2026-10-03 22:02:32
c9622670-7b4c-4caa-a31c-f0b3ba45086a,Beskar Ingots,collectible,96,2026-10-03 22:02:32
0b10b630-5c63-4f42-9601-38aa8cc8f951,DCon Mascot - 2022 Edition - Scott Tolleson,collectible,25,2026-10-03 22:02:32
4faa93f0-71d0-4837-b0e9-287a8e103ce0,Thunderball - Danish One Sheet Poster,collectible,46.99,2026-10-03 22:02:32
a44d9740-abc9-4bc7-8986-c846f99c5e43,Big Chap,collectible,20,2026-10-03 22:02:32
a22bd4e8-6ded-4d1d-af3e-19c35fa70ec4,Peter Parker,collectible,48,2026-10-03 22:02:32
f89af751-7576-4091-a27c-9b7bb767096b,Mysterio - Master of Illusions,collectible,12,2026-10-03 22:02:32
181d1fb6-c7e2-4770-a63c-4e8e2f99ae40,Haunted Mansion Plaque,collectible,15,2026-10-03 22:02:32
1e49b915-2794-4eb5-bc74-773aa9cdc85c,Doctor Strange,collectible,13.4,2026-10-03 22:02:32
999ddcd6-4167-4c3e-8dd5-5454961925a1,Ronin,collectible,49,2026-10-03 22:02:32
fbd0d0a9-b03c-4132-938e-1669d1d35a15,Alligator Loki,collectible,3,2026-10-03 22:02:32
8610e82b-039c-4409-b544-5813ecc67485,Bemular,collectible,23.22,2026-10-03 22:02:32
786a69fd-65d2-4305-b415-43f50e04f861,Ye Xiao Chai,collectible,4.99,2026-10-03 22:02:32
0cbca57d-4f26-4fc8-9853-591e991f47ff,Eye of Agamotto - Closed,collectible,2.79,2026-10-03 22:02:32
9ef89b68-dba0-4ecf-933b-b04cb70cf87a,Scepter,collectible,11.99,2026-10-03 22:02:32
3d5f7124-907e-4d9b-8957-5c5d8a4c14b6,Ahoy,collectible,19.99,2026-10-03 22:02:32
8744b277-7f7f-4af9-bb64-d9d191636602,Trapped In a Lantern!,collectible,14.99,2026-10-03 22:02:32
deea984f-e587-4f98-a24c-8182ce27d957,The Punisher's Last Stand,collectible,30,2026-10-03 22:02:32
5afd3b4c-4249-4701-b4aa-cd492d804f82,Santa and His Reindeer,collectible,4.38,2026-10-03 22:02:32
c5b4ed7c-6050-4849-9a62-a2a7f28d1f8e,Larry the Lobster,collectible,3.95,2026-10-03 22:02:32
48d0677a-a8d4-4fcd-aa80-5c0fc67b08b0,Winter Soldier – Vigilant Guard,collectible,15,2026-10-03 22:02:32
5497ea9d-fe33-40c2-9522-e69ebcec2bd2,Super Grover,collectible,30,2026-10-03 22:02:32
e94f5013-1df6-462b-a89b-fd810219157e,LISA Pink/Silver,collectible,85,2026-10-03 22:02:32
b8a7acdc-bb2e-4f88-9d69-b59d228aa14e,1841 Penny Red NK,collectible,264,2026-10-03 22:02:32
936ecb56-b61c-40e5-b240-3b2c958a1356,"Mad Tea Party, Dumbo the Flying Elephant, King Arthur Carousel",collectible,27.5,2026-10-03 22:02:32
8e153737-9c80-4fd6-ad53-ec839a19c564,Winter Soldier,collectible,33,2026-10-03 22:02:32
bf8dbdb6-39cb-4acf-82bd-d9aee825892d,Doc Ock - Sinister Foe,collectible,5.7,2026-10-03 22:02:32
5891c391-9cf7-4498-a4cf-a98efc65b784,Jasmine,collectible,13,2026-10-03 22:02:32
a22b283f-496d-4c65-92e1-bfa709ff8cb5,King Triton,collectible,20.79,2026-10-03 22:02:32
a8f83491-34c0-453c-ba4e-4ac46fea3af1,Santa Labbit,collectible,9.99,2026-10-03 22:02:32
eb33b179-0e11-4802-ac98-26d8fdc54b58,Book of Adventure,collectible,48,2026-10-03 22:02:32
dd95e35e-19ec-43b7-ba57-4dcd37a35f34,Juggernaut,collectible,36,2026-10-03 22:02:32
9d699038-aa8c-4037-b7f9-c91b3e8c57e5,Jaws,collectible,14.5,2026-10-03 22:02:32
ad761d8b-81dd-4a57-a3ef-92de47c14f15,Marea,collectible,4.77,2026-10-03 22:02:32
97a369cd-f9db-45b3-aedb-87aaf31a64e4,Lightning McQueen Base,collectible,19,2026-10-03 22:02:32
0828162e-a0e2-44a7-8e00-f86bbde3fd86,Marina,collectible,4.75,2026-10-03 22:02:32
febf96ab-d1c2-459d-a8e8-33b3f4284911,Hulk,collectible,18.99,2026-10-03 22:02:32
a9a3706c-32e5-414f-b6f9-3510caa9d855,Weapon Racks – Silver Black,collectible,5.95,2026-10-03 22:02:32
0a50c1f6-4aba-4de7-99bb-9fe80a1aa605,VeVe Logo White Orange,collectible,32,2026-10-03 22:02:32
68ccccf4-a906-46f5-945f-4425c1fa2e1a,Paradise Falls,collectible,20,2026-10-03 22:02:32
87370af9-d59a-4c19-8c2e-3ff9acfcfc71,Season To Be Jolly It Is,collectible,29,2026-10-03 22:02:32
28a1888a-082b-4cd3-9e92-aaec901f84c6,Ghostbear - Blue,collectible,22,2026-10-03 22:02:32
bf653adf-4386-497a-94ae-273e03b14d5f,Hooverville Labbit - Sunny Side of the Street,collectible,15,2026-10-03 22:02:32
f08f81ec-e214-4de4-8dbf-446e69ed6ecb,ROSÉ - Diamond Special Edition,collectible,555,2026-10-03 22:02:32
e3c58965-57b1-40a7-b091-2ba227c4c284,ROSÉ - Animated,collectible,70,2026-10-03 22:02:32
62fc1db4-c7bc-491f-b158-a5258448b10a,Doodle Pencil,collectible,47,2026-10-03 22:02:32
86812664-f489-4251-936d-954b336c94d4,Coca-Cola Vending Machine (1980s),collectible,16.5,2026-10-03 22:02:32
7aefc64f-2a8f-4412-800d-25f1e3699c90,Aang - Airbender,collectible,14,2026-10-03 22:02:32
8b921004-70f8-4eaa-b41d-2ff3665b9bc5,Blue and Beta Animated 1,collectible,16.39,2026-10-03 22:02:32
55763632-4321-4e20-a3db-34e96f554cd1,Mogul Grin - Greed Green,collectible,25.25,2026-10-03 22:02:32
fc2b0d45-fc44-40b7-bf30-7c3ba7ec4c78,Peperino,collectible,8,2026-10-03 22:02:32
38b4d456-67de-49e3-8621-87a1a697eeba,Beast Venomized,collectible,13.99,2026-10-03 22:02:32
38eb4855-5bfe-40a3-922d-54dc7fb3520b,Remember Us - Vital Voices II,collectible,13.44,2026-10-03 22:02:32
4c717fdc-de00-4931-8ec9-0f530f21262b,Alexios - The Misthios,collectible,30,2026-10-03 22:02:32
8d4f4c2a-1a34-4071-a901-1b01fa619514,Belle,collectible,14,2026-10-03 22:02:32
b7ea3a29-17e1-47cb-a6ca-2ec419165e3c,“it’s a small world”,collectible,13.99,2026-10-03 22:02:32
30633053-b50d-4170-9dba-56cd420b928c,Gigantron,collectible,22,2026-10-03 22:02:32
55a65836-fe04-4cb8-8f32-baddc0a3c85d,Diablo - Purple,collectible,13.99,2026-10-03 22:02:32
60c97403-6e8b-47bd-b049-81700b66ff26,Elektra – Perfect Death,collectible,2.5,2026-10-03 22:02:32
3b60ba90-2786-4fb0-8e59-372423540fe3,Eternal Winter,collectible,24.98,2026-10-03 22:02:32
a5fcf837-0263-44f1-bf85-69453bba219f,Super Armor Hiro,collectible,13.8,2026-10-03 22:02:32
aed2b798-00f4-46ec-a8c3-9141aad256db,Aurora and Maleficent,collectible,111,2026-10-03 22:02:32
576ad8fb-45f2-47aa-9b94-54fd80871aa0,Thanos - Marvel Metallic Red,collectible,50,2026-10-03 22:02:32
2682657a-a39a-4821-9592-414905f89af1,Coca-Cola – 1916 Contour Empty Bottle,collectible,239,2026-10-03 22:02:32
c81ac9ff-1954-4ba5-8194-9b83ecdd3228,Sunflower Grin - Special Mission - Gold,collectible,4.99,2026-10-03 22:02:32
86ad416a-57ac-491a-b31a-f587acdc0894,Sweet Release,collectible,95,2026-10-03 22:02:32
3ab1419c-6ca1-403b-ab70-65d2e8e8ce19,Diamond Light Stick,collectible,200,2026-10-03 22:02:32
7bd8b0f4-586b-4874-acc6-e45066ac3068,Crimson Stormtrooper - Leading the Charge,collectible,110,2026-10-03 22:02:32
e3bba042-ef5c-495c-ab9c-d55a87db8479,‍‍Mimban Trooper - Leading the Charge,collectible,110,2026-10-03 22:02:32
4efea002-a2e2-4847-a308-20f91f454c4b,Mole Man,collectible,49,2026-10-03 22:02:32
45b19b53-65fd-45a3-aca6-dadae852983f,Shadow Trooper Helmet,collectible,10.99,2026-10-03 22:02:32
39745827-e17a-4d92-94c3-08461dfd0f2b,Goldfinger - Danish One Sheet Poster,collectible,13.99,2026-10-03 22:02:32
ad5b7ae1-ad36-44e6-9dbd-a57e8b1a94bc,Tesseract,collectible,5,2026-10-03 22:02:32
083cd7a4-4f26-4c8a-983c-29dea38fad01,Man on a Mission,collectible,10.95,2026-10-03 22:02:32
4c0dba25-adb7-4b5f-88bd-e5939545b656,Ovomorph,collectible,28,2026-10-03 22:02:32
2d87ae0d-7563-4277-855d-5a40954f1569,Walter The Teleporting Whale Box,collectible,80,2026-10-03 22:02:32
1493be21-b998-47d5-af3b-9c7508e42379,Bashful Minnie,collectible,29,2026-10-03 22:02:32
f51dfb26-a50e-43bf-b713-9813470c5fbd,The Count,collectible,22,2026-10-03 22:02:32
916a3f70-ea93-468a-bd64-9c1db9200111,Janet Van Dyne,collectible,10.85,2026-10-03 22:02:32
19016c85-350f-4b18-8a93-45a58961a6e9,Battlestar Galactica Logo,collectible,51,2026-10-03 22:02:32
2dfee68d-a04c-4bfa-8a0f-5147384bc37d,Torch it Up,collectible,150,2026-10-03 22:02:32
181d0479-4f2f-4587-b949-23ecd30cda7a,‍Rabbid Redzone,collectible,60,2026-10-03 22:02:32
b3848db8-0178-4ea6-96e5-542c428d28a3,Zinogre - Animated,collectible,18,2026-10-03 22:02:32
34be3430-9c6d-4d66-bd10-4fdde8d16392,Twilight Mothman,collectible,4.5,2026-10-03 22:02:32
4de77349-9d1f-44c8-a0a4-59341e52f52a,America Chavez - Miss America,collectible,53.99,2026-10-03 22:02:32
8923aaae-bae7-4473-8c74-fe5c3b9a5878,Elektra – Weapon of the Hand,collectible,3,2026-10-03 22:02:32
d6188453-4f85-4b50-b20e-1c2e80efc5b0,Cora,collectible,2.98,2026-10-03 22:02:32
dfc1e9cd-9c9c-4bb1-a700-14190a9b2940,Falcon Venomized,collectible,13.4,2026-10-03 22:02:32
b7ec2f8f-dc08-4168-9b96-a22812dfc400,Casino Royale - UK Quad,collectible,29.5,2026-10-03 22:02:32
18813fff-2a95-427a-9705-e9c07435ac3b,Coca-Cola – Aluminum Bottle,collectible,99,2026-10-03 22:02:32
6a98d6cf-b421-4277-b1a0-6a6ae84ef636,Jafar: Feeling Like Royalty,collectible,4,2026-10-03 22:02:32
c68e2b7a-e05c-477a-a6c6-14634812a7e3,Little Friends Silver,collectible,26.69,2026-10-03 22:02:32
3cbf88d6-42f8-4f6f-b766-e82c39b94f90,Poo Fairy,collectible,16,2026-10-03 22:02:32
922fc0ba-2b30-4fcf-87e5-82c63f54748d,Deadpool,collectible,2.05,2026-10-03 22:02:32
241df5d2-2006-4d51-8e52-0285a9c4ea49,Cat-Trooper (Black/White),collectible,40,2026-10-03 22:02:32
b776491b-5416-4d8e-9e82-794e83704b7a,Potball X-1,collectible,888,2026-10-03 22:02:32
5648ffff-2516-4782-8c06-a702b06d42a2,Fredzilla,collectible,40,2026-10-03 22:02:32
307d71a8-fe8b-41a4-ba69-798ddba7ff76,Juggernaut,collectible,33.33,2026-10-03 22:02:32
be0c63aa-8fc1-4037-99cb-862713e65001,Avengers Tower - Marvel Metallic Red,collectible,69.99,2026-10-03 22:02:32
c8381bdd-5f77-40fc-81cf-4f27e4001d29,Lilypad,collectible,4.5,2026-10-03 22:02:32
4fedbd43-ba8e-45ec-8359-3d235ea17e60,Kingo,collectible,1.47,2026-10-03 22:02:32
69a6f0f0-60c4-4e24-97b6-7faee35532c9,Death Trooper E-11D - Prone,collectible,399.99,2026-10-03 22:02:32
443c3c75-f0db-4763-9976-2ffa58f8e7f8,Valhalla - Blade of the North,collectible,22.5,2026-10-03 22:02:32
a87f709c-41e9-4b82-8627-60867a585b2e,Ice Cream Escape,collectible,13,2026-10-03 22:02:32
0bf82173-ee23-4e91-8990-5419bbdf15d7,"""I Love You, Dad""",collectible,6.56,2026-10-03 22:02:32
0135a605-9c50-4ad4-bd2e-17a253fb028f,Hawkeye Venomized,collectible,13,2026-10-03 22:02:32
695b7257-d10b-4be2-b342-e5fbbeed8173,‍Frozen Vanilla,collectible,129.99,2026-10-03 22:02:32
4217662c-612d-4081-b088-9384c94f0d2a,Mr. Robot,collectible,17.33,2026-10-03 22:02:32
7663a3d1-fada-4aa3-bcce-b06ddca43604,Vultura Macabra,collectible,9,2026-10-03 22:02:32
004434cb-6ab4-4b16-9858-5f554f0c2520,Earth Day - Booklet,collectible,46.8,2026-10-03 22:02:32
00e93e80-e149-4038-bb6f-7737ce16fe80,Mourning Glory,collectible,39,2026-10-03 22:02:32
910546f2-36d4-4d76-b1f6-221585a894a9,Sebulba’s Podracer,collectible,12.99,2026-10-03 22:02:32
0595e315-f9cc-4675-8e9e-cf9d127663a3,Spider-Woman,collectible,3,2026-10-03 22:02:32
57c94f74-1d3c-4bc1-944b-8c5f95634c36,Aladdin,collectible,13,2026-10-03 22:02:32
bc961870-a3c9-40bc-a35d-46e4a5353c2c,Pirates of the Caribbean,collectible,12.99,2026-10-03 22:02:32
41ec1282-c9b9-45c5-a3db-125f04c79b4c,Young Carl’s leather flying hat with goggles,collectible,69,2026-10-03 22:02:32
9395210b-5812-4519-87a5-144a701dd4b8,Marking Time,collectible,6.44,2026-10-03 22:02:32
bc2d7a16-7ed7-490a-97e8-692ac288888a,Lockjaw,collectible,196.72,2026-10-03 22:02:32
55809cba-774b-48c7-905b-6ccdee05ffe3,The Genie,collectible,9.9,2026-10-03 22:02:32
d00aade8-f49b-4f5b-9ce4-514e3551b4b5,Transformative Potion 2,collectible,23,2026-10-03 22:02:32
7cbd0451-4cbb-48b3-9745-2912daa54432,Bluegrass - Pane of 20,collectible,39.99,2026-10-03 22:02:32
469768a2-f73d-48d4-aff7-4cc137fd8fb0,Mr. Incredible,collectible,12.74,2026-10-03 22:02:32
50025fb9-c778-4d77-b39c-9c218b12dab0,Grenade Silver Edition,collectible,85,2026-10-03 22:02:32
b9dcae36-107b-4b39-97da-51055bc72c8b,Dr. No - UK Quad Poster,collectible,12.99,2026-10-03 22:02:32
6c16492e-453a-4b5b-9894-7039a8241351,Howard the Duck - Private Eye,collectible,23,2026-10-03 22:02:32
d94de475-51bb-4c41-8adf-f259e1cd5fdb,Emcee Claws,collectible,199,2026-10-03 22:02:32
4441daf9-d0e2-4e2e-9616-b8d4b52c3033,VeveMagic - Blue Metallic,collectible,289,2026-10-03 22:02:32
199febf6-f9a8-44e3-b106-3c8e545bb78f,Feng Cai Ling,collectible,2.85,2026-10-03 22:02:32
f3d92fbc-8d5f-431a-a042-3e8bc1effc0a,Year of the Ox,collectible,15,2026-10-03 22:02:32
4a6c02fa-84dd-4147-87f9-2d4776c764ac,Ultraman - Energy Shield,collectible,20,2026-10-03 22:02:32
cb1a7895-c5e4-427e-8308-650e202f8abc,Ultraman - Power Strike,collectible,20,2026-10-03 22:02:32
0ef6bfe9-c054-400f-b47a-e58911839ba0,Galactus,collectible,19.99,2026-10-03 22:02:32
a0a401e5-86ce-4522-80f5-f342bb554582,Peter Quill,collectible,5.99,2026-10-03 22:02:32
a832db2f-413b-4337-9538-8d7ccc590779,Neytiri's Banshee,collectible,20.95,2026-10-03 22:02:32
1e6cc040-882f-4288-8b0d-0ad4226be991,The Pink Panther - Animated,collectible,6.97,2026-10-03 22:02:32
dd3e18ed-b702-4173-81a9-85534f4003d4,Redrum,collectible,13.25,2026-10-03 22:02:32
708816f9-0027-4e0c-b5b8-48eaf06df734,DJ Big Bot - Gold Rust,collectible,125,2026-10-03 22:02:32
875f46f0-0430-4bf0-855c-e632d869f32a,Death Trooper - SE-14r Blaster Elite,collectible,49.9,2026-10-03 22:02:32
f4116c72-c35b-471f-a04f-569b2489b046,R1-G4 Droid,collectible,99.99,2026-10-03 22:02:32
235379ec-7004-4053-9528-20f530419148,VeVe Heart Logo - Green,collectible,49.99,2026-10-03 22:02:32
f5d9089b-cfa3-47b4-8408-35289430f64d,A-Rank Essence Stone,collectible,49.99,2026-10-03 22:02:32
2e03595b-e2ef-42bb-b38b-5602c691ec05,VeVe Heart Logo - Orange,collectible,49.99,2026-10-03 22:02:32
67d718f3-658b-4815-a112-053541fad6ae,Piston Cup,collectible,18.5,2026-10-03 22:02:32
18696bc7-65c0-43b1-8896-97266642cd96,Attack Ready,collectible,2.7,2026-10-03 22:02:32
6a2b62f4-4d20-40e5-8676-703921ccf597,Star Wars: Episode VI Return of the Jedi - The Battle of Endor,collectible,19.5,2026-10-03 22:02:32
5073ba5e-ca2b-472d-be6e-21d306878469,1:1 Glider - Static,collectible,4.97,2026-10-03 22:02:32
cd610d2e-dd02-44af-9809-f13df08fe04a,Bert & Ernie,collectible,84.99,2026-10-03 22:02:32
930c5cc0-0f57-4394-bbb5-3ef5c39cea62,Johnny Storm - Controlled Burn,collectible,95,2026-10-03 22:02:32
3065cf80-b9c7-4fad-bfe4-5e724baad39f,Faline,collectible,210,2026-10-03 22:02:32
069ed892-ac0a-4ebe-9089-f72b815a8c69,First Blood - Original US Theatrical Poster (1982),collectible,12.5,2026-10-03 22:02:32
4e7c7df3-9969-4574-b859-528c6c8e013c,Don’t Mess with Minnie,collectible,33.33,2026-10-03 22:02:32
e2782558-fce9-438b-be3c-84e1539af4c4,Stormtrooper Helmet - Cross Section,collectible,4.5,2026-10-03 22:02:32
9b67fb28-0c8c-43ea-88a5-46b472384311,Shadow Trooper - Leading the Charge,collectible,99,2026-10-03 22:02:32
71daa6f7-8da5-4a89-8b3d-b9863105937b,VeVe Search Party Pattern - Lincoln Design Co.,collectible,99,2026-10-03 22:02:32
12a68b57-417a-46ba-9683-df8a69eb8ba0,Coraline,collectible,2.5,2026-10-03 22:02:32
e7c892b7-f899-4466-9cf9-d1a3037a4125,Happy ‘Stache Labbit,collectible,6.35,2026-10-03 22:02:32
18fc8809-db68-48a1-b5df-da1318d6c6e0,Chun-Li Battle,collectible,89,2026-10-03 22:02:32
18d56bc0-d416-4d8b-b8d1-0df800a45f72,Day of the Dead: Child,collectible,3.2,2026-10-03 22:02:32
f53a28ee-991b-4401-ab56-c434c96c9453,Chun-Li,collectible,33,2026-10-03 22:02:32
3f2c02a2-c2ef-45e0-bae2-4d509fb119f9,VeVe Heart Logo - VeVeVerse,collectible,49,2026-10-03 22:02:32
c376d32b-f61a-41de-85e7-fb3808546287,Tatooine,collectible,34.99,2026-10-03 22:02:32
7b01a6a0-fae5-4700-8632-8131c7b2c839,Donald,collectible,39,2026-10-03 22:02:32
f897200b-ff94-4aa9-8056-cb25c83c5c67,Maleficent: The Thorny Curse,collectible,3.25,2026-10-03 22:02:32
199db622-37b9-4823-b733-aca9ad34d91a,Sports Rabbid,collectible,60,2026-10-03 22:02:32
1a4e5dfb-afe2-4663-9b87-4dc3481d251a,Minnie,collectible,12.61,2026-10-03 22:02:32
2130c3b0-6f36-4c74-8f08-b738e4dda147,Flying Balloons Girl (Black Edition),collectible,72.99,2026-10-03 22:02:32
d761e166-7d60-4348-8d78-43ac190b4766,Winter Whimsy - Block of 4,collectible,75,2026-10-03 22:02:32
fdf96808-8a2a-4ff8-b5d9-a395c1b37d00,VeVe Flags - Portugal - 2025,collectible,81,2026-10-03 22:02:32
bbff0eb1-be5e-4ec8-9d83-2c0a4c3f1dbd,Makkari,collectible,2.69,2026-10-03 22:02:32
3fb9a95f-7c9f-4f4d-858d-4a87c4813206,Dan - Blue Metallic,collectible,275,2026-10-03 22:02:32
2b095c6b-6106-41f7-9d10-85c8d4b73c3c,JISOO Pink Venom 2,collectible,34.95,2026-10-03 22:02:32
e120c73b-c7bd-4905-a2f7-55f3b0b9ab9a,BB-8,collectible,12,2026-10-03 22:02:32
ae7c2332-5623-4e84-a8c8-cf14b37bedcc,Ghost-Spider,collectible,10.99,2026-10-03 22:02:32
ba556949-a241-4a1f-b340-882319aa5b10,Gambit,collectible,10.99,2026-10-03 22:02:32
885c33eb-4869-412b-9015-56039e798c14,IG-11,collectible,109.99,2026-10-03 22:02:32
1c2c833d-3e70-4e7e-b589-0c24832a58cd,Katara,collectible,12,2026-10-03 22:02:32
42ed9c27-7acd-4e87-9305-431016406b79,Record #3 - Ascension - Gold,collectible,40,2026-10-03 22:02:32
01ee5851-240f-415b-b314-96b3bb68d5ac,Ludo,collectible,5,2026-10-03 22:02:32
5a147be5-be63-485a-bb37-931603a3238d,Lunar New Year: Rabbit Souvenir Sheet,collectible,27,2026-10-03 22:02:32
d3c5c805-1cc8-48dc-a7e5-18ebfb672dd4,To Infinity and Beyond!,collectible,21.99,2026-10-03 22:02:32
56394d27-3c1c-4e57-87a6-3a623cc8a05b,Matt Murdock - Shadow of Daredevil,collectible,133,2026-10-03 22:02:32
b5a03a4b-d3ea-4d95-a923-89eb499baa88,Just-Us (Black/White),collectible,18.9,2026-10-03 22:02:32
f50bd55d-fcd4-46b6-9574-78e3ff253c2e,Orbitron®,collectible,12,2026-10-03 22:02:32
25dd8c48-c9f8-48ec-bf4f-22381de84940,Iron Man Venomized,collectible,11.95,2026-10-03 22:02:32
cce3a323-94cb-44e3-b87b-c37cc9a34429,Beta Ray Bill - Action,collectible,129,2026-10-03 22:02:32
04494b1c-d7a1-45c1-bca6-bf8ccce8407d,Horus Guards - Horus,collectible,29.9,2026-10-03 22:02:32
82794523-446e-47e0-a81a-67d0a84ed350,Rambo: First Blood Part II - Original US Theatrical Poster (1985),collectible,75,2026-10-03 22:02:32
bc871559-b5ff-4d52-958a-dc1652d8015a,CUL-DE-SAC #1 Impaled Edition,collectible,99,2026-10-03 22:02:32
1ee4fd46-a2ab-4326-ba7b-917dd5985afe,Rewind Collective - Heart,collectible,11.99,2026-10-03 22:02:32
dc04b2f6-c77b-4997-845d-2a0107c83f21,Gambit - Kinetic Combat Master,collectible,7.9,2026-10-03 22:02:32
e913c1f9-9578-4077-b90b-94b0b0cde315,The Golden Lad,collectible,288,2026-10-03 22:02:32
0baafb78-053e-43ca-a4b7-1608fa7ef736,Big Bird,collectible,8.5,2026-10-03 22:02:32
2362b172-d532-4d1f-8145-2b27f5207df5,Sabbath,collectible,20,2026-10-03 22:02:32
b9fe0e8e-c30f-4e4d-9564-d6d59dca76e8,Mystery,collectible,20,2026-10-03 22:02:32
7320297f-55bf-4f4d-a6c7-3a4f6e74f64c,Emmeline Pankhurst,collectible,23.5,2026-10-03 22:02:32
1a5043f9-62e3-4c12-896d-8fb46ddc6362,Dark Robin #2,collectible,12.99,2026-10-03 22:02:32
06ca77a0-4e16-4556-80a3-6ea1b5949065,Anne Boleyn,collectible,23.38,2026-10-03 22:02:32
6b5ad16b-3a3f-4b9e-8e28-1c96175e1463,Potball - 2025 HK DCon Edition Poster,collectible,265,2026-10-03 22:02:32
b82049ee-96e5-4a4b-be52-ca368975e375,Lilitu - Tara McPherson,collectible,35,2026-10-03 22:02:32
6002eebd-fe45-402e-89a9-c3eab1233ae1,Larry the Lobster Box,collectible,3.2,2026-10-03 22:02:32
745acda7-64ec-4967-b397-9aa9c70a50d8,Flippy,collectible,15,2026-10-03 22:02:32
2d817683-3755-4076-be51-4bbd95377745,Buzz Lightyear – Wings Deployed,collectible,119,2026-10-03 22:02:32
9ff15a97-acc4-4053-a3c6-febfed4aa0c2,1851 George Washington (originally 12 cents),collectible,4,2026-10-03 22:02:32
b7caf1f1-8199-4ecf-806a-7f7078e01305,Edo Stormtrooper,collectible,14.95,2026-10-03 22:02:32
b23059e4-7b10-4e83-a5a4-890bf1146ccc,Night Trooper - Reawakened,collectible,799,2026-10-03 22:02:32
5789d5e0-4f21-4ee9-8872-827e22cafeed,Smorkin’ Labbit - Red,collectible,8,2026-10-03 22:02:32
8d163d2c-5d0e-4ead-ba8e-0abcef101a5a,Storm - Marvel Metallic Red,collectible,52,2026-10-03 22:02:32
98a0d386-ce0b-489a-9460-6a489f4cb859,Shut up And Draw,collectible,26,2026-10-03 22:02:32
21431496-7022-4b15-bac6-8a6754ad818c,America Chavez - Animated,collectible,14.99,2026-10-03 22:02:32
796348ff-b081-4473-b255-acf577417d96,Thor,collectible,3,2026-10-03 22:02:32
fe0f996e-9621-4a5d-939e-e79032a631db,Maestro,collectible,8.99,2026-10-03 22:02:32
c97d900d-5334-45b3-ab56-bafc78e56912,Aang - Earthbender,collectible,23,2026-10-03 22:02:32
50aa60fc-4c11-44cc-8975-bb1159eae27f,D&D - Shirts,collectible,46,2026-10-03 22:02:32
d8d99355-5b95-4f3a-b229-fe29f8be5001,Leonardo - IncogNinja,collectible,46.99,2026-10-03 22:02:32
97434abe-b70a-4b53-b748-c727b01bfc60,The Punisher - Armed and Relentless,collectible,24.5,2026-10-03 22:02:32
056eec82-cd43-44a2-90ea-22bc734606da,Bucky Barnes - Action,collectible,16,2026-10-03 22:02:32
01a4a280-5430-43fc-9a29-0d627237d628,Mjolnir - Thor,collectible,9,2026-10-03 22:02:32
098e02b8-7372-4766-96f5-ca5a156a0914,Love: Brushstrokes (1985),collectible,31.5,2026-10-03 22:02:32
4b8a8588-35f6-4c29-9c2d-d926e3b2df1b,Maki Machine,collectible,114,2026-10-03 22:02:32
c31c9c9c-1fa9-4a93-82a2-10a59ea2a6e8,Nezarr the Calculator,collectible,19,2026-10-03 22:02:32
a6bf55c3-6c7c-41ef-bf1f-b4a61bccaf65,Rogers: The Musical – Poster,collectible,6,2026-10-03 22:02:32
719d16e4-db5a-4a9a-b956-37669f3145b0,Tefral the Surveyor,collectible,35,2026-10-03 22:02:32
a201228d-cd3c-4d7d-a4de-271e75d0698d,Marvel Iron Man 18” – Silver,collectible,35,2026-10-03 22:02:32
ed419393-e574-48fb-8130-48941992e2b0,Altaïr - Crouching,collectible,11.33,2026-10-03 22:02:32
fbf48c5c-39c1-4b77-9b49-6932f42acae0,Mater,collectible,19,2026-10-03 22:02:32
b780b8d8-5345-43f6-9a53-f0e97d55f5aa,X-Men ‘97 Cyclops,collectible,49,2026-10-03 22:02:32
f3b77b3f-5e76-4210-9b20-85e4f2524e25,Live and Let Die - US One Sheet Poster,collectible,25,2026-10-03 22:02:32
d8c2b95c-995f-4509-aca2-a9e464a34f8e,Ghostbear - Green,collectible,12,2026-10-03 22:02:32
fb40b165-5907-44cb-9570-a9c1639d6cdb,Tricky the Obese Bunny,collectible,11.99,2026-10-03 22:02:32
590afe3a-120d-4ff3-a983-0213765d6e45,GNK Power Droid,collectible,29,2026-10-03 22:02:32
3ff0d908-69de-4ef1-b341-c040bca1e6ec,"Spectre Ring from Spectre, 2015",collectible,29,2026-10-03 22:02:32
ecdf062e-cac5-4004-97a2-d9e053ee6580,Ezio Base,collectible,15,2026-10-03 22:02:32
532afaf1-185a-4b85-bb4e-8df290a889d4,Daxx,collectible,30,2026-10-03 22:02:32
8e44819a-8fb7-418b-ab94-a8e231137962,1938 Abraham Lincoln,collectible,8.99,2026-10-03 22:02:32
f660fa4e-fa1a-4f75-bd55-ada594164750,The Stargate,collectible,11.25,2026-10-03 22:02:32
88bd7b23-fa5f-4eca-9fb7-a110950cfc9d,Robocop: Jetpack Edition - Animated,collectible,27.59,2026-10-03 22:02:32
0f59caec-a042-484c-a314-e2185ae2bc77,DEADBEATS - Dysfunctional Family StreetPrint,collectible,19.99,2026-10-03 22:02:32
b1d8323f-c884-4ff8-97a9-01e4bcd5e3a7,Dancefloor Dreams – Neon Pulse,collectible,20,2026-10-03 22:02:32
6d8bbca8-ebc9-4c7b-a668-9f0393e48f5e,Rooftop Watch – Skyline Base,collectible,20,2026-10-03 22:02:32
4ea0fb53-99ca-4d63-93dd-663524732899,Bambi,collectible,29.94,2026-10-03 22:02:32
06b6d347-f3de-4b02-b961-3dcd033cdb85,Ezio - Assassin's Stance,collectible,19.99,2026-10-03 22:02:32
9abda8bd-3e74-4e88-aef9-2281f2b9899b,Gadgets and Gizmos Aplenty,collectible,111,2026-10-03 22:02:32
de1c4dd3-2300-4b7a-905e-8cd2e109f748,Go Beyond the Surface,collectible,111,2026-10-03 22:02:32
3b91288b-a6ef-475d-8196-e206395749c6,Neapolitan Ting,collectible,25,2026-10-03 22:02:32
d1f01da5-0084-4c75-9b81-509d2967f056,Dinglehopper,collectible,111,2026-10-03 22:02:32
3025635d-ac71-4d8f-876c-bc5b3a6662a7,When Inspiration Strikes,collectible,25,2026-10-03 22:02:32
0a126e9f-b830-4a77-8733-09a15ef897df,Sabretooth - Imprisoned Predator,collectible,40,2026-10-03 22:02:32
d629f709-d1b4-4e1d-803d-542a6b00ea9a,VeVe Heart Logo - Pink,collectible,7.95,2026-10-03 22:02:32
77fe6eff-5fb9-40d8-ac9c-42e23eb64863,Jawa 01,collectible,3.98,2026-10-03 22:02:32
5aa4c29f-c0ba-4769-826b-07b8cd4b2a1c,Everything,collectible,19.99,2026-10-03 22:02:32
3f1d93f5-0c2c-4709-a69d-98cc20d77747,Scott Tolleson - 20 Yr. Anniversary Vincent,collectible,13.59,2026-10-03 22:02:32
b5709a30-1677-410d-ab7e-8b755859a70e,"Q-Boat from The World is Not Enough, 1999",collectible,11,2026-10-03 22:02:32
33661a00-f6d3-41b8-900d-385fcead2df7,Scarlet Witch Venomized,collectible,11,2026-10-03 22:02:32
8214e72e-ef1a-449a-97a9-61abfd39f600,One Small Step - 2025 HK DCon Edition Poster,collectible,250,2026-10-03 22:02:32
de85c78a-221a-4705-825b-b43ba2031a55,Storm Venomized,collectible,10.99,2026-10-03 22:02:32
6c1095fe-1a9d-49db-8215-2335a9808f63,Joan Of Arc,collectible,22,2026-10-03 22:02:32
31572cb5-b90f-47cc-82e9-c8751ccf0a70,Buzz Lightyear – Galactic Guardian,collectible,11,2026-10-03 22:02:32
8ebcabd8-e3b1-4089-9d62-dd2125a4bd20,Zi Mang Xing Hen,collectible,13,2026-10-03 22:02:32
9e0ec309-fc0b-4286-b116-a607ee2e7cc3,Holiday Elves - Block of Four,collectible,11.6,2026-10-03 22:02:32
7195fe38-4967-47ff-bb52-0700dd6925e4,Pride II - Givenchy Beauty,collectible,11,2026-10-03 22:02:32
ecbded26-e0d3-4641-9fd7-248a8837f5be,Elsa Bloodstone,collectible,37.89,2026-10-03 22:02:32
9623151f-4113-453c-8b71-b88cc1760565,Michelangelo - Skate Jam Base,collectible,5.48,2026-10-03 22:02:32
cbdf9b80-af14-4d25-9379-96fd8c2f1845,Best Friends,collectible,15,2026-10-03 22:02:32
e957f893-9b39-4a0f-ade8-168b31f62647,Emma Frost - Phoenix,collectible,11,2026-10-03 22:02:32
6de7f3f5-f2fd-44a5-b9bd-931fe237b02e,Creeping DERO,collectible,19.6,2026-10-03 22:02:32
c5455728-47da-4870-855f-53f1e4992f23,Rogue & Gambit - Kinetic Kiss (Animated),collectible,85,2026-10-03 22:02:32
4534fba7-37ee-471f-8c9a-7c5f3c4bddeb,Star Wars Episode IV: A New Hope - Heroes and Villains,collectible,17,2026-10-03 22:02:32
a1273f2c-934d-4c2a-a17f-3d1be7278c6a,On the Prinsengracht in Amsterdam,collectible,140,2026-10-03 22:02:32
8d14679c-ef72-4a0d-ab39-617170e2e2e5,Quaritch's Banshee,collectible,31,2026-10-03 22:02:32
5dbd1ad5-e6a6-48b4-ad2a-f4489968dce0,Buzz Lightyear – Lightyear Blast,collectible,54.88,2026-10-03 22:02:32
0f9de5c7-9110-4e09-b054-55c969dafca3,Marvel’s Avengers: Beyond Earth’s Mightiest - Poster,collectible,19.99,2026-10-03 22:02:32
2034fc16-4eeb-4080-926b-218f347e6e9b,Thunderball - UK Quad Poster,collectible,11,2026-10-03 22:02:32
a13d3ffd-24cb-4b53-8902-43ea34515a0c,Jubilee - Full Charge,collectible,15.99,2026-10-03 22:02:32
8661cbe7-e20f-4da4-83f2-2e232718f73c,The King of Cameos,collectible,8.99,2026-10-03 22:02:32
bcfde4d8-5fec-45ce-99ee-3b16a62dbc25,Floating Toby,collectible,11,2026-10-03 22:02:32
e151b717-14fd-4937-8a37-c9b24f9c5466,X-Men Deadpool,collectible,2.77,2026-10-03 22:02:32
7865e918-bd8f-4ef9-b529-3ac0d3f85f02,Buzz Lightyear – Laser Lock,collectible,23.99,2026-10-03 22:02:32
c9a0e386-3762-4ff2-976e-57d99a480c62,Valfré Zodiac Girls - Fire Signs – Leo,collectible,18,2026-10-03 22:02:32
1d71f5c0-ad88-4e70-82b8-cc6be0948f25,VeVe Heart Logo - Black,collectible,5,2026-10-03 22:02:32
98f7d0b0-8373-4037-a49f-2db41b24f168,Sokka,collectible,10.65,2026-10-03 22:02:32
cbc31f4d-20cb-4a04-a1a7-11e6801f7a43,Year of the Dragon Miniature Sheet,collectible,30.99,2026-10-03 22:02:32
256bbc2d-1c62-483f-9080-eaff18fb68f6,Cruella: Vintage Metal Poster,collectible,24,2026-10-03 22:02:32
0988f04a-e678-4797-9652-0142e3a37f8b,Just-Us (color),collectible,32,2026-10-03 22:02:32
49c0b910-3dea-4425-bc85-4b11618fc3f9,AMC Blue and Beta,collectible,5,2026-10-03 22:02:32
cfbc5159-b5ef-4a33-adb6-0e31e2cea1f6,JISOO Pink Venom Card,collectible,14.99,2026-10-03 22:02:32
26bd35f6-583b-44d5-944c-47903e120b49,Pop and Cub,collectible,195,2026-10-03 22:02:32
cbe61eb0-01cd-4e7b-a23d-4950bd6e1855,Riri Williams,collectible,8.5,2026-10-03 22:02:32
d65a302d-eda5-457f-b6c3-46826dee1941,Sket One - Boo Crew - Glow in the Dark Cyan,collectible,321,2026-10-03 22:02:32
cb193c14-f7ff-4530-82f4-69d9ee5f8604,Mothman,collectible,3.52,2026-10-03 22:02:32
f17a4cb5-feaa-4a2c-9535-548901496591,Valdo’s Case,collectible,3,2026-10-03 22:02:32
6c589db7-e673-4a1a-b87a-af1d0e7da650,Haunted Mansion Poster,collectible,25,2026-10-03 22:02:32
391a48df-616d-4f3c-b183-d7f7a6414b01,Nozzle Eye - VeVe Spectrum,collectible,700,2026-10-03 22:02:32
6a01e536-cd0d-4122-afea-1654ce59472c,Star Wars: Episode V The Empire Strikes Back - Vader's Helmet,collectible,27,2026-10-03 22:02:32
f00c040b-c941-41e3-8182-bcb7f535e813,Zombie Deadpool,collectible,3.7,2026-10-03 22:02:32
f91fbba9-e5f3-4d7d-93b4-91efacbc0b27,Spider-Man 2099 - Genetic Awakening,collectible,9.9,2026-10-03 22:02:32
46973084-cb60-41e2-b7cc-ba112976255d,Snowflake Labbit,collectible,11,2026-10-03 22:02:32
c4abc04d-bb1d-4e1c-80e5-fd0849daa82f,Sabretooth - Wild Dominance,collectible,66,2026-10-03 22:02:32
9c8e3ee9-6e63-4051-8875-2d9029e22837,VeVe Heart - Lisbon 2026,collectible,69,2026-10-03 22:02:32
99c8e9ab-7ea7-4ef8-aa34-f5df2891d65b,Sabretooth - Vengeful Escape,collectible,68.99,2026-10-03 22:02:32
371941fd-6283-4900-888b-7a953592ede6,PLANET DEATH #1 Framed Art,collectible,350,2026-10-03 22:02:32
f6894d7e-b148-4f5a-a848-b366a5edaa29,Edward - Pirate’s Rest,collectible,17,2026-10-03 22:02:32
8197f403-df07-45d8-9435-e4b30465250c,Fantasma,collectible,3.5,2026-10-03 22:02:32
20d230a2-64ee-4ab8-b54d-cd1593433eed,Code of Honor,collectible,29.99,2026-10-03 22:02:32
7a11cc10-fff8-41b7-8f22-2e6f5552736d,The Little Prince on the Moon,collectible,5.98,2026-10-03 22:02:32
b9ec9485-bbe1-4500-a47b-94dfded8fa98,The Batfeesh #116 by Fvbrix,collectible,5,2026-10-03 22:02:32
262ca5c3-d806-421d-aa0a-05207e5ea59c,Donatello - IncogNinja,collectible,41.95,2026-10-03 22:02:32
c54fecb0-6f9b-4a17-acf5-57bbf654ecc8,Giggling,collectible,34.44,2026-10-03 22:02:32
641ae92d-1a09-431c-81ad-e708d0bd81e5,Mama Imelda,collectible,20,2026-10-03 22:02:32
145280a1-9f79-4b7c-a87f-b786b552eb30,Olaf's Summer,collectible,25,2026-10-03 22:02:32
c26e57d3-9613-470f-a2d8-6f448d76ec57,Crimson Trooper Helmet,collectible,13.5,2026-10-03 22:02:32
d191323b-5da1-4ccd-ba23-1a44c2ae6e85,The Love Space Gives - Tara McPherson,collectible,15.99,2026-10-03 22:02:32
3ab24635-2ee1-4688-b3f1-1ad77e525bad,Star Wars: Episode V The Empire Strikes Back - 10th Anniversary,collectible,26,2026-10-03 22:02:32
0f0c5b0a-766f-415f-b7c9-4acef596105d,Star Wars: Episode VI Return of the Jedi - Starfall (Japan),collectible,25.99,2026-10-03 22:02:32
63feb830-6cf1-4544-b39b-a74ef50bac8d,"Surprise, Minnie!",collectible,16.22,2026-10-03 22:02:32
595f497d-4d6f-4f58-a19e-ce5dcb942696,Ironheart - Riri Williams,collectible,10,2026-10-03 22:02:32
8df33af6-579e-4722-9745-abf30cc070fb,Captain Carter  - Action,collectible,28,2026-10-03 22:02:32
f9422701-8fc1-4af5-9312-d7e8f21b83e1,JISOO Pink Venom 1,collectible,27.65,2026-10-03 22:02:32
30b76918-6d75-4985-bd81-70cbf79f9d2a,VeVe Christmas Tree - Diamond,collectible,57.5,2026-10-03 22:02:32
7e227ed9-0358-4db4-bdb1-bc0f40644694,Winter Soldier – Silent Sentinel,collectible,14.99,2026-10-03 22:02:32
ad68e422-4e87-41f7-8155-39002803685c,VeVe Flags - UK - 2025,collectible,67,2026-10-03 22:02:32
1a1387d3-e99f-45bd-8463-58de6f1afb73,The Punisher - Skull Reaper,collectible,27.99,2026-10-03 22:02:32
80dbf318-2d6b-4ac3-ad4f-7b441a6ecc82,1840 Penny Black IA-IC,collectible,10.9,2026-10-03 22:02:32
6b35e0b7-ade2-41a9-b3fc-bb2182fac771,Carl Fredricksen,collectible,9.98,2026-10-03 22:02:32
e76d8148-e4e3-48b8-9f90-d7e3501233a0,White Out,collectible,5,2026-10-03 22:02:32
69227665-8301-4c3b-a2ad-35729f1c3479,Stormtrooper - Crouching,collectible,39.99,2026-10-03 22:02:32
cc92c413-0e65-4af4-944c-b708dc8ac11e,Ursula: Vintage Metal Poster,collectible,44,2026-10-03 22:02:32
d0003c1e-2e42-499e-9eb9-a9b002000071,T-47 Airspeeder - Black,collectible,250,2026-10-03 22:02:32
20b33086-b896-4e06-afa4-66fd7f2ca96e,Sugar Bear,collectible,9,2026-10-03 22:02:32
00b4fa44-9f8e-4e31-b6d9-649b2856c099,Betty Boop - RockNRoll,collectible,18,2026-10-03 22:02:32
f1735f96-de89-422f-9727-da53ee0bab75,Classic Cartoon Edition,collectible,3,2026-10-03 22:02:32
5d8c0b3d-ab81-4906-926f-b00dc3cc5fb0,VeVe Heart Logo - Red,collectible,39.99,2026-10-03 22:02:32
a0c5169a-8dea-4b13-9d01-f4e64555ccbc,Tara McPherson - Purple Bunny Rider,collectible,30,2026-10-03 22:02:32
0bec415e-f029-4e62-985f-4e7abb3f93b9,Deconstructed Idol,collectible,22.5,2026-10-03 22:02:32
f68a5fd3-4208-4384-8683-095a8fe10fb3,Mulan,collectible,19.99,2026-10-03 22:02:32
2749b5d7-4000-49d4-b488-30987ae0bd22,Maido & Kanpai - Special Edition,collectible,399,2026-10-03 22:02:32
7b3e117c-fc0e-459f-9792-b131935e3135,1860 George Washington (originally 24 cents),collectible,4.15,2026-10-03 22:02:32
b149cbb9-24dd-4c75-845b-2a46dcf15767,Mr. BONES - Boxer and Blocker - Ron the Killer,collectible,29.92,2026-10-03 22:02:32
434aef90-307d-4045-ac6d-b34a00a4f843,Island Spirit,collectible,9.82,2026-10-03 22:02:32
51783056-16e0-4adc-9a63-a294f0eb968f,Boba Fett’s EE-3 Carbine Rifle,collectible,50,2026-10-03 22:02:32
247ed551-4606-4497-bec5-9742019e8f95,Look to the Surface,collectible,99,2026-10-03 22:02:32
5db46da0-550e-4380-8025-caf68aa0256e,Spider-Ham,collectible,11,2026-10-03 22:02:32
cf3ca5a8-b881-4a67-bb13-53f33d9d4b14,ODDY ver. BLUESNAKE,collectible,99,2026-10-03 22:02:32
b52b6842-bfef-4c0f-8543-bcfaf186a706,Record #1 - Living In Delusionville - Platinum,collectible,99,2026-10-03 22:02:32
5d80846e-6d59-45d1-8a1d-03492e5134db,Darth Vader Samurai - Shadow of the Shogun,collectible,9.99,2026-10-03 22:02:32
f26f89e6-0e34-44ce-b823-4aa9509e90d7,Mimban Trooper - Shooting,collectible,299,2026-10-03 22:02:32
658f1d45-3417-40ec-84f7-054cb8f0d494,Symbiote,collectible,3.99,2026-10-03 22:02:32
03a8f5c2-50f5-4802-bc43-b8e26cffa057,Emi - Curious,collectible,10,2026-10-03 22:02:32
560171d9-021c-4447-9015-2b32714c74f7,X-Men Logo,collectible,9.99,2026-10-03 22:02:32
2e1dc20a-de45-4824-a3f2-e7a0874ee701,Johnny Storm - Classic Blue,collectible,10,2026-10-03 22:02:32
fc52d420-665a-46b0-a113-196f88ad4545,Record #1 - Frankenstein - Platinum,collectible,98,2026-10-03 22:02:32
aa3fbafe-4671-4b33-86dc-7e0556e33abf,Skating Rabbid,collectible,24.29,2026-10-03 22:02:32
1d84d110-4c41-49a9-8b3a-6e6ed1562968,Connor Base,collectible,13,2026-10-03 22:02:32
328878fa-a12e-46bf-88ab-c954fefcb031,Lil Boss,collectible,26,2026-10-03 22:02:32
bd9f38e8-78b4-4eb1-84ed-a6e3ed560d63,Sam Wilson - Heart of a Hero,collectible,9.88,2026-10-03 22:02:32
2bb6e309-e375-44b0-a4a7-8bdf5610ae5b,Snow Much Fun,collectible,19.99,2026-10-03 22:02:32
2f063809-90da-4d86-b08a-2a518a085d97,Weapon Racks – Pink Silver,collectible,2.5,2026-10-03 22:02:32
0911a467-0a70-4399-b99e-fa447496024c,X-Men: 60 Uncanny Years Poster,collectible,32.36,2026-10-03 22:02:32
c8ade023-a070-4c91-8eb7-f7eb9c4b5cff,1938 Warren G. Harding,collectible,36,2026-10-03 22:02:32
3f9c5d51-2619-4add-8f8f-f5520f99754b,MyCollectables - Blue Metallic,collectible,220,2026-10-03 22:02:32
f4cb3fd2-5ca1-415a-98c2-d38ec8e72c9f,RUNNING MON ver. VEVE GOLD,collectible,215,2026-10-03 22:02:32
4ac4ba4e-9932-4d0e-b085-f6289a8681ff,"Mais Oui, Grand Prix!",collectible,20.25,2026-10-03 22:02:32
27cde852-c39e-4fde-94f5-5f85a8a6e757,Xie Ying Bai Di,collectible,15,2026-10-03 22:02:32
dec46e84-89a1-4773-b6fc-e258e868c724,Horus Guards - Anubis,collectible,65,2026-10-03 22:02:32
90292d18-e568-4cd8-bab7-cf2494cc9157,JENNIE Pink Venom 4,collectible,29.99,2026-10-03 22:02:32
f2947ce7-7efc-45da-b1af-0922c37b9d9e,ROSÉ Pink Venom 2,collectible,88,2026-10-03 22:02:32
ae3b97fa-38a8-413c-b2f0-cd0695450755,VeVe Outdoor Guide - Lincoln Design Co.,collectible,35,2026-10-03 22:02:32
33f16c99-a5e4-4268-98e1-ce6e3ea05dad,Elf Labbit,collectible,4.95,2026-10-03 22:02:32
fbc6e8d2-feb1-46b9-9321-2cf8d34a47c2,Friend Owl,collectible,9.9,2026-10-03 22:02:32
a6a8e263-17b8-4653-894b-6b7dac0bc777,Sadness,collectible,10.97,2026-10-03 22:02:32
1da7d0b1-2702-44cc-8cb1-ad24229b20b3,Jane Foster (Thor),collectible,5,2026-10-03 22:02:32
6db92658-cab4-4bcf-a57b-0e0f9f6750fb,‍‍Mimban Trooper,collectible,3.19,2026-10-03 22:02:32
6e5f4b19-fb4d-40c3-8338-f470221f3c25,Lumière,collectible,7.93,2026-10-03 22:02:32
baa3d595-5506-45fb-8851-3b0012d6b8d7,Lyja,collectible,9.55,2026-10-03 22:02:32
dc94cfcd-b6ba-4132-bd62-28f8148ca897,Valfré Zodiac Girls - Fire Signs – Sagittarius,collectible,16,2026-10-03 22:02:32
fe0982da-ddc5-40b1-8da2-bb4d20d0faba,Veb,collectible,19,2026-10-03 22:02:32
e8af31a7-9403-4a31-89a5-65570fcb814b,Altar - Becoming a Player,collectible,9.4,2026-10-03 22:02:32
5a629d81-f499-4da6-bff6-419f1c27e921,Karina,collectible,3.97,2026-10-03 22:02:32
3d0b6bcb-393c-4d0c-a58d-4ebe0dbfcea9,Lunar New Year: Dragon - Pane of 20,collectible,27.5,2026-10-03 22:02:32
2dbdb7e3-6f49-4210-a050-a6b812e4caad,Aaron,collectible,2.79,2026-10-03 22:02:32
d6966b3e-9691-470e-ab59-446dce21f7f8,Cut Stormtrooper Helmet,collectible,37.69,2026-10-03 22:02:32
26734b47-2b6e-42d0-8eac-63ab25d98ac7,Bi Yan Yin Rong,collectible,9.99,2026-10-03 22:02:32
13c582b0-af73-4a9b-a24c-5052a7a818bd,Holiday Heroes,collectible,19.99,2026-10-03 22:02:32
49308035-554f-46ff-9ed5-21436bfae647,Ms. Lion,collectible,177,2026-10-03 22:02:32
eabb573e-ec85-429a-9616-aec7e282f167,Rabbid Patrol,collectible,15,2026-10-03 22:02:32
19d6c33b-6955-4d6e-abed-902e1ab4a797,Fissure Demon - Allison Bamcat,collectible,28,2026-10-03 22:02:32
d97c812f-9410-4adf-8afc-0100a42cd7bc,Ralph,collectible,12.48,2026-10-03 22:02:32
0764efd5-2967-4f8e-89c5-e5839123f198,Chewbacca And Family Wish You a Happy Holiday,collectible,19,2026-10-03 22:02:32
8527bdbf-49c2-4a08-8231-561161f81563,Dogpool,collectible,145,2026-10-03 22:02:32
78607e25-2615-425c-9c2a-8d6a9c41cc6f,Face Your Fear,collectible,27,2026-10-03 22:02:32
87e77339-f586-48ca-9f2c-d197f0b644d1,BLACKPINK Stage,collectible,75,2026-10-03 22:02:32
e7c08aaa-eb11-4af2-8d7e-488bb3df87dc,Spring,collectible,24,2026-10-03 22:02:32
418dcebb-67d5-4216-9fc2-09f66901422e,Record #5 - Ronnnie Rabbbit - Platinum,collectible,92,2026-10-03 22:02:32
932f2c05-f2fc-4e81-8ed7-659d2c6748ce,Emcee Claws Box,collectible,105,2026-10-03 22:02:32
d8d0ace9-56f9-4f1d-b502-bacddc273878,Ezio - Deadly Precision,collectible,33,2026-10-03 22:02:32
30667956-1bc4-48e7-876f-29c799a33b68,Emi - Playful,collectible,14.44,2026-10-03 22:02:32
58ce00bf-e599-453d-ab67-146d84e4803c,Colossus - Secret Wars 1985,collectible,38.45,2026-10-03 22:02:32
872821f8-2814-450d-8287-e870cf137179,Kang 1,collectible,7,2026-10-03 22:02:32
644fdafe-0aa2-478d-9ace-fa31eecc3a26,Mister Fantastic – The Rubber Man,collectible,8.99,2026-10-03 22:02:32
a00ad2e9-37fe-4ca2-b2df-5fea2e0131d0,"""Read Me A Story!""",collectible,3.5,2026-10-03 22:02:32
d4432421-d5cc-4a1d-9f0d-d98ac39ee597,Cartenon Temple Diorama,collectible,9,2026-10-03 22:02:32
d53f3d33-19f8-4ba7-86c2-1309a7470af9,Episode 11 - A Knight Who Defends an Empty Throne,collectible,8.99,2026-10-03 22:02:32
6535d69a-ac95-4da3-bd1a-4245808e4b21,Fantastic Four Holiday Card,collectible,29.38,2026-10-03 22:02:32
aa8ace2b-3356-421c-8bfc-d77fb68b703b,Blue Noggles,collectible,56.79,2026-10-03 22:02:32
e511e515-5043-4308-bcb5-1b88b647acfe,Slime Mon,collectible,95,2026-10-03 22:02:32
00a39aee-27cd-41e3-932b-67e703282bd8,Sprite,collectible,3,2026-10-03 22:02:32
5efd4b63-dab0-4567-a776-e60b1ea047d1,RUNNING MON ver. VEVE RED,collectible,200,2026-10-03 22:02:32
c2a7851e-d121-4ea2-aa23-72dd58346fb3,Jubilee - Sparkstrike,collectible,19.99,2026-10-03 22:02:32
2dd00fad-e4ed-4bf4-8e53-8fd49d18dfc9,Witch Tricks - Camille Rose Garcia,collectible,27,2026-10-03 22:02:32
0c07f0cf-3bbe-4176-9f12-693cad110d08,Year of the Tiger,collectible,9.5,2026-10-03 22:02:32
fa9bd8ac-2e81-459b-85d9-7182df4d43a2,Women Support the War Effort,collectible,2.99,2026-10-03 22:02:32
95c53921-2159-41e8-964d-7b3c7caacd67,Emily Will Leave You in Stitches,collectible,9,2026-10-03 22:02:32
8fc5ef65-80b8-4b61-9cad-3a8de0cc472a,Nessie,collectible,1.99,2026-10-03 22:02:32
3a00cc91-e39f-4040-9a06-17dc99b376b3,Single 2 1/2d 'Lake Wakitipu' gummed stamp,collectible,49.99,2026-10-03 22:02:32
58b62a0f-90d5-442c-9114-53aa25fb379e,Anna and Prince Hans,collectible,22,2026-10-03 22:02:32
7c6e0265-6fe1-4d5a-b902-b38b600026ee,She-Hulk,collectible,9,2026-10-03 22:02:32
a3c883e2-3c17-4e78-a415-de4f438f7958,Xenomorph,collectible,9,2026-10-03 22:02:32
2c70e420-29bd-46bc-ba10-04073967e4d2,Take Me Out to the Ball Game,collectible,2.5,2026-10-03 22:02:32
c6981afb-31a9-4314-a825-b1f5faae0056,"Smack, Crack & Pot",collectible,4,2026-10-03 22:02:32
d96c6595-4e49-4055-af0e-50c21356fc94,Lions United,collectible,2.25,2026-10-03 22:02:32
5823e253-a41b-49a7-a53d-0d58200635a3,Druig,collectible,1.97,2026-10-03 22:02:32
455bc7f4-bb2f-4eaf-803c-f90e61b9100b,On Her Majesty’s Secret Service - French Door Panel Poster,collectible,9,2026-10-03 22:02:32
c03b2444-bd47-4778-b0c1-d6e26429217a,Silver Surfer,collectible,13.99,2026-10-03 22:02:32
816a9cc5-5125-4cde-9b8e-af25dcab4862,The Punisher - Fists of Vengeance,collectible,5,2026-10-03 22:02:32
f0ccdd0b-c4ae-41e9-b853-5133d7a813bc,Predator - Seasoned Hunter,collectible,12,2026-10-03 22:02:32
9f7d75e4-ccad-4428-95fa-018904c9bb9b,Blue Eye,collectible,300,2026-10-03 22:02:32
10d332fe-c05f-44c9-860f-14d28b26573b,From Russia With Love - Italian Duo Poster,collectible,9,2026-10-03 22:02:32
10fdaf2c-4b9b-4a2d-9f83-7cfcb43358d2,Glider Blueprint,collectible,2.94,2026-10-03 22:02:32
d3773a79-cb8e-4071-a607-c3e5caae15b1,Christmas with the Super Heroes,collectible,17.99,2026-10-03 22:02:32
1e780761-22a9-44a2-88ce-b88c8ab47686,Hangar Bay 327,collectible,8.88,2026-10-03 22:02:32
4a1211b1-0144-4827-8014-2120901a5b91,Bigfoot,collectible,1.95,2026-10-03 22:02:32
05f5219f-ed27-4be7-adf2-1c3c82132486,Rhino,collectible,5,2026-10-03 22:02:32
2f4db61b-330b-4322-9a93-ed01a38bb3eb,Savor the Moment,collectible,8.63,2026-10-03 22:02:32
967c8539-9bcc-4390-a094-a1d4d1006fa0,Welcome to Element City,collectible,12,2026-10-03 22:02:32
77a41d39-aab6-4dfb-bfba-f20643615121,Jubilee,collectible,11.6,2026-10-03 22:02:32
2c9dc59b-6eed-4755-89ff-05e47a1c5423,Drax,collectible,11.6,2026-10-03 22:02:32
9f0511c1-29b8-443f-9893-58bfdf5d1efc,Flower,collectible,12.95,2026-10-03 22:02:32
25973a98-fafb-4fea-a9ec-be2921c082a2,BLACKPINK Lightbox - Midnight Mode,collectible,135,2026-10-03 22:02:32
36e21c12-b1a1-4f88-89d6-06a37e5cf604,Hoggle,collectible,4.8,2026-10-03 22:02:32
13cd77cf-6f37-4299-b384-810b31bed42b,Grundo,collectible,23,2026-10-03 22:02:32
0392e20e-a2da-42ce-a153-e04af71225e4,Silk,collectible,69,2026-10-03 22:02:32
b5c014a8-3ab8-41a5-95e9-ead8e63896d1,Die Another Day - UK Quad,collectible,19,2026-10-03 22:02:32
b8335d89-2493-4e7a-9a56-13e979c4063b,Cuddles,collectible,66,2026-10-03 22:02:32
e1743ae5-27f8-4e49-975d-88b0d9674711,Toothy,collectible,9.5,2026-10-03 22:02:32
7aeb6394-97db-4268-85ac-7f2cc504687e,With Love and Kisses,collectible,2.9,2026-10-03 22:02:32
ba7151f1-eba5-487d-87c9-3159fbc70bf8,Red Noggles,collectible,52,2026-10-03 22:02:32
7c6ae06f-0c37-4d39-9129-4ae99b28d93d,Magik - Uncanny X-Men 2013,collectible,36,2026-10-03 22:02:32
7f8a49d9-06c3-4304-9a44-3ea26e873c6e,"Book with Recorder from Thunderball, 1965",collectible,22,2026-10-03 22:02:32
326ec7f4-6466-4680-b4c6-6be1e70c8f32,Handy,collectible,30.99,2026-10-03 22:02:32
2db2e5c8-17f0-4187-9006-c60d9d3c87a4,Darth Vader Bust - White Marble,collectible,21.9,2026-10-03 22:02:32
cdf8336b-2ee0-4573-a2c0-5e8389bcc541,Vision,collectible,7.99,2026-10-03 22:02:32
6bd27e97-4c19-476e-9f48-1778d135e4ab,Camille Rose Garcia - Vultura Macabra (Black Jack),collectible,9,2026-10-03 22:02:32
8e2d9ecb-33f4-411a-b106-737f61d1a76d,Perla,collectible,2.82,2026-10-03 22:02:32
b425e7fc-da87-429b-9799-430993490103,The Aquatic Double Can,collectible,199,2026-10-03 22:02:32
60dbacaa-bf89-4683-9dc9-10363e32d986,Cliff Cramp Variant,collectible,42.99,2026-10-03 22:02:32
e5615970-0219-495f-b302-458da5f69ad4,TMNT - Born Below Silver Diorama,collectible,8.5,2026-10-03 22:02:32
0162a16e-1cfc-4008-a461-68e55a1cee84,Female Eivor - Oathbound Silence,collectible,99,2026-10-03 22:02:32
19fc5e03-b35d-42c8-8a8f-6fa896035f27,Swag,collectible,14.63,2026-10-03 22:02:32
12786e8c-7cd5-4739-8917-9b93e08842b1,Rewind Collective - Flag,collectible,8.49,2026-10-03 22:02:32
9e399a2c-e51f-49ed-a1d3-16569550c967,Ultraman - Silent Guardian,collectible,8.5,2026-10-03 22:02:32
1e03369f-9703-4790-a441-23c894baf56d,1938 James K. Polk,collectible,5.95,2026-10-03 22:02:32
995a1489-30ad-4e31-b70f-ad5aab84b727,Little Friends Black / White,collectible,12,2026-10-03 22:02:32
36dcbe3a-2cd8-4bc8-9eff-3d7296f5de16,Sandy,collectible,12,2026-10-03 22:02:32
0a3541a1-dcf7-459f-9850-5569e91eb96d,Maleficent: Vintage Metal Poster,collectible,14.99,2026-10-03 22:02:32
3e24518f-be71-4226-a758-655a803f4807,Joe and Mr. Mittens,collectible,14.99,2026-10-03 22:02:32
4f4a6a39-9577-4267-ac9d-1f463d510c34,Toph - The Blind Bandit,collectible,666,2026-10-03 22:02:32
f219258d-8d2e-43aa-b44f-1dd4cccad13d,A Look Back,collectible,30,2026-10-03 22:02:32
7a91fb6d-34a5-45e6-9375-9913fae7900f,The Drop Off,collectible,30,2026-10-03 22:02:32
40dd129c-df8b-4d97-89df-98cc9fa00f7d,Creeping DERO (Shadow) - Jermaine Rogers,collectible,29.99,2026-10-03 22:02:32
bd16e6f6-1138-4083-8c0f-8e312c3c9450,Santa Comes Down the Chimney,collectible,2.99,2026-10-03 22:02:32
57cc6578-d821-4ea1-a709-521905ed5838,Sunflower Grin - Special Mission - Silver,collectible,2.99,2026-10-03 22:02:32
4fa83d2a-09a2-47a9-a476-79ae00362be4,Star Wars Episode IV: A New Hope - Luke and Vader,collectible,21.33,2026-10-03 22:02:32
6415ea3d-dc67-4d92-8923-62a29597d096,Running Keith (Old School) - XLARGE,collectible,21,2026-10-03 22:02:32
be594ab2-f648-475c-9334-9a50a71d5982,VeVe Heart Logo - Blue,collectible,33,2026-10-03 22:02:32
b126fd79-2271-4e28-a6f8-bb8ad2adbb51,VeVe Flags - New York - 2025,collectible,55,2026-10-03 22:02:32
99dad9ce-573b-4ba5-983a-460cde874f19,Brave Berry,collectible,14.99,2026-10-03 22:02:32
23855e1f-f678-4831-8e58-ecfd53c4fb53,Cruz,collectible,12.18,2026-10-03 22:02:32
fb126fc0-85cd-4363-aded-425205ec8d62,Stabbed Trooper Helmet,collectible,32.8,2026-10-03 22:02:32
050992bf-27f3-44e6-83a4-1aea55b879e9,Billy Builder,collectible,119,2026-10-03 22:02:32
c3c9cf87-6d65-4ad6-8e95-0a32b7bcd9e9,Thanos Copter,collectible,9.95,2026-10-03 22:02:32
df9084b3-75bd-4d52-87fa-1d2de34f0f19,1938 George Washington,collectible,3.4,2026-10-03 22:02:32
bf7ad828-6417-487e-81a5-4614d4d01fdf,Wasp,collectible,21,2026-10-03 22:02:32
df13076e-f778-46eb-9946-4e91a69c0eba,Rambo III - Original US Theatrical Poster (1988),collectible,185,2026-10-03 22:02:32
9d17be60-295f-4c99-867b-058417b2c74c,Odin - Action,collectible,77,2026-10-03 22:02:32
47cd772d-3707-437c-beec-d4f62e61ba41,You Only Live Twice - UK Quad Poster,collectible,8.25,2026-10-03 22:02:32
76a7c610-7e7c-4ac4-8d94-ddb22ea336fc,6 Eye - Lincoln Design Co,collectible,36,2026-10-03 22:02:32
e48bfe78-5231-4d5e-9d5d-ffff71a84753,Predator - Hidden Threat,collectible,24,2026-10-03 22:02:32
51dc2dd3-44db-41ed-bc65-b513e92f186f,‍Sam Wilson - From Sky to Shield,collectible,18,2026-10-03 22:02:32
59a9e7f2-af54-4414-b1a7-7ce13c55eba9,Sokka - Blademaster,collectible,79,2026-10-03 22:02:32
8686b5d4-4c26-42c8-8c79-0963c81754b0,Hear More Evil Monkey - Yellow & Red,collectible,24.3,2026-10-03 22:02:32
0c7b5608-1fb4-4ec4-a55d-f1199de26a2c,Homestead,collectible,12.4,2026-10-03 22:02:32
bb531903-13ab-4806-98c8-fb2b8847e398,1840 Penny Black QB used,collectible,3.97,2026-10-03 22:02:32
8826bec7-dd6c-4abd-8f45-20b6dad90ef3,Samurai Rabbid,collectible,16,2026-10-03 22:02:32
7598d35a-beb1-432d-bef6-a204eb526d44,Fix-It Felix,collectible,7.99,2026-10-03 22:02:32
a2a195be-e5a6-4903-ad77-160e41b94bc2,Phase 1 Greaper - Sket One,collectible,24,2026-10-03 22:02:32
812c6266-4451-4144-b285-454bd0c5b73c,Blob Venomized,collectible,7.99,2026-10-03 22:02:32
94d2dd55-0162-4e7c-b9c5-f29291112be8,Mark Brooks x David Pin,collectible,85,2026-10-03 22:02:32
45b33990-73b4-40d2-9d92-18dc4bbc8846,ORDAINED #1 Metal Variant Cover Poster,collectible,199,2026-10-03 22:02:32
f1335136-3692-4038-925d-330c7a92d231,The Sweet Lips Feesh #384 By KMNDZ,collectible,8,2026-10-03 22:02:32
d0d24b34-c4bc-41bc-af6c-23dc874bc60a,The Volcanic Haunt,collectible,66.6,2026-10-03 22:02:32
cf40be02-2405-42fe-a0f8-5f84a6f21171,VeVe Christmas Tree - Master,collectible,299,2026-10-03 22:02:32
8e9ff45c-7ea8-4aea-8dc5-9259985c4d87,Elmo,collectible,8,2026-10-03 22:02:32
ff19b015-858f-44cb-89eb-f29eb8e40443,Year of the Dragon Medallion,collectible,23,2026-10-03 22:02:32
349d2928-d6b8-4b90-aa46-c49d76bd4038,Aesthetic (2020),collectible,33,2026-10-03 22:02:32
959b92ba-3a19-41a8-85ff-329e543c12c4,Sabochan,collectible,36.99,2026-10-03 22:02:32
2344a6ff-eb4b-4798-91eb-b32e459da048,Basim,collectible,18.5,2026-10-03 22:02:32
59123bd4-c092-4fe7-9c72-0a0d748cb6fd,Title IX - Gymnast,collectible,2,2026-10-03 22:02:32
0c6af189-3d90-4fdd-b28b-a60c8d42ec7b,Rushing Toby,collectible,2,2026-10-03 22:02:32
e26ca080-631b-4aaf-a292-91ee915efd0a,Stormtrooper Helmet,collectible,4.44,2026-10-03 22:02:32
c5f00b9d-f642-4f6d-b186-4b3c21dc66a1,Year of the Snake Medallion,collectible,60,2026-10-03 22:02:32
8a23cfee-33f5-4a13-8cff-504d63681262,Trilad,collectible,19.99,2026-10-03 22:02:32
0c90c49f-d867-47de-991f-d5b5606ffb09,Namor - Phoenix,collectible,8,2026-10-03 22:02:32
c92a683b-a952-4fcf-b689-aa3047160893,Miles,collectible,20,2026-10-03 22:02:32
f210cd03-99a2-4a22-af3b-dc544ac84b4d,Rogue - 90’s X-Men,collectible,29.99,2026-10-03 22:02:32
9dfbafbf-12c2-4e97-88dd-9e058b2555a0,Welcoming Toby,collectible,1.99,2026-10-03 22:02:32
582a6663-a706-4bc9-9078-b594acc896a8,Gouki Nostalgic,collectible,53.85,2026-10-03 22:02:32
68725834-d21d-40f7-b6fe-b6e9d410b23a,Josh Divine - Biting Vase - Faerie,collectible,139,2026-10-03 22:02:32
dc4ccc8d-7bff-4778-8916-c3d945271045,Nicoletta Baldari Variant,collectible,27.9,2026-10-03 22:02:32
d6ea47b8-091b-4355-8ff1-a076eb34b8af,Nina Palomba - Howdy Hub,collectible,16.66,2026-10-03 22:02:32
a76c6827-046a-4c95-8823-965c9a5b22d8,Mr. V - Blue Metallic,collectible,350,2026-10-03 22:02:32
ad0dbff5-70b9-4bb5-be40-2bb436f1cef2,Coca-Cola Vending Machine (1950s),collectible,9.9,2026-10-03 22:02:32
ac8afbde-a31c-496a-bacf-ce837980f4eb,BLACKPINK Lightbox - Blush Mode,collectible,150,2026-10-03 22:02:32
9a22c13c-a299-4639-b07e-6cf2d133e45f,Mariachi - Vihuela Player,collectible,5.45,2026-10-03 22:02:32
24a2244f-2c0c-40f4-9294-b68fd45acdd7,Mr. DNA,collectible,10.94,2026-10-03 22:02:32
3691034d-3483-4f57-ba9e-8a7e83d2419c,Nijiko,collectible,9,2026-10-03 22:02:32
f583497a-51d4-4f53-9985-7c3061533280,Military Jake,collectible,7.48,2026-10-03 22:02:32
05bfaa01-9847-43e5-82ee-8c7999c26aa7,IG-11 - Protector,collectible,7.5,2026-10-03 22:02:32
72b60c77-038d-4ced-bbad-e8c73d13cff1,Scott Lang/Ant-Man,collectible,3.6,2026-10-03 22:02:32
3f12e502-76f5-44bc-abe8-8aa06da72152,Scarlet Witch,collectible,6,2026-10-03 22:02:32
e6fe7bb8-ecf0-4dbe-a9d5-2f24451a0a16,"Laser Gun from Moonraker, 1979",collectible,15,2026-10-03 22:02:32
a28dfa5f-1bcd-4448-baa6-dbf62dd828ae,No Time,collectible,6,2026-10-03 22:02:32
3a8b9d03-9712-4548-ad3b-2364f7ce2a96,‍Mimban Trooper Helmet,collectible,10,2026-10-03 22:02:32
72f4f672-c6a5-40f6-b3a5-9a369dd25dee,1938 Andrew Johnson,collectible,6,2026-10-03 22:02:32
b8e2a2ee-d61b-4500-9700-e29f9bfdee8e,Facehugger,collectible,4.5,2026-10-03 22:02:32
aeefbf50-3d0b-47cb-accb-86128d4398ed,DLT-19D Heavy Blaster,collectible,49.99,2026-10-03 22:02:32
12dba506-2a2e-4f26-b89a-f5cf8518151a,D&D - Year One Table,collectible,29.99,2026-10-03 22:02:32
9c5831e3-9544-4af2-a3d3-cf0d8a8910f9,Jubilee - Full Spectrum,collectible,29.99,2026-10-03 22:02:32
e1c2cc4c-9097-4aa1-b503-aa311b80f19f,Crush,collectible,9.99,2026-10-03 22:02:32
ac7aac0b-877e-47de-9b01-06b58030f8a0,The Classic,collectible,88,2026-10-03 22:02:32
2a1c126f-df51-4957-8f5c-db0b9375ecf8,Shadow Trooper - Squad Leader,collectible,2.49,2026-10-03 22:02:32
43712ae0-657d-4562-b686-5217abbe030f,Laughing Rabbids,collectible,24.65,2026-10-03 22:02:32
1394a278-329b-493f-8921-42e7a47463d3,Dark Robin #1,collectible,12.99,2026-10-03 22:02:32
24c168f7-d4ef-4fa0-b9a6-21cf30a2625d,Rabbid Knightmare,collectible,11.93,2026-10-03 22:02:32
70fa2eb4-2890-4d80-92cf-f94c006583de,Cryo-Can,collectible,15,2026-10-03 22:02:32
1a19bf3c-7efc-49a3-a4ff-4d4b709f853f,1938 Ulysses S. Grant,collectible,8,2026-10-03 22:02:32
867dc17b-9dbd-4fe5-818d-d7b02c34f79f,The ADDICTION Silver Logo,collectible,39,2026-10-03 22:02:32
49f3c491-5c0e-4976-bef3-076a16e0e54b,Jason Naylor - OPN Heart ANIMATED,collectible,38.99,2026-10-03 22:02:32
67b21be9-1853-4c6a-8453-fc208de31b5b,Nick Fury,collectible,9.99,2026-10-03 22:02:32
6acfb7ff-9530-41a3-8cc1-fa145da1786d,Yurameki,collectible,13.5,2026-10-03 22:02:32
d013f2b2-b1f8-40fa-a38d-95b152cb4373,Gold Noggles,collectible,14,2026-10-03 22:02:32
016edb7e-a1bb-4e5a-b3bc-b3d5514f8f01,Rock N Roll Edition,collectible,4,2026-10-03 22:02:32
99bf64df-202a-418f-9ad3-82fe2b7637ae,UCI Germany Blue and Beta,collectible,21,2026-10-03 22:02:32
a0a51210-8795-4a95-835c-585ca9c0f7cb,Mr. Mischief the Monkey Grin - Yellow & Red,collectible,22,2026-10-03 22:02:32
543f41f0-e6ca-450a-a738-9776a3e84aaf,Mary Sanderson,collectible,11.11,2026-10-03 22:02:32
35253bf6-1831-4015-b2e6-8db7ef25b92a,Battlestar Galactica Emblem,collectible,15,2026-10-03 22:02:32
d41d510c-972a-4079-bb85-3319906f9cc4,1938 Woodrow Wilson,collectible,14,2026-10-03 22:02:32
faa51bbb-63ce-4280-91bd-b3573e1293a2,Jackson Storm,collectible,17.7,2026-10-03 22:02:32
846ade66-c4af-4b72-b4bf-433e5d18c28a,War Machine,collectible,6.8,2026-10-03 22:02:32
7bbab03d-2068-4ffe-9965-b106281ebddc,Felix – Quiet Smile,collectible,145,2026-10-03 22:02:32
7c60e92d-a096-41a5-b222-38ac26ebf894,"Jim Lake, Jr.",collectible,14.5,2026-10-03 22:02:32
3ef7e3a8-12fa-47b5-afed-6bac8384c137,Flaky,collectible,17,2026-10-03 22:02:32
52106634-c0eb-445c-a09e-7aa34e05e8d1,Emma Frost - Uncanny 1980,collectible,30,2026-10-03 22:02:32
18ffd467-efd3-4686-924d-6e70e4ebbc87,"Krasue, the Floating Head",collectible,2.16,2026-10-03 22:02:32
7424a029-24e2-4810-8e34-aa8da5cfccf7,Grab Shell Dude!,collectible,14.99,2026-10-03 22:02:32
4fe7f5d3-d9a8-46b0-8be2-c0680f894525,Mr. Epiko - Blue Metallic,collectible,325,2026-10-03 22:02:32
09db976a-224c-4288-a903-dd0246eb200b,Thor - Action,collectible,35,2026-10-03 22:02:32
74724746-c601-48f3-bb7a-3b6e060d1e24,Flo Base,collectible,49,2026-10-03 22:02:32
39abf2f6-566b-4f0f-bc6c-e81204c1016c,Magneto,collectible,9.99,2026-10-03 22:02:32
95ab4dde-1a76-433c-a655-980a1e33156d,Headspace Devil - Luke Chueh x Munkyking,collectible,13,2026-10-03 22:02:32
c7789211-3299-47cf-8cfc-02aebf30703b,Smee,collectible,40,2026-10-03 22:02:32
20819ae3-1ce1-48b3-868f-18f2e84a075f,My Toy Strawberry Chocolate Frappé,collectible,469,2026-10-03 22:02:32
f274a17e-c98c-4c82-9495-9625436e5c57,Duck & Cover,collectible,700,2026-10-03 22:02:32
5815ba10-688c-446a-9822-91cc3f8aa67a,Ovomorph,collectible,3.5,2026-10-03 22:02:32
28b53716-1751-49e2-9cf2-354427e41546,Jasmine and Jafar,collectible,27.99,2026-10-03 22:02:32
1a0f7160-1dd9-45a3-bcb3-d476b18ef08e,Dory,collectible,13.99,2026-10-03 22:02:32
ac35ac09-cbf8-48a8-82b5-e0604ffe5021,VeVe VIP Ticket - NYCC 2024,collectible,13.99,2026-10-03 22:02:32
d035bdd7-124c-4555-8f45-75dbe8fef0a8,Heroes Edition,collectible,21,2026-10-03 22:02:32
c1f06a7b-2640-4c8e-a834-c55b8ba2ea48,Diogo Saito Variant,collectible,11,2026-10-03 22:02:32
47a11216-ce55-463c-96eb-10ffb467d289,Ultraman  - Energy Blade,collectible,30,2026-10-03 22:02:32
1751f55f-0087-45eb-9b24-a7cbe7cf87bd,Emi - Energy,collectible,30,2026-10-03 22:02:32
6b2703b5-0e05-4f2c-8ac7-14a8b1cae24c,Holiday Elves - Elf with Package,collectible,2.86,2026-10-03 22:02:32
f578773f-012f-48b5-9156-117545e39739,Black Widow Nesting Doll,collectible,24.99,2026-10-03 22:02:32
00c0c87d-7510-417b-92c3-26c6e86b94ac,JENNIE - Animated,collectible,30,2026-10-03 22:02:32
72ec80b5-11e5-4082-be8d-dd662e1ba756,Moisture Vaporator,collectible,9,2026-10-03 22:02:32
2e75b438-b763-4b0d-9b36-8f3edecb6614,Buzz Lightyear – Mission Ready,collectible,10,2026-10-03 22:02:32
ed34711b-b3e5-4685-a005-b88260d4a989,Royal Bee,collectible,5.04,2026-10-03 22:02:32
fdf192f7-c406-41db-86c4-fcf5c8451b71,Ant-Man,collectible,5.99,2026-10-03 22:02:32
db32e4a3-e1c7-4f3f-a2c5-ae54ed27c637,1938 Rutherford B. Hayes,collectible,7.5,2026-10-03 22:02:32
4f38dd75-8591-485e-bab8-a8fbd3ffdd5a,Nedry’s Computer,collectible,9.99,2026-10-03 22:02:32
467d3045-f3a8-4420-a5ee-2a2ba9b15f67,Jubilee - Flash Forward,collectible,6.97,2026-10-03 22:02:32
1b85ed24-8f74-4e91-b467-5024b04e0749,Galactus - Devourer of Worlds,collectible,23.98,2026-10-03 22:02:32
ebb6a9d6-fdce-4bba-bcb2-ba30d20fd890,Alert,collectible,7,2026-10-03 22:02:32
8afcff93-6e98-44aa-8b60-e3cc0274d76a,The Diamond of the Mines,collectible,59.99,2026-10-03 22:02:32
ec04c6de-1ef4-436b-bb1a-8a9109a95bb6,Colossus - Phoenix,collectible,7,2026-10-03 22:02:32
7edfc2ea-2d52-4eb1-a2ce-a025cbbc712d,Treasure These Idol Moments Mural,collectible,25,2026-10-03 22:02:32
90eb0d05-dafd-4c45-86be-d6e2469bfab9,The Yautja,collectible,14,2026-10-03 22:02:32
6f50e277-3594-4485-8bd5-7d6fd84bee82,Coca-Cola Neon Sign - Spinning Disc,collectible,92,2026-10-03 22:02:32
7d54ee76-0aa1-47d7-8b04-c41613db4197,Red Reaching,collectible,23,2026-10-03 22:02:32
b2c5500c-a2b0-48e6-ab14-65fdc2e76814,Blasted Stormtrooper Helmet,collectible,27.5,2026-10-03 22:02:32
94bcc472-9ecb-41f0-b8bf-f5b0b4e85e37,Gambit - Trenchcoat Tactician,collectible,3,2026-10-03 22:02:32
b98c6840-2d48-4539-b5cc-c25237cb8a5f,VeVe Christmas Tree - Silver,collectible,1,2026-10-03 22:02:32
5ac589d9-ee8c-40a7-84cb-dae681744a3f,Warrior Jake,collectible,25,2026-10-03 22:02:32
8cd9530d-6ea9-436c-bdc0-ee73e43c0abe,Magik - Phoenix,collectible,6.95,2026-10-03 22:02:32
6b3d711e-be46-46ff-ae50-5bd6898a39aa,Toadstool Tinker Bell,collectible,5.5,2026-10-03 22:02:32
e9aa517c-43e1-48d8-ab94-8551e4610629,Daisy,collectible,21.76,2026-10-03 22:02:32
e74fc433-8f2a-4893-897f-4f72dd41c35a,Thumper,collectible,39.95,2026-10-03 22:02:32
a218120e-106b-4761-9cce-21f4485d53a0,Raphael - IncogNinja,collectible,27.99,2026-10-03 22:02:32
7f164d1b-974b-46d2-8292-dc9561b111ab,Title IX - Swimmer,collectible,2,2026-10-03 22:02:32
26f408b1-bb9e-4257-b819-29270f6682b5,Winter Soldier – Unmasked Resolve,collectible,25,2026-10-03 22:02:32
a9521bc0-54fb-4807-947a-e7cf67798971,Sushi Car Diorama,collectible,9,2026-10-03 22:02:32
ab102136-402e-45b2-a480-7d28da1b3525,The Punisher - Dark Justice,collectible,8.74,2026-10-03 22:02:32
0117f97c-9fe1-4735-b850-47dcb0b44d44,Rogue - Legacy Heroine,collectible,34.95,2026-10-03 22:02:32
3c488c86-71a3-4b3f-8986-84c8061f3029,Coca-Cola Vending Machine (1960s),collectible,14,2026-10-03 22:02:32
527a3b5d-28c0-430c-bd5b-06c0bbbf8a10,Wet Head,collectible,105,2026-10-03 22:02:32
5c4c9abf-3fd5-4ddd-85fa-2b02fbe8dfdb,Spider-Mobile,collectible,10,2026-10-03 22:02:32
01d771e3-bf43-435c-a97c-7bf7f3ce259d,Evil Queen: Vintage Metal Poster,collectible,12,2026-10-03 22:02:32
91f93596-2aa8-4cf4-8355-31c7e020ac90,Qhrist,collectible,6,2026-10-03 22:02:32
3a1a1c80-b2a4-4032-91b9-1bd746e67c03,90s Edition,collectible,5,2026-10-03 22:02:32
5763e59f-3bcb-4a5d-b391-afd2476d94ef,Snickering Toby,collectible,4,2026-10-03 22:02:32
f13e1d28-20e3-473d-af6b-2d6e12ce8bbe,The Inflatable DJ Octo,collectible,27.99,2026-10-03 22:02:32
f2f2c2a2-d3b5-4372-a59e-e560ff91cd29,Specimen #129,collectible,5.99,2026-10-03 22:02:32
9ed0e046-53f4-4c10-80e9-7cac8a0a01c9,Coca-Cola – 1900 Labeled Bottle,collectible,7,2026-10-03 22:02:32
53987132-d2bd-499b-a22e-f27f0f5bcb68,LA Strong - Brown Heart,collectible,49.99,2026-10-03 22:02:32
eb1495b4-bcd9-4676-857f-b8ced78ee31d,Boba Fett’s Blaster Pistol,collectible,18,2026-10-03 22:02:32
5af9aa16-1052-4a45-8794-0b4f25bd81aa,Lucky,collectible,111,2026-10-03 22:02:32
3f1ea2f1-7e0d-487a-8fe2-b441a7b19431,Black Widow,collectible,6,2026-10-03 22:02:32
99e6d495-9b37-462f-a6cb-440a6ce73a47,USS Discovery,collectible,24,2026-10-03 22:02:32
67d50437-4aee-4d0a-bdad-99505e237e2a,RUNNING MON ver. VIPER,collectible,88,2026-10-03 22:02:32
7f7d3588-103e-414e-a1b1-71b1a1f7a7bd,David’s Doo Gold,collectible,150,2026-10-03 22:02:32
c969fe11-ec20-4f80-ab79-6967f8aa2e16,Happy New Year! 2026 - Tier 7,collectible,88,2026-10-03 22:02:32
eba04e01-4af3-4eab-92e5-486e94a264c9,Betty Boop - Flamenco,collectible,9.9,2026-10-03 22:02:32
1b9748f6-de35-4e16-b04e-10a303bc48ab,Walter The Teleporting Whale,collectible,29.99,2026-10-03 22:02:32
cf09e035-d0bd-4ad9-bcab-fd32b5860dcd,Pocahontas,collectible,13.2,2026-10-03 22:02:32
b028d187-a551-4fca-a606-61b81a39dca8,Specimen #72,collectible,3.95,2026-10-03 22:02:32
0f73e72f-8bc1-48c4-8b70-4e9b4e372003,Namor - Saga of the Sub-Mariner 1988,collectible,29.9,2026-10-03 22:02:32
14cf72b5-65ca-46c5-88a2-6f62e5799cbd,Kahalo ver. DeepSea,collectible,59,2026-10-03 22:02:32
9eeae60c-df75-4305-a5fd-241d356c4f7a,Mister Fantastic - Action,collectible,23.98,2026-10-03 22:02:32
533c2c8e-1269-45dc-bd48-65a3ad541231,Mogul Grin - Black Tie,collectible,10,2026-10-03 22:02:32
49462c33-5e64-40bb-a952-f3e660e47baa,UYU & DONKOCAT - Soey Milk,collectible,11,2026-10-03 22:02:32
e5998489-e9c7-4862-9c52-12e1a1acf5a3,Nee Chee,collectible,27.5,2026-10-03 22:02:32
418ea79f-9864-4bf6-b56b-612bc1b6c1b1,Ghostbear - Red,collectible,14.69,2026-10-03 22:02:32
e4b154b1-68ca-4459-8f68-5707e6fbaff1,Strolling Together,collectible,20,2026-10-03 22:02:32
c2e7b8c5-156c-4ed0-9e3a-ad36a86fdfab,Snow White and The Evil Queen,collectible,13,2026-10-03 22:02:32
bb0fcc73-9aea-4811-880c-0a8b42e841df,Nozzle Eye - Silver,collectible,500,2026-10-03 22:02:32
0608c4c0-27aa-4b04-ab6f-9fa52bcd0a9f,Coca-Cola Neon Sign - Thirst Quenching,collectible,26,2026-10-03 22:02:32
f4c0a191-911f-44bb-b52c-a4b805e071cb,Spooky Silhouettes - Bats,collectible,7.8,2026-10-03 22:02:32
88ac49f8-6433-4852-8702-53063cf644bb,AMC Dilophosaurus,collectible,4.5,2026-10-03 22:02:32
505e2fdc-930a-4141-a863-fe9638a47cae,Jean Grey - Uncanny,collectible,28,2026-10-03 22:02:32
e04d5ee6-b10d-4a4e-b1d7-0e875b59e221,Happy Lunar New Year! - Black,collectible,498.12,2026-10-03 22:02:32
80bc13a6-3981-483f-85ad-56edcd5a04e9,Alexios - Heir of Leonidas,collectible,30,2026-10-03 22:02:32
757f2c07-4143-4c27-a43d-0014e054ea22,Exploiter,collectible,4.7,2026-10-03 22:02:32
f27403e1-afcc-4531-873e-96f5d3553d09,JISOO – Steady Gaze,collectible,85,2026-10-03 22:02:32
50aea82f-3a88-413c-89d8-4d9927672d42,Green Torso,collectible,21.5,2026-10-03 22:02:32
fff6c15f-39e2-480a-aa90-db92b96b7797,Spider-Man - NYCC,collectible,8.75,2026-10-03 22:02:32
7051dd0b-67f0-4ffe-a81b-6a397a7a496c,T-47 Airspeeder - Red,collectible,6.5,2026-10-03 22:02:32
7010ff0b-16e0-4dc6-a2d7-f969e78c5176,Year of the Tiger,collectible,1.08,2026-10-03 22:02:32
be4fedea-560d-4b96-8785-dccd4d65a45d,The Hunter,collectible,13,2026-10-03 22:02:32
e5db74a3-fea9-4316-bd5b-8a54730e830f,Edward - Reckless Edge,collectible,25,2026-10-03 22:02:32
a7a14492-4cd9-4c16-af3d-20055db31acc,Valkyrie,collectible,2.2,2026-10-03 22:02:32
09bfcac2-3930-4191-ae89-8aad25d47f69,Nakia,collectible,4,2026-10-03 22:02:32
59b92dd6-4633-4da0-9d28-fa5349107513,Hank Pym,collectible,4,2026-10-03 22:02:32
e64a8eab-3d0b-4ec5-b714-31451199a1e6,Year of the Ox,collectible,1.44,2026-10-03 22:02:32
eda50111-815e-42c0-8748-1f34b35c5c36,Emma Frost - Hellfire Gala #1 (2022),collectible,8,2026-10-03 22:02:32
8310250a-46b6-4a2d-9d2e-5e0300e7ef91,1841 Penny Red IG-JL,collectible,4.5,2026-10-03 22:02:32
e3d0b938-9e56-4484-bbfb-b59bab629950,Clæmon - Allison Bamcat,collectible,19.19,2026-10-03 22:02:32
64a8d31a-599e-490a-ba02-27718252e2b5,Adam Warlock,collectible,7.99,2026-10-03 22:02:32
ccbefee0-d0fd-41b2-84a5-e4b54274331e,Coca-Cola – 1916 Contour Bottle,collectible,6.66,2026-10-03 22:02:32
a35a6323-40ba-4c70-b65c-99c166f6c507,Dog,collectible,11,2026-10-03 22:02:32
c25b31a3-3c1a-4df2-ae11-67b55e881380,Gouki Story,collectible,69.99,2026-10-03 22:02:32
ddf2c6f3-c931-46b3-88ac-1fad7fc942ef,Provider - Allison Bamcat,collectible,10,2026-10-03 22:02:32
523b8eaf-e3bb-4339-93d4-a4d0cf2efc90,Disney Bambi’s Forest,collectible,17,2026-10-03 22:02:32
87740879-3cca-417e-b76b-9bb21bd2a2f1,Base for Xenomorph,collectible,39,2026-10-03 22:02:32
8c33d824-cf0e-4db8-848e-9231be25c2e3,Death Trooper E-11D - Running,collectible,6.25,2026-10-03 22:02:32
79bd60f5-7875-44cc-9d1c-60123d08a370,Drug ‘em Killfrog - Prototype,collectible,199,2026-10-03 22:02:32
3ecd1c9c-dd05-4e9e-80b9-7b8574a095bb,Mickey & Friends Logo,collectible,6.5,2026-10-03 22:02:32
aa9f9161-b0f9-4203-8694-023ac4feef54,The Sealed Thought of Greed,collectible,15.99,2026-10-03 22:02:32
72b78471-72e8-4539-9607-26d016552861,Betty Boop - Classique,collectible,7.99,2026-10-03 22:02:32
4f78a38b-bff7-4c57-8eb5-180850faf22c,Specimen #80,collectible,6.99,2026-10-03 22:02:32
c6199052-036f-4dff-a5df-41601754adf6,Queen Ramonda,collectible,2.95,2026-10-03 22:02:32
f722b975-b19f-4ec4-bfa8-4752c02fa902,Kraven,collectible,3.75,2026-10-03 22:02:32
6ab25021-a22f-4819-bd98-34e03f94dedd,Fired Up,collectible,13,2026-10-03 22:02:32
293b3939-c579-4b4c-83fd-1f8ddfa91357,Okoye,collectible,3.85,2026-10-03 22:02:32
bcc4cd79-d35d-432d-a96a-f3b4f1ed8c5c,Collectors at Heart - Platinum Pressing,collectible,60,2026-10-03 22:02:32
ec4e975f-3e4a-4d17-a899-5f5fe5099a33,Faline’s Base,collectible,135,2026-10-03 22:02:32
4f5842c9-cddf-45f5-8585-f68f73e6f227,Edo Stormtrooper - Volley,collectible,35,2026-10-03 22:02:32
2201e5cc-a012-4b93-8a30-3b606e5167ef,Winter Soldier – Tactical Vigil,collectible,13,2026-10-03 22:02:32
44981b29-3d60-4ec5-b62f-c8679db37eec,M.Bison,collectible,28,2026-10-03 22:02:32
a47a6df4-1ca0-40b1-8ccb-d69b60d12dcc,Lad 6,collectible,99,2026-10-03 22:02:32
7ac5a1e6-8908-405e-956c-2f0a1985184c,Salary-Ika,collectible,27,2026-10-03 22:02:32
98ca2db3-3319-4cd5-b814-b0cdbc070d1f,Coca-Cola – 1900 Bottle,collectible,6.34,2026-10-03 22:02:32
4568ad61-9fce-404f-b8ee-d9b5c4667532,"Jet Pack from Thunderball, 1965",collectible,6,2026-10-03 22:02:32
6deecf7a-a87b-4994-9c15-97c8b9e9c01c,Safin's Lair,collectible,3,2026-10-03 22:02:32
b37f3b91-b0e0-4d8b-8c76-3be08ee852d1,Nothing But Net Rabbid,collectible,30,2026-10-03 22:02:32
2575f0e5-c769-47f6-9f08-f599aa85f7d9,White L Snake Board,collectible,9.99,2026-10-03 22:02:32
10d67e77-fadb-451f-acf4-38e8fcf70092,Pidge - Green Lion,collectible,12,2026-10-03 22:02:32
0be139c8-e989-4cd7-9505-6a5167b9ee0d,Record #3 - Ascension - Platinum,collectible,59.9,2026-10-03 22:02:32
3f2cb0a3-413c-4a99-ad70-e91572df010f,Kaiju Chameleon,collectible,11.41,2026-10-03 22:02:32
11fffaef-6dc8-4982-b7a3-c68d27a307b8,Dilophosaurus,collectible,6,2026-10-03 22:02:32
92635283-99b4-4597-ba69-01e39ccba334,Master Splinter - Father Figure,collectible,4,2026-10-03 22:02:32
e4c90141-36fe-4811-bc64-eb8dbcb3048c,M’Baku,collectible,2.84,2026-10-03 22:02:32
d4ec084d-812b-4a3c-958f-d691f0060ff9,Master Splinter - Battle Ready,collectible,41.5,2026-10-03 22:02:32
2803a97f-8cc5-482a-9f99-3e594271b863,Happy Happy Joy Joy,collectible,9.16,2026-10-03 22:02:32
2bc26405-9cf9-46bb-a4e7-2339fb0bc319,DCon Mascot - Illuminati Edition - Scott Tolleson,collectible,9.99,2026-10-03 22:02:32
d324d199-8532-4449-b67b-fdad373da71a,Stormtrooper - Running,collectible,6,2026-10-03 22:02:32
582171b4-047f-4d3e-8c41-987fe0f9f7f4,Learner Jake,collectible,7.9,2026-10-03 22:02:32
3b852618-47dc-4e70-ac7c-ae51f98b8853,Troublemaker (Obviously),collectible,20,2026-10-03 22:02:32
7da40095-ded9-4125-8d9e-c0cbd1836d23,Light This Candle,collectible,9,2026-10-03 22:02:32
0b9cbb5a-7c04-4b6c-ab53-e401c6096618,Lunar New Year: Snake,collectible,2,2026-10-03 22:02:32
d2166c51-23c5-4c47-8975-0808a09fcbf5,Captain Hook,collectible,5,2026-10-03 22:02:32
d57ebb76-9ef0-4e67-a01e-57787e8e95d8,Mogul Grin Game Board,collectible,5.99,2026-10-03 22:02:32
abfe3678-583d-4bc4-920c-a14f59e3ba02,Nightshade Cheshire,collectible,17,2026-10-03 22:02:32
c8a76df1-5979-4917-8189-5ecb4a2e4225,KABOOM,collectible,33.33,2026-10-03 22:02:32
275c860b-24ce-44da-a389-f6761b9c298d,Thought Factory,collectible,17.5,2026-10-03 22:02:32
ad62bc36-b967-40cb-8b10-5dd30054dd4e,Russell,collectible,8.88,2026-10-03 22:02:32
868fe1f8-cc4a-421a-877c-198bd0262274,Darth Vader Samurai - Crimson Descent,collectible,14.99,2026-10-03 22:02:32
64cf903a-bdb0-4bcd-8d1d-f18f362afecd,Darth Vader Samurai - Eyes of the Empire,collectible,22.22,2026-10-03 22:02:32
66da4c94-b029-4782-88ee-28cc46fa1aa5,Title IX - Runner,collectible,2,2026-10-03 22:02:32
6a7fc668-20de-4ab6-a9f0-d275cd1c246a,Jolly Roger Deck,collectible,12.99,2026-10-03 22:02:32
af653c3c-f0a0-4e4d-ba6c-7d194a747001,Chi Yan Chi Lin,collectible,5.04,2026-10-03 22:02:32
f03984f1-f566-45e7-9ff4-aeedc23523bc,David Yu,collectible,12.98,2026-10-03 22:02:32
4073a4ba-eef4-49e3-a5f9-a099dd09dc4a,Year of the Horse Miniature Sheet,collectible,40,2026-10-03 22:02:32
e45e99df-2a5e-4660-9eaa-47941df45d96,Mysterious Moon,collectible,9,2026-10-03 22:02:32
26db4fcc-0f1f-4f7e-9aac-b719c61387a6,JISOO Pink Venom 3,collectible,9.99,2026-10-03 22:02:32
425c2402-c9cc-4ae5-88d3-c1dd8775be0c,Human Torch - Action,collectible,18,2026-10-03 22:02:32
766bbdc6-106f-4398-8e0a-f4b87f4ce9f5,The Shattered Shovel of Swinging,collectible,13,2026-10-03 22:02:32
563cec24-7567-4978-a6ff-2d7146ac99ab,Spider-Woman - Action,collectible,35,2026-10-03 22:02:32
484dde9a-1cf6-441d-afd8-896155686657,AT-AT,collectible,19,2026-10-03 22:02:32
0caa25d4-204a-41ef-94ee-22d69b96e2d7,JISOO Pink Venom 4,collectible,9.99,2026-10-03 22:02:32
d57d9fa6-7796-48ca-9544-1699c14d36ee,LISA,collectible,14.99,2026-10-03 22:02:32
3ecf56b1-5b35-4713-8032-37a3e789ef65,Coca-Cola – 1899 Bottle,collectible,5.99,2026-10-03 22:02:32
4da97803-e2dd-459d-ba70-a44b51aaa9a7,Exitar the Exterminator,collectible,6.5,2026-10-03 22:02:32
58323e1a-c6c3-4eb6-854e-2c25704042c6,The Bakery,collectible,25,2026-10-03 22:02:32
55b3451d-c845-4c98-80b8-28d92c5f8231,1938 Martin Van Buren,collectible,2.99,2026-10-03 22:02:32
fe41c4ee-59ac-421f-8919-4e119eb29825,Holiday Elves - Elf with Model Rocket,collectible,2.92,2026-10-03 22:02:32
392c6df5-78ae-4b4a-b015-867fc56f68c8,Hope Van Dyne/Wasp,collectible,2.7,2026-10-03 22:02:32
2ce987c8-0ec3-4773-b6d6-d3c5516fba89,The Coal Mining Miner,collectible,16.49,2026-10-03 22:02:32
4ee17b37-b704-4f89-87d6-c90f8a9598c4,Lad 0,collectible,92,2026-10-03 22:02:32
bae065cc-84f3-43a8-b9b3-27e6776b9274,Death Trooper - DLT-19D Heavy Blaster Rifle,collectible,2.5,2026-10-03 22:02:32
d084bb59-86fd-4d73-a680-af5502f9fef2,Year of the Snake Miniature sheet,collectible,23,2026-10-03 22:02:32
fec6128b-b0f8-4f18-9077-1f63aad3bc3c,Beach Prank - Gold,collectible,200,2026-10-03 22:02:32
c2230b04-6a0d-4cdd-a80b-76585dd36dc0,1938 Zachary Taylor,collectible,3.99,2026-10-03 22:02:32
b72f0788-948e-4e0a-8c22-3e067e35634f,The Rabbbits Jukebox,collectible,2.5,2026-10-03 22:02:32
dcae65b7-bd26-41d5-8509-8212bf2f3241,Rooftop Watch – Brickline Rise,collectible,20,2026-10-03 22:02:32
7095085f-35e4-4325-8d5b-fe271ff20ad8,Time for School,collectible,20,2026-10-03 22:02:32
987e4ada-20fb-47d1-9900-7fdbff0d023c,Coca-Cola – Hobbleskirt Bottle,collectible,5.75,2026-10-03 22:02:32
113c0181-a5c1-4db9-89d1-eadbb7e2c47a,Coca-Cola – 1900 Labeled Empty Bottle,collectible,110,2026-10-03 22:02:32
f8baec5c-c69f-4a44-9611-f009fa58de06,Coca-Cola Neon Sign - Arrow,collectible,22,2026-10-03 22:02:32
d72e96d5-43e1-454e-b447-05b2c67b30d4,Felix – Bright Within,collectible,11,2026-10-03 22:02:32
7e4821ed-7ad2-4a08-9dd2-2d5c04261446,ROSÉ,collectible,20,2026-10-03 22:02:32
0bac7de6-9b48-456e-961b-f0337cfea21c,Klingon Cleave Starship,collectible,40,2026-10-03 22:02:32
db669ae6-e3bc-4f29-a31c-48572a97721e,Mercury Greaper - Sket One,collectible,16.45,2026-10-03 22:02:32
55ba9c5c-a97e-4759-91b4-06c6aa97c08e,Night Trooper Exposed - Reawakened,collectible,377,2026-10-03 22:02:32
4a75f116-7cc9-4805-8b83-bb771b234eb9,Skeleton Mon,collectible,28,2026-10-03 22:02:32
9cbc1801-d809-4146-9a8f-35281ed59d74,1841 Penny Red CH-DI,collectible,2.84,2026-10-03 22:02:32
9638e03e-7510-4309-85cd-866447fa88d8,1938 James Monroe,collectible,6,2026-10-03 22:02:32
7b609421-a92f-42c7-963f-ce3514a8a07d,Emily & The Strangers,collectible,12,2026-10-03 22:02:32
de3d77d0-c042-4c68-8df1-59c33de8edf6,Mariachi - Violin Player,collectible,6,2026-10-03 22:02:32
8dc2884a-c12b-4032-9ceb-148664aeb4a2,Star Wars: Episode VI Return of the Jedi - Special Edition Poster,collectible,10,2026-10-03 22:02:32
d80a3c0c-9bea-494e-8f0f-e1154f78f11a,D&D Big Apple,collectible,43,2026-10-03 22:02:32
de8319d8-1023-4e43-abac-e0acec85cca9,1841 Penny Red AA-EF,collectible,5.83,2026-10-03 22:02:32
1db6245f-f677-4fd1-a985-78d1568e2514,Boneless - Lincoln Design Co,collectible,19.5,2026-10-03 22:02:32
3b17751e-0e79-4a5e-b155-7896078cd1f8,Bob Gnarly,collectible,29.99,2026-10-03 22:02:32
debd6259-e153-491d-8448-f080aa20d36d,Mina,collectible,39.99,2026-10-03 22:02:32
78d3b074-5389-4de9-a6ae-146f67bafbae,Coca-Cola Vending Machine (1980s),collectible,32.49,2026-10-03 22:02:32
eedb84f2-a80e-4ed2-983b-7f3e8684fd7a,Locked and Loaded,collectible,8.98,2026-10-03 22:02:32
193323d3-79fe-4b42-b144-ef1c227aaca1,Death Trooper - E-11D Blaster Rifle,collectible,2.34,2026-10-03 22:02:32
4d18f169-e8d4-4a10-a783-a53db7363f6f,Female Eivor - Flame of the Fjord,collectible,9,2026-10-03 22:02:32
e6fd9727-4bc1-4abb-80c7-1e0628531739,Poxh Pixeez - I Like Cold Drinks Record,collectible,105,2026-10-03 22:02:32
ea954588-2e89-4829-9b96-92609acfc4c1,Eson the Searcher,collectible,5.99,2026-10-03 22:02:32
1789d2da-271a-4772-9622-d9a7fad2f580,Mr. Mischief the Monkey Grin - Original,collectible,8.99,2026-10-03 22:02:32
72504642-224e-46d1-8b68-66db5d355b23,Nounish Vincent Mascot,collectible,119,2026-10-03 22:02:32
8f796085-6c23-43e4-af28-f0df9cace79f,Sakura,collectible,49.99,2026-10-03 22:02:32
59a82182-4b75-471a-bca0-c876420fd948,Storm,collectible,4,2026-10-03 22:02:32
d0122a89-aac8-4527-a413-7267041c59be,VeVe Reveal,collectible,21.86,2026-10-03 22:02:32
9044735a-0826-4a8c-bb54-9ccbc222a47e,Toon,collectible,12.97,2026-10-03 22:02:32
6f9120a4-09ea-4106-a855-d8565f33dfbf,1938 James Madison,collectible,3.7,2026-10-03 22:02:32
09081c27-09ed-4245-9521-5d864831e0bc,Winking Santa,collectible,1.33,2026-10-03 22:02:32
97eaad27-9a3e-4b8a-a7ff-96a2789ce00b,The Awakened - Frame,collectible,19.95,2026-10-03 22:02:32
c59315ea-d18d-47a1-b12b-ae58dc542db7,Boba Fett’s Belt,collectible,250,2026-10-03 22:02:32
bf1488a9-8f48-4a2f-86c0-1b6a67e0cd0e,The Slimey SurgeonFeesh,collectible,69.99,2026-10-03 22:02:32
f38d52f8-51fc-4853-88ac-04ddd0b82cc3,E-11D Blaster Carbine,collectible,33.99,2026-10-03 22:02:32
2862ba93-6f99-4ede-85c4-40a673530753,Holiday Elves - Elf with Model Car,collectible,2.62,2026-10-03 22:02:32
531922ce-7c82-43dc-8ef2-dce25d31fb43,Arishem the Judge,collectible,5.8,2026-10-03 22:02:32
bb7c9e52-5efe-4a11-b8de-56c41c66ae7b,kozyndan - Gray Hares,collectible,8,2026-10-03 22:02:32
5a677cc4-f50d-4d07-8268-d1fcd2aef8cd,Red House,collectible,4.99,2026-10-03 22:02:32
ab6274c8-546d-4dd2-9f78-c7c09af79bf2,Episode 8 - This Is Frustrating,collectible,5,2026-10-03 22:02:32
d53cc996-2d61-4be9-976c-f65ca3e4e0c0,Episode 2 - If I Had One More Chance,collectible,5,2026-10-03 22:02:32
0592ffac-7963-4fe1-8528-7797260823fe,Episode 1 - I'm Used to It,collectible,5,2026-10-03 22:02:32
5d51b204-407b-41eb-901c-29fb7a9fe110,Episode 5 - A Pretty Good Deal,collectible,5,2026-10-03 22:02:32
64886071-5c2f-439f-9dc7-0f1bdaea6428,"Episode 10 - What Is This, a Picnic?",collectible,5,2026-10-03 22:02:32
97bbfde8-b86e-472b-a1fa-ba868fb96559,Episode 7 - Let's See How Far I Can Go,collectible,5,2026-10-03 22:02:32
ff06b81f-da0c-4c38-b0e6-05889ee4ba95,Episode 9 - You've Been Hiding Your Skills,collectible,5,2026-10-03 22:02:32
04d8f4a0-3ade-4646-9b7e-3470c934e5f2,Peeking Through the Coral,collectible,6.9,2026-10-03 22:02:32
46359177-0a0a-4148-aac9-7875a76aaa91,Toph,collectible,5,2026-10-03 22:02:32
85f31f35-a752-43f1-a4d2-9f10d6c64e80,Death Trooper DLT-19D - Running,collectible,4.99,2026-10-03 22:02:32
c5ec6386-9376-404d-829e-c316e1b0d6e0,Spooky Silhouettes - Spider,collectible,4.85,2026-10-03 22:02:32
2b48b395-615a-4af3-a2c8-5cf88d7010c1,Death Trooper Pistol - Crouching,collectible,19.99,2026-10-03 22:02:32
458db9c4-0370-4f18-83ef-fd58467692a9,Creepshow Coffin - Vol. 3 Issue 4,collectible,20,2026-10-03 22:02:32
f5dde82b-b929-4aa7-902b-32a88c353617,D&D Sewer Savvy,collectible,40,2026-10-03 22:02:32
63efb8fd-b8a6-4b59-97a5-972d9edcdfca,Josh Divine - Biting Vase - Seeing Plant,collectible,40,2026-10-03 22:02:32
bf679ee9-6ed9-4f24-a941-777b92ec146c,LISA Pink Venom 3,collectible,50,2026-10-03 22:02:32
a31fd9df-edf2-449f-8f0b-7fac53aec930,Bing Bong,collectible,20,2026-10-03 22:02:32
dad7611d-26f8-4d98-9bc3-4a2aa2db7269,Creepshow Coffin - Vol. 2 Issue 5,collectible,20,2026-10-03 22:02:32
6a9ca7c7-ea86-4a95-b142-0a4b557dd2a3,LA Strong - Red Heart,collectible,33.33,2026-10-03 22:02:32
47803fa0-69bb-4934-9a09-7370a0faa981,Graffi ver. Night,collectible,49.99,2026-10-03 22:02:32
76b8e79f-aa81-44a6-8dab-5f8427250e51,Fireball Beach,collectible,18,2026-10-03 22:02:32
7a394bf7-30a5-499c-bc6e-a47b6eaaf713,Lazinger,collectible,10,2026-10-03 22:02:32
f675174d-d5da-42a1-9db1-7fb59a20fb91,Doctor Octopus,collectible,25,2026-10-03 22:02:32
aa52510d-86cb-4071-bc49-3418e4bd64b1,En Garde! - Gold,collectible,399,2026-10-03 22:02:32
82a6d503-2189-4014-86bb-c0f8f5900f8e,DCon Mascot – U.K. Edition,collectible,3.48,2026-10-03 22:02:32
a0088213-e345-471c-a2bf-92d6b22f56e2,Hook’s Watch,collectible,34.44,2026-10-03 22:02:32
b8e9332e-cd45-45a2-9638-7fb3783b835e,Butterfly - Gray,collectible,118,2026-10-03 22:02:32
79131a1d-4a6a-4206-907a-118991261ae3,Coca-Cola – 1900 Empty Bottle,collectible,99,2026-10-03 22:02:32
155b8332-6f29-42d3-bd68-f258b7bced30,Crimson Trooper - Shooting,collectible,150,2026-10-03 22:02:32
8f79e4c4-d070-4d54-88f2-64866de63473,Joseph Parker - Framed Photo,collectible,11.99,2026-10-03 22:02:32
0bb3e894-aaec-417b-9038-9c87e0a99200,Forever,collectible,30,2026-10-03 22:02:32
969d91bf-5ffe-4c53-9249-20d4659d5fcc,Speedy The Racing Snail Box,collectible,20,2026-10-03 22:02:32
dd16eb91-704b-4fad-9db0-55e55cc433dc,Cyclops - Phoenix,collectible,5,2026-10-03 22:02:32
e2c15ba9-4abe-4280-a7f6-945823bd55d6,JENNIE – Cool Command,collectible,65,2026-10-03 22:02:32
62cbb927-bee0-46fd-a852-9cbc06d5bb26,Spider-Man - Action,collectible,16.98,2026-10-03 22:02:32
205f1c9a-35f5-4a86-acc6-c968b286398f,MYO - Pink,collectible,30,2026-10-03 22:02:32
c85f636d-05bf-4cb2-983c-22ae671ee6b4,Record #9 - Everyone is Jealous of Me - Platinum,collectible,49,2026-10-03 22:02:32
577a23d0-6417-4930-b5ac-092174aee57b,Running Keith (Modern) - XLARGE,collectible,9,2026-10-03 22:02:32
7d5a5b43-759e-4052-83dc-905b01533d55,Kitty,collectible,17.38,2026-10-03 22:02:32
8d6e31ef-0c5e-401a-a297-9e2db711cabf,VeVe Search Party - Lincoln Design Co.,collectible,13.02,2026-10-03 22:02:32
f589326d-40d9-473f-be16-2686a0beeae6,Captain Carter - On Guard,collectible,3,2026-10-03 22:02:32
1144cd66-d492-437d-9490-e3ca5cfb6baf,Cruz Base,collectible,13,2026-10-03 22:02:32
07aa6fbe-d527-4b4d-bb19-cd3eb81ba3e1,Lounging Toby,collectible,1.75,2026-10-03 22:02:32
b6a84641-f65f-4181-b20e-076611de692b,Nighttime Miniature Sheet,collectible,30,2026-10-03 22:02:32
f702b265-e685-4c24-8bf4-d89410d1a2f3,Lad 8,collectible,79,2026-10-03 22:02:32
7a90691b-4485-44cc-be5a-c2deb6b5a3e3,Mozzarella,collectible,7,2026-10-03 22:02:32
c9686525-dfa5-41dc-9b81-ebf195f50ec5,Bluegrass,collectible,3.3,2026-10-03 22:02:32
a5a669d8-75dc-4efd-b313-72d3cfdc0067,Santa on a Snowy Rooftop,collectible,1.09,2026-10-03 22:02:32
4375fc8d-2165-4efa-aedb-4ca5429d3f15,Lunar New Year: Rabbit,collectible,1.09,2026-10-03 22:02:32
d0b2f4f9-b7e3-445c-9fa5-3c5750564912,1840 Two Penny Blue RJ,collectible,2,2026-10-03 22:02:32
72f7fdac-47e3-474b-bd9e-d737461e884d,Man-Thing,collectible,9.9,2026-10-03 22:02:32
54aecde0-6ff1-49aa-b8e5-1dcfa1dc6a12,Toph - Earth Master,collectible,46.99,2026-10-03 22:02:32
f269d094-71dc-4cc9-a2c2-b3de82fe8cb7,Sket One - Boo Crew - OG White,collectible,16.99,2026-10-03 22:02:32
d0cb8b88-f65c-4441-9ae9-2b9e63379817,"Ready, Aim, Fire",collectible,19.99,2026-10-03 22:02:32
d96aceeb-b519-44a1-86d4-af0735a092bf,The Endoplasmic ButterflyFeesh,collectible,49.69,2026-10-03 22:02:32
9d9d73c0-fbc7-4ef2-86de-b863fb14d404,Donutella,collectible,8,2026-10-03 22:02:32
5a407cb0-e0fb-44a4-aa2c-e37133e01823,Coca-Cola Neon Sign - Ice Cold Refreshment,collectible,19,2026-10-03 22:02:32
65828683-2a2f-4260-83eb-e86bbfbf11a8,Acrobatic Surfing - Gold,collectible,125,2026-10-03 22:02:32
59f12148-7812-4565-a181-2d6cf0def697,Nebula,collectible,3.95,2026-10-03 22:02:32
f04b6773-5813-4792-b3ae-8b2b33cefc04,VeVe Maintenance,collectible,19.95,2026-10-03 22:02:32
ab837c48-11e4-4fe9-b99a-0fd17f62e599,Death Trooper - SE-14r Blaster,collectible,2.1,2026-10-03 22:02:32
b08d08d6-7b80-4d13-acc4-816a97474a5c,Cassie,collectible,2.95,2026-10-03 22:02:32
e107821b-0980-4a3f-80a5-a96abf5eadd1,Male Eivor - Blade of the North,collectible,8,2026-10-03 22:02:32
5fa4c0f2-df55-4f2b-8438-33a76a4d5206,BLACKPINK - The Green Light,collectible,72,2026-10-03 22:02:32
cbe24b8c-1830-473d-b535-06648b654f65,Jason Naylor - OPN Heart BLACKOUT,collectible,16.8,2026-10-03 22:02:32
b7af07ae-716b-4c4c-b13a-1b3c55b00cf2,Hear More Evil Monkey - Original,collectible,8,2026-10-03 22:02:32
d8724482-0b99-4818-9a3f-c76bea0e8ee8,Mariachi - Trumpet Player,collectible,2.44,2026-10-03 22:02:32
de494d7c-4df4-4695-a189-a28f88a80550,M.Bison - Battle,collectible,50,2026-10-03 22:02:32
ce47e5a8-fe0f-42ce-92f3-5be266435ae8,Happy Minnie,collectible,5.99,2026-10-03 22:02:32
f64bf297-8a18-4e49-a539-d99f19fd5350,Mister Sinister,collectible,7.65,2026-10-03 22:02:32
f2466d62-13ed-471f-877f-f4cbadd07e37,Darth Vader Bust - Carbonite,collectible,33.33,2026-10-03 22:02:32
ee7aea83-c0c1-4346-b4a6-a482d6aca04a,King Triton’s Palace Grounds,collectible,6.5,2026-10-03 22:02:32
e748dd3a-9398-47a4-8e84-0301afa96afc,1938 Theodore Roosevelt,collectible,6,2026-10-03 22:02:32
bde8ac81-de33-4a2d-900c-df5e6c742166,Black Cat - Action,collectible,35,2026-10-03 22:02:32
e95c604e-68ca-44e6-887f-397874db0fe7,Views of Our Planets - Earth,collectible,7.44,2026-10-03 22:02:32
6fe26c60-3272-4ed3-b130-454f7f0c5b40,Ebi-GT,collectible,13,2026-10-03 22:02:32
2a215129-a315-4d1f-807c-9bdb72548bcb,Charles Muntz,collectible,22.22,2026-10-03 22:02:32
9f776158-1f55-414a-8f3f-b14dff8939dd,Gambit - The X-Men Ace,collectible,15.99,2026-10-03 22:02:32
04c4bc6c-bbea-4d2e-bb0f-84122e214979,Loki - Action,collectible,29.99,2026-10-03 22:02:32
914191ea-74f7-48cd-ad71-d116392fd65b,"Attaché Case from From Russia With Love, 1963",collectible,9,2026-10-03 22:02:32
2253cf7f-d6e4-4c1b-9ada-fc10d4c3379f,Death Trooper Pistol - Running,collectible,4.5,2026-10-03 22:02:32
3a104aa7-b5ba-4bd1-8197-dd402dbd46bf,Night Trooper,collectible,2,2026-10-03 22:02:32
53ffd4dc-2ac7-4c1f-bca1-78c4316201a0,Rogue - X-Treme Force,collectible,30,2026-10-03 22:02:32
725f985e-0a82-47b6-96df-8f4a4dffc28f,Confetti Machine - Gold Edition,collectible,150,2026-10-03 22:02:32
97f60a30-aa00-4f48-9978-fbd8e1567f15,The Golden,collectible,150,2026-10-03 22:02:32
d37132fd-0ad2-47b2-a320-88929753ae59,HypeBao (Kai Edition) - Kai Cao,collectible,19.99,2026-10-03 22:02:32
681d11f3-09fd-4d5f-ad61-1d9352a498f7,Mater Base,collectible,11.99,2026-10-03 22:02:32
255aa4d3-d1d3-47cb-971f-0250a5ab896c,Green House,collectible,4.44,2026-10-03 22:02:32
7562e43f-83d3-45b0-9928-82e38ae1da1e,My Toy - Midnight Bunny,collectible,8.99,2026-10-03 22:02:32
5cef19be-1121-4eea-9b2b-4349f2cfaf18,JISOO Silver/Pink,collectible,12.5,2026-10-03 22:02:32
5df2f9ab-f9d0-4aff-af42-f468a8e0c2bb,Emma Frost - Marauders #21 (2021),collectible,15,2026-10-03 22:02:32
b572868f-a3e4-41b6-806f-cb0ddbbfcda9,Johnny Storm - Red Suit Era,collectible,50,2026-10-03 22:02:32
99cd1fc9-d779-4b8b-891e-3bb709c55fbb,SANDy,collectible,12.34,2026-10-03 22:02:32
1e76b273-c5f3-4321-8920-ca9f2155af04,Original,collectible,8,2026-10-03 22:02:32
1f6d6568-7395-4c63-ac87-0d61cb8b556d,Caiman,collectible,10,2026-10-03 22:02:32
c531cc49-cda0-4657-9f03-b1a156c1acfa,FOREST LORD - Tristan Eaton,collectible,19.99,2026-10-03 22:02:32
88254714-b869-4f2e-9799-a62e284fcaf6,Record #1 - Frankenstein - Gold,collectible,9.99,2026-10-03 22:02:32
dc303066-ec4c-4051-bbd3-afd668481051,1938 Millard Fillmore,collectible,4.79,2026-10-03 22:02:32
2d968b07-1cde-4d52-8322-d35999fa4647,Mint Horse Ver.,collectible,59,2026-10-03 22:02:32
23fcbfb3-2f02-49bb-abd5-4825e7f26e80,Groot Black Panther,collectible,16.39,2026-10-03 22:02:32
6d17c72e-5783-4c86-afd3-95850d625ad7,RUNNING MON ver. VEVE JACKET,collectible,35,2026-10-03 22:02:32
7925ff8d-841e-4603-8bee-2676a56aecee,The Patina,collectible,225,2026-10-03 22:02:32
56ca58fb-bcb4-45d7-8fe4-272312cd30ce,Crushin’ It - Lincoln Design Co,collectible,20.51,2026-10-03 22:02:32
30c99f6d-b603-47d4-a30b-626c9baa0ae2,1938 James Buchanan,collectible,2.5,2026-10-03 22:02:32
59b460ed-a0ea-4674-a9b4-7efa47fcc120,1938 Franklin Pierce,collectible,2.5,2026-10-03 22:02:32
48c3da1f-c783-45f5-af97-8dbdcdeb74ec,Thought Bubble,collectible,25,2026-10-03 22:02:32
ae2e5ac2-3158-49ea-8a0a-c498768625ff,Ghost Spider - Action,collectible,16.5,2026-10-03 22:02:32
8f9bdba2-d900-41fc-bd7c-f79180e00669,Mos Espa Grand Arena,collectible,25,2026-10-03 22:02:32
6e755ce2-7a00-4477-b04a-9884ec9f3857,Head Over Heels Toby,collectible,1.95,2026-10-03 22:02:32
38df9c4a-4da8-4271-a861-9f9dcfde2e1a,Single 1d 'Lake Taupo' gummed stamp,collectible,2.99,2026-10-03 22:02:32
631b1b44-11b1-4151-abe0-7d91805057c4,1938 John Quincy Adams,collectible,1.8,2026-10-03 22:02:32
5b5d3631-b478-4db9-a18c-e79dd98c17a9,Phase 1 Ting - Sket One,collectible,8.63,2026-10-03 22:02:32
545f8c91-7a0e-4bd4-83d5-c806fe2d832b,Foam Machine,collectible,7.18,2026-10-03 22:02:32
99ef7ea3-9f79-45f1-9152-42837ad5282b,MARBLE LORD - Tristan Eaton,collectible,15.49,2026-10-03 22:02:32
b0608d31-bae3-4159-902a-3d18550c242a,Jane Foster (Thor) - Action,collectible,38,2026-10-03 22:02:32
0899e8dd-0500-418f-8f7f-937715face56,"Love: Cherub from Sistine Madonna, by Raphael (1996)",collectible,5.99,2026-10-03 22:02:32
975dad48-3fe0-476b-b518-78706b1073ab,1840 Penny Black Ol mint,collectible,3,2026-10-03 22:02:32
2be9cf5d-8152-425d-9f5a-ac77f7f39792,Shadow Trooper - Shooting,collectible,129,2026-10-03 22:02:32
3bc23d68-3327-4da2-ac42-142ae8e2fcf0,Scott Tolleson - Vegas Vincent,collectible,20,2026-10-03 22:02:32
f4434ef5-ee33-4aa1-a039-cee7071fcb6b,The Haunted Window,collectible,29,2026-10-03 22:02:32
28b96789-9e60-4b57-bcbd-ccbe12566bfe,Lad 3,collectible,69,2026-10-03 22:02:32
92aa9444-e4f7-4961-b815-eef04b1313a8,VeVe Christmas Tree - Gold,collectible,1.84,2026-10-03 22:02:32
3bb4a28b-e7ef-49a7-9930-f5c042f1fbe9,Guile,collectible,31,2026-10-03 22:02:32
fcaf92c1-1f34-4042-87ee-b5cc02345977,Chris Robots Will Kill - Landscape,collectible,29.99,2026-10-03 22:02:32
5b7a614e-d72b-4f81-be42-406dd91b4b68,DC Dark Nights: Metal Emblem,collectible,27,2026-10-03 22:02:32
4b4323d3-9f00-48c6-a7c7-3bd1927b9bdb,Headspace Black Bear - Luke Chueh x Munkyking,collectible,5,2026-10-03 22:02:32
acc96b30-b800-4537-b5ca-56586fc091ef,Single 9d 'Pink Terraces' gummed stamp,collectible,9.38,2026-10-03 22:02:32
13021c9b-384c-48eb-b53f-c02cfae553f0,Ikabriolet,collectible,12,2026-10-03 22:02:32
942aaaed-0e54-4874-a7b9-d928adc6ea26,Lumpy,collectible,8,2026-10-03 22:02:32
1bacdd79-a711-4a24-9bfa-c0927e871e9a,Chris Robots Will Kill - SUYE Special Sky Blue,collectible,29.99,2026-10-03 22:02:32
f6e15150-641b-4d8e-b7cc-19027a019d1f,Chris Robots Will Kill - OG,collectible,29.99,2026-10-03 22:02:32
1915a00c-506e-4cd7-a346-948898bb22c4,Sun,collectible,27.99,2026-10-03 22:02:32
803276fd-a2de-4532-8607-ae4a769fa5aa,Views of Our Planets - Pane of 16,collectible,12.88,2026-10-03 22:02:32
bac86917-646f-47ad-aa3a-a5cc10717e6b,Coco Paunch,collectible,25,2026-10-03 22:02:32
845f23d3-b1ff-4eef-b732-69f09db16030,Chip Off the 'Ol Block Mural,collectible,15,2026-10-03 22:02:32
35adc2ea-6123-4dd5-8db0-0e5026694bb2,Dan and David - Rise of the Dragon,collectible,320,2026-10-03 22:02:32
ca1969b7-2875-4a2b-bdf0-8b624b8c3ccc,Mystique,collectible,7,2026-10-03 22:02:32
edb63da5-2e45-4455-a44b-e31708e27fc3,Edward - Mast,collectible,39,2026-10-03 22:02:32
49ebb3bc-9ac4-43cd-a734-5aee8c6d67ef,Earth Day - Stamp,collectible,1.49,2026-10-03 22:02:32
0eefeae3-c26a-4c95-b1a5-bd6803d4aeee,Lunar New Year: Dragon,collectible,1.2,2026-10-03 22:02:32
01e18846-c61c-42b4-a8f7-41ac50ffd7fd,Pinz,collectible,11,2026-10-03 22:02:32
3375a842-3c8c-4d96-90a5-c7320cdcab23,Blob,collectible,6,2026-10-03 22:02:32
7b15830f-cafc-4945-a78b-bae80162d788,Groot,collectible,2.5,2026-10-03 22:02:32
399c64b6-d3f0-41ea-9abb-01c59db3d6c6,Katara - The Painted Lady,collectible,40,2026-10-03 22:02:32
cb2f921b-2efd-4dd7-a016-16662e692656,Record #8 - Duck Luck - Platinum,collectible,41,2026-10-03 22:02:32
7ec09fea-496d-42c6-9074-60bd3577feb4,Rogue - Shi’ar Warrior,collectible,19.95,2026-10-03 22:02:32
c0772c66-2603-4001-b771-1c185527eb62,Thumper’s Winter Base,collectible,29.99,2026-10-03 22:02:32
1e6de8a0-49ab-4967-a802-5e24b22e92f2,$2.30 Hakeke Harvest Stamp,collectible,3.9,2026-10-03 22:02:32
c8f99327-18fb-49fd-beff-52874418cf0e,My Toy - Scarlet Bunny,collectible,12.5,2026-10-03 22:02:32
b78505b5-9cdd-414b-b43e-c73a1f6191df,Creepshow Tombstone - Vol. 2 Issue 2,collectible,15,2026-10-03 22:02:32
f98ced8f-8aa8-4732-adb0-b69ecff4f4ce,Creepshow Tombstone - Vol. 2 Issue 5,collectible,15,2026-10-03 22:02:32
6ad91db7-f2d6-4381-8072-cc495342cdf1,Fashionista,collectible,2.95,2026-10-03 22:02:32
ea2637f5-5dcc-4303-a0dc-81604d1047ff,Sam Wilson - Star-Spangled Avenger,collectible,6,2026-10-03 22:02:32
1f9f29e0-c0fb-44c7-abc6-22ad30d106f3,VeVe Grind - Lincoln Design Co.,collectible,18,2026-10-03 22:02:32
523793ef-58f0-42d6-9b9d-c094d71ad20f,Bular,collectible,6.6,2026-10-03 22:02:32
32d00eb4-2a03-413b-8d0a-e04ea5566d25,BLACKPINK - Take the Stage,collectible,66,2026-10-03 22:02:32
81c55099-d6ca-466e-b633-6233f9ce586e,JENNIE – Bold Glow,collectible,70,2026-10-03 22:02:32
24624bd2-2ea0-4754-9b6e-1497803316ad,Ron English Collectors Reward,collectible,30,2026-10-03 22:02:32
e8ac58ab-783e-4b9d-9845-054a86e41b69,Gouki Default,collectible,39.99,2026-10-03 22:02:32
d1b6ffd3-6013-48be-8f82-06eb4519a4b2,Petunia,collectible,9.9,2026-10-03 22:02:32
f4ba3117-9a23-4ab7-b489-2908ccb176c6,Sandman,collectible,7.3,2026-10-03 22:02:32
450206ba-7c6b-46a3-8d48-9f24b64b7aed,Falling,collectible,80,2026-10-03 22:02:32
ae519c95-a295-4b00-944b-0151dc5de62b,Team Parker - Black Gloves,collectible,9.68,2026-10-03 22:02:32
dbfa97ca-ac21-4039-bffc-0839b5a6336e,DARK MARBLE LORD - Tristan Eaton,collectible,11.99,2026-10-03 22:02:32
55bfb56f-dfd2-4466-94cf-6361738f905c,DJ Big Bot - Silver Rust,collectible,8.99,2026-10-03 22:02:32
f216c114-f12c-4c32-a2af-0c8632206274,Single 2s 'Milford Sound' gummed stamp,collectible,4.2,2026-10-03 22:02:32
daf4feec-b2f7-4489-84a3-8bf4de83d9d2,Nose Goblins,collectible,4,2026-10-03 22:02:32
6ea861be-16f5-4832-a6ec-da215c4fe3b6,Mutagen,collectible,4,2026-10-03 22:02:32
ca3678e8-3ed8-4db0-ac03-da39f94d2c99,Turtle,collectible,4,2026-10-03 22:02:32
bf4fd211-0493-4533-9184-4a1465948a8d,Player 2 Rabbids,collectible,5.7,2026-10-03 22:02:32
3a3f2167-ba4a-4b93-a98b-c45613c3ace4,Draal,collectible,7.1,2026-10-03 22:02:32
af8ea121-6321-4fbd-9958-d03a49fb604f,LA Strong - Black Heart,collectible,20,2026-10-03 22:02:32
65a5614b-77e4-4759-b52c-e24ed7f4faa9,Dangpungdo - Autumn Carp,collectible,10,2026-10-03 22:02:32
7a50712b-8a87-4d4c-9e0b-90e23cfd7441,Night Trooper Exposed,collectible,1.75,2026-10-03 22:02:32
c9cdb666-5e73-48ab-b7d9-83ec6005df9a,Madame Puffersworth,collectible,19.49,2026-10-03 22:02:32
6c3b5448-d034-4cc0-9387-efc9cca0e756,ODDY ver. ORIGINAL,collectible,4.99,2026-10-03 22:02:32
8125b567-cd31-4672-9cd3-554806fc0503,Mariachi - Guitarrón Player,collectible,1.63,2026-10-03 22:02:32
938f16bd-3671-4422-b7f2-2e724d3480c9,Hawkeye,collectible,2.99,2026-10-03 22:02:32
174c2635-5716-46fa-a5f1-6a4eb9f31bfb,Kassandra Base,collectible,14,2026-10-03 22:02:32
60decdb0-2864-4979-85ef-714261cbdb2d,Edo Scout Trooper,collectible,5,2026-10-03 22:02:32
38bc4ba4-ed87-425a-8fef-2e5cd436a0a5,ILLAZILLAZ (Metal Element) - TNES,collectible,9.95,2026-10-03 22:02:32
6d1fa821-b2bd-47cc-94c6-af85c41a9fb6,Edo Scout Trooper - Kunai Throw,collectible,21.99,2026-10-03 22:02:32
4c90bc2a-e6e8-4128-9f9d-b55585c5f44c,Radioactive Ting - Sket One,collectible,9.89,2026-10-03 22:02:32
8a50b96b-5408-4e5e-bb40-23961d9ed8d8,Magik - Hellfire Gala #1 (2022),collectible,6.99,2026-10-03 22:02:32
605f6a4f-c222-492c-ba90-0412cbb11b93,The Barracuda Blast!,collectible,21,2026-10-03 22:02:32
d1bed232-54cd-4cd7-a75c-feaaca1cbd80,The Air Dancing Tentacle,collectible,11.99,2026-10-03 22:02:32
32a83155-0ef9-4262-85c7-874bb4782017,Surfs Up,collectible,4.7,2026-10-03 22:02:32
f9455407-de42-4628-b073-a3e4eb887b4a,Falcon,collectible,3,2026-10-03 22:02:32
b3e72baa-51de-496f-80ba-4a66dc33591c,Ghostbear - White,collectible,4.5,2026-10-03 22:02:32
3a16c957-bc55-4cc4-b963-e1234ccaa469,Matt Murdock - Daredevil's Pause,collectible,33,2026-10-03 22:02:32
65907fba-1f10-463d-8c9f-c37a8d33a50c,Headspace Monkey - Luke Chueh x Munkyking,collectible,8.49,2026-10-03 22:02:32
46d1d512-9e49-4db2-8f1e-8a2c239ec66d,Snow Globes - Santa Claus,collectible,3.99,2026-10-03 22:02:32
1ddf6b68-6200-4b4c-bb4f-91d67d936846,Death Trooper DLT-19D - Crouching,collectible,14.99,2026-10-03 22:02:32
f7391c05-2eec-4ea7-bdee-584885596a8b,Coca-Cola Neon Sign,collectible,15,2026-10-03 22:02:32
c1d7003a-ceb9-475f-b6f2-50d3f07411d8,Nozzle Eye - Gold,collectible,15,2026-10-03 22:02:32
5fbde6f5-83eb-497b-be2e-27146b5d8978,Kahalo ver. MonoChrome,collectible,250,2026-10-03 22:02:32
7ed317cf-5b82-47fa-94ca-69d85591d1e8,Hapjeong Dungeon Key,collectible,7.5,2026-10-03 22:02:32
158cf956-dbe3-48f4-9d41-68fa97acf97e,Kaiju Tokimon,collectible,2.82,2026-10-03 22:02:32
5aff9179-4f70-4cf3-8539-c3ba7d31dd02,1938 Martha Washington,collectible,1.96,2026-10-03 22:02:32
f87f1feb-a221-4003-b34a-664fd6878396,Mariachi - Guitar Player,collectible,1.55,2026-10-03 22:02:32
7d0fe4bf-3359-4ac7-bc69-7203cff96e13,Flerkitten 5,collectible,8.75,2026-10-03 22:02:32
2c2fc63a-34cd-4d40-ad6c-295ff952af55,$4.90 Roots of Ginseng Stamp,collectible,4.4,2026-10-03 22:02:32
60419d53-071d-41e5-b422-1a7bb62ece42,Carl & Ellie’s Mailbox,collectible,8.99,2026-10-03 22:02:32
28d775c0-7d11-4dba-ba79-cb8cea2ee31d,Her Majesty,collectible,4.6,2026-10-03 22:02:32
f98bab15-906d-4aaa-aa99-bb1d0302f07f,Ocean Coral #4,collectible,18.95,2026-10-03 22:02:32
d337ae7f-f785-48e3-b2cb-88d13b3e2469,LA Strong - Blue Heart,collectible,16,2026-10-03 22:02:32
a33b2a0b-d11e-402b-ae0d-b4d5603b416a,1938 Grover Cleveland,collectible,3.75,2026-10-03 22:02:32
4b64b4f1-66db-4c8e-a003-b8e9e9e823cc,1938 William Henry Harrison,collectible,1.9,2026-10-03 22:02:32
4f970d77-9c5d-4459-9a6d-4a4f29552e86,Missile Cathedral,collectible,39,2026-10-03 22:02:32
61b7a964-9a72-45b8-b43d-0b60ed1717ba,Water You Wading For Mural,collectible,13,2026-10-03 22:02:32
ad19dd92-4d70-4eed-9caf-6acfcbe026d1,The Blue One,collectible,24.26,2026-10-03 22:02:32
1d499ece-1016-4f5a-9140-d029d840146f,Mantis,collectible,3,2026-10-03 22:02:32
4239c71a-a348-4763-9a5a-9f4c48b16e49,Mech Bobo - Silver,collectible,8.99,2026-10-03 22:02:32
15bae0a8-1f0c-46b6-bd3c-be44b169e73f,Songhak - The Pine and the Crane,collectible,9,2026-10-03 22:02:32
b07a5ea1-421a-44ea-b0cf-1236e057a0d3,The Jellyfish Jaunte,collectible,18,2026-10-03 22:02:32
096dbfc9-0f7c-4d2a-b7da-f0336b2085d9,Love: Multicolored Hearts (1984),collectible,5,2026-10-03 22:02:32
9c8a9497-f175-4bc4-a141-d8ad175086dd,Blinkous Galadrigal (Blinky),collectible,8,2026-10-03 22:02:32
5c6f67bf-80c4-4d04-9912-80c1aae0930e,1938 Benjamin Franklin,collectible,1.48,2026-10-03 22:02:32
f6c0f08f-a0e9-455b-9008-13dc70abcfba,Vana,collectible,15.99,2026-10-03 22:02:32
12753baa-1c77-49aa-bd6d-5c0b9bfb6eac,Emi - Fierce,collectible,26.66,2026-10-03 22:02:32
3deb2406-4e7a-4b6c-9ca9-dfd08814c9e8,Groot Spider-Man,collectible,6.92,2026-10-03 22:02:32
ceea21a6-2a60-4371-bd86-5249bf0741a7,Boba Fett’s Helmet,collectible,4.4,2026-10-03 22:02:32
f9aac36f-838f-4964-8c6e-2085cf015534,Extra Bloody Ahwroo,collectible,14.14,2026-10-03 22:02:32
ed14d888-8124-41c3-9200-f66b92c4a42a,Service is Success,collectible,11.98,2026-10-03 22:02:32
aaf1a9b0-19b7-4226-9501-b42ef4bb8525,UCI Italy Dilophosaurus,collectible,20,2026-10-03 22:02:32
77857a70-edf2-4401-9798-93f63b941d60,Vulture,collectible,6.4,2026-10-03 22:02:32
26e88992-ef0f-4669-9dc9-b26cc00f46e1,Creepshow Tombstone - Vol. 2 Issue 3,collectible,13,2026-10-03 22:02:32
b6f29798-c0ff-4bd8-96fc-a5f8b9b621ae,Flerkitten 3,collectible,12.52,2026-10-03 22:02:32
288b12b5-89ed-4fa0-83cd-ec757334d4dc,Record #1 - Frankenstein - Original,collectible,3.9,2026-10-03 22:02:32
1fdd304a-5e0d-4ca6-9972-ed4b4da02efd,ODDY ver. GREY,collectible,7,2026-10-03 22:02:32
0e9168df-d75e-49ae-a658-eae7d4d9804c,Cinderella and Lady Tremaine,collectible,14,2026-10-03 22:02:32
f19b84e8-7d86-46a6-b180-ed0edd777e5c,Edo Imperial Royal Guard - Pierce Through,collectible,20,2026-10-03 22:02:32
1d76ad1d-e54f-41ac-b83b-eebc714493bc,Love: Puppy (1986),collectible,6.2,2026-10-03 22:02:32
38a368f0-9680-49c3-9ba5-d2a9809d7cb0,Feesh Eggs,collectible,35,2026-10-03 22:02:32
b2e323bf-2f1b-4a77-8c96-29096871f263,Alexios - Cultbreaker,collectible,30,2026-10-03 22:02:32
9c93d4b4-2dab-4c9d-b5e2-0f29e791bd39,Electro,collectible,6.3,2026-10-03 22:02:32
958d85ba-bdfb-4013-89b4-5bd4a7a87daf,Guma - Nine Horse,collectible,23,2026-10-03 22:02:32
fdd6f19d-4614-44d4-b816-5cef345d7981,Red Horse,collectible,23,2026-10-03 22:02:32
4d5e1d1b-a183-4efc-84bf-1e469d588395,Lad 7,collectible,56,2026-10-03 22:02:32
63067716-0eaa-4b87-9910-0f229f4b5be5,Aquatic Plant - Vibrant Red,collectible,11,2026-10-03 22:02:32
1a293612-dff0-4982-8d88-735375c3cd09,1938 John Adams,collectible,1.8,2026-10-03 22:02:32
3f1819b2-d358-492e-b1a0-80a5b3cfe039,Morbius,collectible,5,2026-10-03 22:02:32
37f58ebb-50aa-4ef6-b702-1e1857c33fa6,Record #2 - Fame Finds The Village Idiot - Platinum,collectible,34,2026-10-03 22:02:32
378f29fe-ba48-4e71-98d6-c84ab93ab4c7,Happy Lunar New Year! - Red,collectible,12.92,2026-10-03 22:02:32
90b2abb9-592f-4bbe-9413-7ba139b32fdc,The Leisurely Loop,collectible,11,2026-10-03 22:02:32
290acb59-dde8-422a-9144-706879bc0fe9,$3.60 Lucky Dumplings Stamp,collectible,4,2026-10-03 22:02:32
ffcd8f65-95d5-4b9a-8dab-e919bdeda8be,Graffi ver. Phantom,collectible,225,2026-10-03 22:02:32
9fb4f37e-1474-4dea-99b9-aa016d8408e6,Adi Granov Main Cover,collectible,2.99,2026-10-03 22:02:32
4a78436c-cada-4d87-b06b-0e46e09013e1,Views of Our Planets - Saturn,collectible,8.35,2026-10-03 22:02:32
742b6127-cae8-43de-858c-0db0a7c14c4b,LISA – Playful Era,collectible,44,2026-10-03 22:02:32
e17de1d1-76bb-49fb-bb70-afdb8b808615,Predator - Battle Scarred,collectible,9.9,2026-10-03 22:02:32
9c59db14-07b4-4fe5-abb8-01470655dbac,LA Strong - Tan Heart,collectible,24.99,2026-10-03 22:02:32
30341e3d-3fd2-49bc-b52e-cb539458aee5,LUV,collectible,15,2026-10-03 22:02:32
c5d840e8-6f79-4717-a34c-7af19d3b89ba,Totem Pole Church,collectible,9.99,2026-10-03 22:02:32
df1940af-34c5-4599-a190-d5f80ba6875f,Green Noggles,collectible,16,2026-10-03 22:02:32
7d134a98-1a1f-4697-be81-6323e8049fde,The Ectoplasmic SnapperFeesh,collectible,24.95,2026-10-03 22:02:32
bae97a80-9bc7-432c-aa31-899e5fd44101,Winter Whimsy - Teal,collectible,4.99,2026-10-03 22:02:32
9d2783d6-13a1-4175-b8ae-a38b23fa3d2b,Heads Up Rabbid,collectible,11,2026-10-03 22:02:32
dfd04ee9-970a-4c10-bf41-8acadede5d28,Single 5d 'Otira Gorge' gummed stamp,collectible,7.59,2026-10-03 22:02:32
b9e782f0-2edd-425f-853f-087ba24e00bc,Gasgano’s Podracer Base,collectible,31.98,2026-10-03 22:02:32
a709645b-62df-490d-b74a-16a90c358d50,Master Splinter - Combat Training,collectible,13.5,2026-10-03 22:02:32
47a56835-3d0e-44c8-b636-987bf484f9c2,Romulan - Bird of Prey,collectible,23.8,2026-10-03 22:02:32
838d1b5c-2797-475e-9b4d-af52d3fa07b8,Lucky Rosso,collectible,5.99,2026-10-03 22:02:32
2ec4e3b7-00ae-4c24-a2d1-ffab132c9a67,JENNIE,collectible,9.99,2026-10-03 22:02:32
454bb38e-d34c-461f-9261-599413e64e5c,Views of Our Planets - Jupiter,collectible,7.77,2026-10-03 22:02:32
ea9a9878-1841-4d3b-8248-cedbca4c8807,Death Trooper E-11D - Crouching,collectible,12.99,2026-10-03 22:02:32
899aa947-87ce-44ac-93b3-201ee1d977a2,C-25 Fragmentation Grenade,collectible,6.5,2026-10-03 22:02:32
1f673f58-b8cb-496c-b158-5cee3630ccc2,2X-7KPR,collectible,13,2026-10-03 22:02:32
20ee46b8-77c6-481b-ab57-ddd590530546,Frankenstein Mon,collectible,4.34,2026-10-03 22:02:32
e24c79cc-2602-480c-9f67-c1fde64358ec,BLACKPINK - Moment to Glow,collectible,50,2026-10-03 22:02:32
f786c6ec-1f78-496e-8f68-d4f2bf242deb,The Splash Manta Ray,collectible,19,2026-10-03 22:02:32
2a26bd99-0946-4388-bc53-3e596c3d6d34,JISOO,collectible,15,2026-10-03 22:02:32
d23fe8eb-7882-40fc-8e4d-16a0f81e1847,B-Rank Essence Stone,collectible,3.99,2026-10-03 22:02:32
c0d053ea-02fc-4427-9112-2cfd68aa5fac,Alchemy of Radiance,collectible,42.5,2026-10-03 22:02:32
b99cd3be-d4bb-496d-80a3-382e59f8a18a,Predator - Young Blood,collectible,9.4,2026-10-03 22:02:32
4b612f98-a7f8-4357-bfa6-96f1115e4d50,ODDY ver. BERSERK,collectible,7.9,2026-10-03 22:02:32
6911b24f-2fd5-4d43-8ae9-8f7d978b6285,Felix  - Golden Light,collectible,14,2026-10-03 22:02:32
5505c6c1-df66-4335-abc7-cb4c40c2b10e,Potball WILSON,collectible,14.99,2026-10-03 22:02:32
305c5cde-ab8e-4d48-9d20-151a84e48725,Sagunja - The Four Gracious Plants,collectible,8,2026-10-03 22:02:32
123ff062-1e0b-450a-a535-d5e6fc5c4ed9,$4.00 Land of Good Fortune Stamp,collectible,3.72,2026-10-03 22:02:32
a18440b9-4f7e-4136-986a-c8801a8b981b,VeVe Christmas Tree - Platinum,collectible,2.99,2026-10-03 22:02:32
90acdef7-6742-4068-a248-e2263cb07fa9,Lad 4,collectible,51,2026-10-03 22:02:32
d9c90e56-3022-460f-a6a9-ad3356c5668e,Creepshow Graveyard,collectible,25,2026-10-03 22:02:32
1165b31e-2b27-4171-a7ef-ff0d1f6bb459,My Toy - Prototype,collectible,99,2026-10-03 22:02:32
61d09bde-7c93-4d3b-8816-33266d761153,1938 William Howard Taft,collectible,6,2026-10-03 22:02:32
4737dfaf-a202-411c-998c-42f98010247b,Fuel Drum Stack,collectible,8,2026-10-03 22:02:32
20733f6b-c168-4a46-b558-e85b2ed125bd,Dan,collectible,7.99,2026-10-03 22:02:32
53181264-e5fc-461f-84b5-935f9403eeef,Kingdos,collectible,3.35,2026-10-03 22:02:32
23722ec2-08d7-4f4f-9ffb-54ebb2226b42,Winter Whimsy - Navy,collectible,3.66,2026-10-03 22:02:32
4af8ec82-5fdd-4ce4-ac2d-d45db6474c72,Groot Captain America,collectible,3.72,2026-10-03 22:02:32
e3e3d65e-ec37-46cd-aef6-a5febf24d0be,Quickdraw,collectible,6.99,2026-10-03 22:02:32
84964212-3fb9-4248-a0e5-012e5a104609,Snow Globes - Christmas tree,collectible,4.57,2026-10-03 22:02:32
03fa2e26-9a2a-4803-9141-428b03c6f1ab,Views of Our Planets - Uranus,collectible,12.2,2026-10-03 22:02:32
28e4baa0-86e9-495c-b96e-f794c23781ee,Original Ahwroo,collectible,3.55,2026-10-03 22:02:32
d13ba790-5805-47ea-a351-b96647b21c7a,Potball 8,collectible,3.5,2026-10-03 22:02:32
5cd66930-0cc0-4ab5-ad77-9ff7f1e56bf2,Anthony,collectible,32,2026-10-03 22:02:32
600c13fe-cdf4-4958-9828-61a97da4cac6,Usagi (Cosmic Multicolor),collectible,30,2026-10-03 22:02:32
feb8ca0b-d504-4f46-ad65-3ac393e7f55f,HypeBao (O.G. Edition) - Kai Cao,collectible,8,2026-10-03 22:02:32
eb4c9cee-d4bf-4dca-9ae7-46b7eff5f6e9,Coca-Cola Neon Sign - Pause and Refresh,collectible,12,2026-10-03 22:02:32
3d111d21-353b-4d4b-87ad-34487805ac05,Belchor,collectible,8,2026-10-03 22:02:32
4ed97266-f181-4637-949c-6ea763f2dfe6,Record #4 - I Am Nothing - Platinum,collectible,30,2026-10-03 22:02:32
295ead7b-e20b-45e6-88e1-f280e55faf07,FDP Tower,collectible,20,2026-10-03 22:02:32
df3027cc-2f9f-4cac-a583-d62792578d10,Coral Reef,collectible,3,2026-10-03 22:02:32
2e4b12b2-09b9-438e-8561-0294a9ff3cfb,Shiny Caramel Rush,collectible,14.99,2026-10-03 22:02:32
5c090581-7492-47c4-a391-ef1907006ab7,CIARA ver. Rough Sketch,collectible,6,2026-10-03 22:02:32
8248914b-11fc-4d05-98f5-6bdbce842e1d,Dark Suit Ver.,collectible,9.99,2026-10-03 22:02:32
419fec31-c22c-4860-a896-6342e69f5c2e,Death Trooper Shoulder Pad,collectible,2.39,2026-10-03 22:02:32
ee047d57-731f-46e8-8a0d-98262df19304,Creepshow Tombstone - Vol. 2 Issue 1,collectible,11,2026-10-03 22:02:32
df505c53-043a-4b62-98d9-d0ae80daf968,Winter Whimsy - Blue-Green,collectible,4.49,2026-10-03 22:02:32
02a94a9e-a3da-49d4-b211-997b0ad60dcb,Jiangshi Mon,collectible,6,2026-10-03 22:02:32
4836f896-a3b1-4539-a79f-1b0a26bd5a25,Rat,collectible,2.98,2026-10-03 22:02:32
3d9e2fef-d48b-40c0-b295-88da8426bec9,Valkyrie - Action,collectible,22,2026-10-03 22:02:32
61fa958d-8683-41b5-8421-446732676d8e,Kahalo ver. Original,collectible,2.66,2026-10-03 22:02:32
e093ba4f-4811-4b7c-aa10-f999e216f844,Speedy The Racing Snail,collectible,10,2026-10-03 22:02:32
3834eaf3-879e-49aa-8102-78f9a7dceeb8,Ben Quadinaros’ Podracer Base,collectible,29,2026-10-03 22:02:32
856227a4-716c-4b50-893c-d16a4fc93e33,Night Trooper Exposed - Unleashed,collectible,19.67,2026-10-03 22:02:32
8fdca362-e999-414e-af25-bbcadf58cc40,Agave,collectible,47,2026-10-03 22:02:32
a81a718a-0f3c-4e4c-9efe-d9baeda46f6b,The Wedgewood Wisp SoldierFeesh,collectible,19.95,2026-10-03 22:02:32
16e8e300-1fa4-4459-9484-a486807cc883,Connor - Assassin's Resolve,collectible,16,2026-10-03 22:02:32
d37184af-298d-4b47-ae13-819fb234b80d,Episode 12 - Arise,collectible,2.9,2026-10-03 22:02:32
511147ad-2ed3-4d8c-b811-828355f61f35,Single 3d 'Huia' gummed stamp,collectible,11,2026-10-03 22:02:32
8e13d360-3a66-4437-96b1-77360d1863c0,Decorative Rock 2,collectible,5.99,2026-10-03 22:02:32
888a8bb0-f0e5-41ed-8414-09fedf371226,Sound of the Strange,collectible,20,2026-10-03 22:02:32
637f88b9-2ccf-45e1-a3aa-abc13ff13cf8,Seymour Evil Monkey - Original,collectible,5,2026-10-03 22:02:32
26d26ce6-1441-4390-abe6-2a2a1e49340c,Aquatic Plant - Emerald Green,collectible,14.99,2026-10-03 22:02:32
ce2588f1-3e1f-4f82-bd4b-e86b40faa8a0,Monovader - Vinyl Menace,collectible,20.99,2026-10-03 22:02:32
acac1395-5a9f-4732-b592-20d508cebf6e,Duchess Dorsalina,collectible,9,2026-10-03 22:02:32
4aba4d27-5637-49de-a78f-9f83d720e14c,Lad 5,collectible,46.99,2026-10-03 22:02:32
9e79842b-ab20-4f0e-8bca-01b4877aa45f,Views of Our Planets - Mercury,collectible,3.97,2026-10-03 22:02:32
92b14dcc-2e83-4d5e-8cfa-ac7fb5b73f96,Year of the Horse,collectible,2,2026-10-03 22:02:32
79f49f24-d6f3-4ba0-9253-599d05699a35,Single 1s 'Kea and Kaka' gummed stamp,collectible,10.5,2026-10-03 22:02:32
d4788b46-09e9-4528-bfd0-39a1a9ca087e,Cube,collectible,13,2026-10-03 22:02:32
f1bb37cc-7350-403f-9e06-5942bc3765ec,Master Splinter - Weapon Training,collectible,6.5,2026-10-03 22:02:32
9968a51e-c7ba-4b11-ace9-4ab3f1e7410c,1938 Andrew Jackson,collectible,1.2,2026-10-03 22:02:32
f2d30a0b-0bf0-4469-ba36-f35861ba869b,Lad 2,collectible,46.79,2026-10-03 22:02:32
fc039424-1fd9-4fe1-aeef-c015a7d284a0,Gamer Rabbid,collectible,5.55,2026-10-03 22:02:32
0e550517-b2da-4dcb-8a2f-3c9f73e24796,Swim Shady,collectible,11,2026-10-03 22:02:32
dc1a93ca-1bd8-4465-bd88-d14066e78867,Holiday Elves - Elf with Teddy Bear,collectible,1.17,2026-10-03 22:02:32
edd220d2-6a16-41df-98c9-9c65ceae9077,Record #5 - Ronnnie Rabbbit - Original,collectible,4.75,2026-10-03 22:02:32
e1bfbd3e-584f-40ef-b986-4fb4b7bf79e2,Grenade Orange,collectible,30,2026-10-03 22:02:32
615d22d7-990a-4566-8223-8031eaf43c62,ODDY ver. CHOCOLATE FOREST,collectible,14,2026-10-03 22:02:32
6a718137-b06c-4c8b-bb7c-98ad56694cbd,1938 Thomas Jefferson,collectible,2,2026-10-03 22:02:32
1e686588-d7fe-40bc-81be-15d2ca5be3fb,Mysterio,collectible,8,2026-10-03 22:02:32
af36d0b7-21fc-404d-a6ea-6b5676c9ba30,Hoodie,collectible,12.5,2026-10-03 22:02:32
28b72409-f4cc-4acd-b498-7d24dbbfc437,Jason Naylor - OPN Heart COLOR,collectible,9.99,2026-10-03 22:02:32
8d292bb5-ab7d-465e-81bf-f5d329f3f06f,The Thing - Action,collectible,9.99,2026-10-03 22:02:32
d8f15b6a-79b7-4354-b9fd-4dace50e7f3d,Kahalo ver. Rainbow,collectible,4.99,2026-10-03 22:02:32
046fccc6-a2d0-417c-9fc2-402c07e0c0b5,Record #4 - I Am Nothing - Gold,collectible,9.2,2026-10-03 22:02:32
bfee101f-2ea1-48b4-a662-c0778f616af7,Hojakdo Island,collectible,11,2026-10-03 22:02:32
0fe052b9-7de6-4ac8-9021-958d0bbe63bc,HypeBao (Dior Edition) - Kai Cao,collectible,10,2026-10-03 22:02:32
454c8252-7aaa-49fb-bca5-ec1ba8776309,White Tiger,collectible,11,2026-10-03 22:02:32
12d7ac8b-dad2-48a4-930f-5abc5399b121,Boy (Color),collectible,250,2026-10-03 22:02:32
1fc0bcbd-2102-4aa8-9d2a-eeaaf5352ce1,Orange Noggles,collectible,13,2026-10-03 22:02:32
57da1dfd-058b-48db-ab9a-f4fa82eb4db6,Death Trooper Helmet,collectible,2.19,2026-10-03 22:02:32
6f04f0ca-d6fa-4b8c-b5cf-34c96602c7e9,VeveMagic,collectible,6.99,2026-10-03 22:02:32
4935dbdc-9f7c-4212-9662-3c2cd0e288fe,Josh Divine - Biting Vase - Teething Plant,collectible,7,2026-10-03 22:02:32
fa602ce7-8fb5-4907-ae1f-d290e852b5b3,$3.30 Garden of Prosperity Stamp,collectible,3.2,2026-10-03 22:02:32
a2a3ce61-3a54-47d6-a2c9-bdf78ce55a48,Delusionville Record S6 “Last Place is First Place” - Gold,collectible,9,2026-10-03 22:02:32
8015520d-7b05-4409-83b6-c387b1a453f8,Wing Tiger,collectible,5.98,2026-10-03 22:02:32
7dba3b40-2198-4e9a-92dc-4f4874c30e39,Night Trooper - Unleashed,collectible,17.99,2026-10-03 22:02:32
25a1e0e2-8ab2-46ff-9351-4beeaa4d3985,Pastel,collectible,5.97,2026-10-03 22:02:32
378f6fcd-b6fb-455a-b038-787cebe7a365,Mamimon,collectible,3.7,2026-10-03 22:02:32
2ab60547-aaf6-4120-828d-cc6372ac3335,Sewer Manhole - Silver,collectible,2.7,2026-10-03 22:02:32
cb5a1381-302f-414d-adcd-0d8e6aeebc52,Battery Box,collectible,6.9,2026-10-03 22:02:32
2b165606-c201-4f80-b10f-b0d7e7d49908,Crimson Trooper - Running,collectible,2.7,2026-10-03 22:02:32
714df4b8-f150-42a7-a1ed-f8b9da2504cb,$7.20 Singing in the New Year Stamp,collectible,6,2026-10-03 22:02:32
121be6df-6a3a-4e64-9978-92fc5acb77ca,Record #7 - Bunnny's Rap - Original,collectible,4.44,2026-10-03 22:02:32
39c48ec7-93ac-4659-a351-cf46f5238b11,Edward - Roped Ascent,collectible,25,2026-10-03 22:02:32
a92e79b9-e6c5-41cf-88ad-0f3490f9dce0,Calm Mint CANVAS PRINT,collectible,20,2026-10-03 22:02:32
983c4be0-5acb-468d-b834-3e2869618011,Super,collectible,11.98,2026-10-03 22:02:32
c646e937-7af9-4243-9e49-ee5e8452e3c5,Snow Globes - Reindeer,collectible,3.99,2026-10-03 22:02:32
60ff5dbc-dd2d-4c72-95d3-9b8bb7f122ec,Nicoletta Baldari Variant,collectible,8,2026-10-03 22:02:32
3cd38803-98a6-4b5c-85fa-a8a3353c0b7f,Single 1/2d 'Mount Cook' gummed stamp,collectible,1.83,2026-10-03 22:02:32
906fe78e-60ab-4d7e-bd1d-70d70fe10ba0,Lucky Peach,collectible,2.8,2026-10-03 22:02:32
2e4e01f7-bf0e-4952-af03-153d14f54ab7,Simon Prades Variant,collectible,4.37,2026-10-03 22:02:32
3eaf1638-5c0c-487e-9ceb-ec8e9871e817,The Proof of Greed,collectible,23.99,2026-10-03 22:02:32
74ffff21-4447-4ce3-a62f-610747e8afdf,Snow Globes - Snowman,collectible,2.79,2026-10-03 22:02:32
510a7cb7-bb97-4631-a71d-3fe3fe24a049,Evermind #1 - Page #1 (Full Art),collectible,112,2026-10-03 22:02:32
a72a940f-3713-4072-8736-415a64444d47,Take That Rabbid,collectible,21,2026-10-03 22:02:32
39694728-e99e-4d5a-ac64-830b09823705,Mozzarella,collectible,4.99,2026-10-03 22:02:32
8ed965ef-77cd-4c8b-8884-b2bfaf3b4d79,Unique Monique,collectible,10,2026-10-03 22:02:32
c60d426e-48ad-4e6b-b162-b6edd0e6e76d,Ebony,collectible,17.31,2026-10-03 22:02:32
0045f367-893e-4828-b52e-0a05427076e1,CIARA ver. Painting Completed,collectible,7.41,2026-10-03 22:02:32
39c4b021-c6e7-479d-ab1d-8de90749d729,DJ Big Bot - Rust,collectible,2.85,2026-10-03 22:02:32
4630596f-7c97-4356-a89c-ab458a3f0fca,Groot Thor,collectible,2.99,2026-10-03 22:02:32
930556b0-3566-4301-95c3-1f50bbf059a2,Decorative Rock 1,collectible,5.25,2026-10-03 22:02:32
c4690eb6-59d8-4369-acab-978ced87e9e3,Male Eivor - Howl of the Hunt,collectible,30,2026-10-03 22:02:32
ae8d76a8-88d6-4a0e-ac02-f7c0e260de9b,Winter Whimsy - Tan,collectible,2.99,2026-10-03 22:02:32
0cc92d82-9a02-4e3d-90b4-bb82965877fa,Night Trooper Helmet,collectible,10,2026-10-03 22:02:32
a05e5e16-5e63-4d0c-a429-d67d5bb05e71,Dharma Tiger,collectible,2.47,2026-10-03 22:02:32
c18cdf3e-ef2e-4806-80e9-a410d8186a22,Diver’s Helmet,collectible,10,2026-10-03 22:02:32
a32cee46-53f1-4fc8-bcbb-4ecb37d3ab09,Creepshow Coffin - Vol. 2 Issue 2,collectible,10,2026-10-03 22:02:32
c983ca1d-6b6d-4cd7-b0fc-e735d9584cf0,ILLAZILLAZ (Fire Element) - TNES,collectible,5,2026-10-03 22:02:32
849eea1d-b3d6-4119-af45-dad2951ef93f,Pucker Up - Gold,collectible,199,2026-10-03 22:02:32
e726f943-62a1-4ba7-9d8f-d21684a77c38,Paddle Ball,collectible,21.99,2026-10-03 22:02:32
fbc51b96-8996-4dad-bd2e-0e24d9dc68ea,Monovader - Full Resin Mode,collectible,28,2026-10-03 22:02:32
920d56a7-1f6f-44ba-8558-61024a5084e7,Potball HIT,collectible,3.75,2026-10-03 22:02:32
a7dacd8a-133e-4a8e-9fc5-0ff0ad51db88,KABOOM - Gold,collectible,165,2026-10-03 22:02:32
462fc423-9563-415e-aa1c-77c19f7a0650,Shadow Trooper - Running,collectible,2.5,2026-10-03 22:02:32
fe8b6115-0f8f-4ecf-b957-f36a24b0759a,Moon Knight,collectible,3,2026-10-03 22:02:32
17c774ac-824e-4f5d-9283-2789a5c589df,Lad 9,collectible,40,2026-10-03 22:02:32
d8bddc0c-fec2-44e0-a90c-1dde60918fff,Lad 1,collectible,40,2026-10-03 22:02:32
3d1d07b2-d3dd-48f4-8998-8a964d414208,Invisible Woman - Action,collectible,9.99,2026-10-03 22:02:32
1e033ca4-e213-4960-8862-78fc4ca41aeb,Potball BB,collectible,5.99,2026-10-03 22:02:32
0f8752da-6035-4717-884b-84dc10995f4f,Octo-Cart,collectible,7,2026-10-03 22:02:32
2bcd38b4-b22a-4bca-a147-b5f20241d3d6,Ruin Your Mind,collectible,7,2026-10-03 22:02:32
fccfc777-cc16-4a36-b063-8258d6e69ffe,Boy,collectible,11,2026-10-03 22:02:32
9d513380-78fc-4291-9f4b-e7ac0486e746,Snowman,collectible,11,2026-10-03 22:02:32
94eb327e-5053-416d-9b2e-412eb9fa9cf5,Ocean Coral #2,collectible,4.99,2026-10-03 22:02:32
bd273292-2dd8-49f1-9199-f8dbfe7cd62d,Small Generator,collectible,3.25,2026-10-03 22:02:32
cb97cff7-1685-4170-981d-a31ceb40defa,Calm Mint,collectible,3,2026-10-03 22:02:32
7b970f74-5f79-47a6-b234-3816f2a40e3d,Record #1 - Living In Delusionville - Gold,collectible,8,2026-10-03 22:02:32
65aaaeb7-6b73-4506-ac80-255c6b005316,The Blackboned ButterflyFeesh,collectible,30,2026-10-03 22:02:32
b2fa7e88-8198-4ef6-ae74-428d014b32c8,Flerkitten 6,collectible,5.5,2026-10-03 22:02:32
d422752a-51cf-40da-82a1-257f817eed43,HiKR,collectible,10.5,2026-10-03 22:02:32
73cda966-4e10-4243-ab3b-d7d7a35f932e,Hangar Walkway,collectible,6,2026-10-03 22:02:32
86cf2738-730a-4c98-9b61-735a47b0a35c,Bubbles Zoomfin,collectible,8.49,2026-10-03 22:02:32
5e72800a-aaba-4743-a005-18675ee33d9a,Smoke Machine - Gold Edition,collectible,77,2026-10-03 22:02:32
52ba30bf-11d9-43b9-85e3-5dc6a7a53e51,Werewolf By Night,collectible,3.99,2026-10-03 22:02:32
5e4f8a69-f7c3-4060-8eb8-7b34540a36ce,Wendy’s Gift Box,collectible,7.65,2026-10-03 22:02:32
bc8771ab-0a33-42be-8f44-e1ed6d424274,The Winged Rock,collectible,22.5,2026-10-03 22:02:32
b87927b2-6ad2-43ee-ae88-cfd7a2668e15,Bubble Machine,collectible,3.8,2026-10-03 22:02:32
5dccfc38-421c-4a3f-ad5c-2e697dd98361,Happy New Year! 2026 - Tier 4,collectible,1,2026-10-03 22:02:32
209d240e-c9a7-45e8-b0e1-2975e4b01452,Bambi’s Forest Base,collectible,8.2,2026-10-03 22:02:32
3d86e011-1ed9-4ea5-bedd-a6cb1f33cc16,1938 William McKinley,collectible,2.93,2026-10-03 22:02:32
0ae350c3-283d-4c9a-a1ea-19b0223dce2c,Josh Divine - Biting Vase - Ba-Doom,collectible,12,2026-10-03 22:02:32
96d90396-3566-4326-bd03-0f0db4dab1c2,Scott Tolleson - Burger Boy Vincent,collectible,20,2026-10-03 22:02:32
a15d54d8-0fa1-42bf-a69c-315662f4bfdf,Strobe Light Machine - Gold Edition,collectible,75,2026-10-03 22:02:32
d22a536f-a27b-42f8-94c3-c46f52ae3e7e,$3.30 Food Stamp,collectible,4,2026-10-03 22:02:32
c889a878-bc2b-4afe-a9c1-a02ffbe80231,Single 4d 'White Terraces' gummed stamp,collectible,2.99,2026-10-03 22:02:32
a9575350-52cf-43fd-bc15-59b7ef769835,$2.30 Family Stamp,collectible,3.98,2026-10-03 22:02:32
087f1d36-ca76-4674-88a9-e182acbe0a4a,BLAM! - Gold,collectible,89,2026-10-03 22:02:32
b504ad62-91e3-485a-861b-023fa09a5f12,BLACKPINK - Sound On,collectible,32,2026-10-03 22:02:32
de1e9deb-5145-4ca8-8348-43dcd61b8ddf,Green Truck,collectible,2.19,2026-10-03 22:02:32
e6df8654-5245-4b6d-83b0-f5f80f1a6f61,ILLAZILLAZ (Earth Element) - TNES,collectible,4.99,2026-10-03 22:02:32
fe25e470-e059-45a4-863d-d25a085b0dfe,MyCollectables,collectible,4.96,2026-10-03 22:02:32
cd45acb6-98af-407c-9159-5e7cb17522fa,My Toy - Chocolate Mousse,collectible,2.99,2026-10-03 22:02:32
dc0e0865-ed0d-4421-8bcd-2d9007d9c73a,VeVe Uncommon General Admission Ticket - NYCC 2024,collectible,3.5,2026-10-03 22:02:32
cac60134-17f8-40d5-988f-f911652e1a12,VeVe Common General Admission Ticket - NYCC 2024,collectible,2.5,2026-10-03 22:02:32
d4f65509-13a2-4011-84b6-f4b228f28d94,RUNNING MON ver. OGRE,collectible,14.5,2026-10-03 22:02:32
9f84960d-a2da-4c16-9e55-5dfb799e88cb,Mimban Trooper - Running,collectible,2.2,2026-10-03 22:02:32
5c40e389-47ee-4264-a028-9879ff988d82,Grenade Red,collectible,11,2026-10-03 22:02:32
915d7c0b-f55d-41c7-8a80-110c34f8e8a3,Captain Gillbert,collectible,9,2026-10-03 22:02:32
d87175f7-2845-4083-b29d-9f81e726e043,D&D - 5th Birthday Cake,collectible,1.9,2026-10-03 22:02:32
c1011494-65d4-4563-8640-ed793f32fce8,Scanner Box,collectible,5.51,2026-10-03 22:02:32
fdf183e2-42ac-4cdb-b760-5e54a92a31c4,GLOSS LORD - Tristan Eaton,collectible,5.5,2026-10-03 22:02:32
57e1f1aa-b6d5-43af-9bbd-397ed10dddde,Friend Owl’s Log Base,collectible,2.99,2026-10-03 22:02:32
3c89b9b1-b836-49c4-99f8-da6b7603e071,Eagle Eyes,collectible,4.9,2026-10-03 22:02:32
7f8db4ca-e2d2-4750-80dc-92f122da0bd0,Birdie,collectible,9.5,2026-10-03 22:02:32
9c3d7ce4-b2cf-42cb-9c61-af108f145068,Matt Murdock - The Daredevil's Focus,collectible,16.5,2026-10-03 22:02:32
d57725c4-2f18-4826-8b86-e52ce6d2eea4,Deathiny - OG,collectible,3.5,2026-10-03 22:02:32
93552b5b-3ead-4e6e-8f20-8e24b90357c7,Flerkitten 2,collectible,7.5,2026-10-03 22:02:32
383b2411-0ef9-4ec9-8b7a-2825ebeab4c6,Year of the Horse Medallion,collectible,2.2,2026-10-03 22:02:32
47bc3ff2-0185-4ae6-9ce8-94c0c5c56195,Record #7 - Bunnny's Rap - Gold,collectible,6.9,2026-10-03 22:02:32
36530d3b-a434-4fd4-b548-7ea92aed808a,BLACKPINK - Behind the Beat,collectible,32,2026-10-03 22:02:32
98bbca6f-42b0-4694-a886-12589444fc5d,Graffi ver. Navy,collectible,9,2026-10-03 22:02:32
0b162d93-8241-420c-a872-1c4aeebea68a,$4.30 Pets Stamp,collectible,6,2026-10-03 22:02:32
d031f29a-3b9f-4316-b78f-36ba56192bc3,Happy Lunar New Year! - White,collectible,2,2026-10-03 22:02:32
eef9e3ab-a2bd-44ef-b10f-bc58be804cbd,On the Way to Work,collectible,37,2026-10-03 22:02:32
3780bad9-f648-46a8-966e-ddfd205f1b93,Matt Murdock - Nightly Defender,collectible,17,2026-10-03 22:02:32
42883b04-d4ae-43da-81ea-b80fc7075234,Drop Incoming!,collectible,1.98,2026-10-03 22:02:32
6f5d6b03-da4c-4121-9024-74221436f214,Shadow Trooper - Crouching,collectible,7.99,2026-10-03 22:02:32
9014cceb-4db2-4a5c-a619-679d4c106a28,Novello,collectible,8,2026-10-03 22:02:32
79648dcc-65c4-40ad-8985-09db36a791ac,Creepshow Coffin - Vol. 2 Issue 3,collectible,8,2026-10-03 22:02:32
78b6265b-3432-46d9-bf8d-8915492b40fe,Amarena,collectible,2.5,2026-10-03 22:02:32
94796575-0a21-4273-952d-1cb5964b067a,Death Trooper Utility Belt,collectible,4,2026-10-03 22:02:32
a877e714-7bbc-4a8a-95a0-4cd087216f99,Maido & Kanpai,collectible,8,2026-10-03 22:02:32
36adfd74-e06b-4b10-a4a3-01fc13113d8d,Foam Machine - Gold Edition,collectible,15.99,2026-10-03 22:02:32
7f37eb78-0787-446f-a757-b48e4b97dc40,Retro Bobo,collectible,4.99,2026-10-03 22:02:32
ac2d7f15-df6b-4177-a427-ffa286085d39,VeVe Lisbon VIP Entry Ticket,collectible,3.99,2026-10-03 22:02:32
30700600-f3ad-4f78-a775-c84e7b056abe,Graffi ver. Green,collectible,9.9,2026-10-03 22:02:32
f57e1a2b-be41-4007-8d67-7fac23b39b70,Pyro Machine,collectible,3.28,2026-10-03 22:02:32
f809385e-d6fc-452c-9c0c-f7f9fb6cc019,CIARA ver. Ready to Paint,collectible,2.5,2026-10-03 22:02:32
6d26c5d3-29f1-4c5f-b3b4-d32fbbab8984,$3.60 Presents Stamp,collectible,3.49,2026-10-03 22:02:32
d773dd14-5717-455c-b3a1-f9ffcacb4a6e,LA Strong - Green Heart,collectible,13,2026-10-03 22:02:32
abd3b4bf-1f93-4fe8-a3f5-721d47dbc331,Biz Wiz,collectible,4.4,2026-10-03 22:02:32
2f8b8f16-4378-4fa3-a5e5-223170716c6c,Ocean Coral #1,collectible,3.99,2026-10-03 22:02:32
4ed555bb-e861-4923-b047-95006e7526e5,Views of Our Planets - Mars,collectible,3.33,2026-10-03 22:02:32
87d9b23d-cb71-468f-a8bf-020b1899321d,WHAM! - Gold,collectible,65,2026-10-03 22:02:32
ed1533cd-1a17-4968-b8d6-9a8f57e052ee,Boba Fett’s Chest Plate,collectible,4,2026-10-03 22:02:32
a42350c5-a1a7-4593-af66-ef91cfeb37a1,Ollie Goodtimes,collectible,6.59,2026-10-03 22:02:32
64e007ea-99fe-4a29-a561-22d0343f4beb,Donutella,collectible,3.69,2026-10-03 22:02:32
9de0fd51-f57e-4888-8fdc-ce7674a9b06a,1938 Benjamin Harrison,collectible,1.99,2026-10-03 22:02:32
40f03ab2-65d1-445b-a66c-1fb1ec751621,Aquatic Plant - Big Bronze 2,collectible,4,2026-10-03 22:02:32
56d5409c-3c30-40ba-888e-2987749734c1,Record #8 - Duck Luck - Gold,collectible,6.4,2026-10-03 22:02:32
aca3eac8-fea3-4f1f-af6e-38b1854f2c65,Single 2d 'Pembroke Peak' gummed stamp,collectible,1.99,2026-10-03 22:02:32
559e5a55-e433-4f27-a5d6-2645a696ba1e,$2.00 Longevity Noodles Stamp,collectible,1.99,2026-10-03 22:02:32
3d890e1f-f5d6-4797-bde9-4eb455a31928,Flerkitten 4,collectible,5.5,2026-10-03 22:02:32
4845bbab-2ecd-454e-bb8b-1b671a31993b,Usagi (Green),collectible,5,2026-10-03 22:02:32
cf3f2223-ece8-4b79-8970-8fca656ea481,Smoke Machine,collectible,3.11,2026-10-03 22:02:32
ee12f5dd-661b-489a-82fb-8bdccda378d3,Remote Rabbid,collectible,12.95,2026-10-03 22:02:32
02ab1567-e3b7-4862-bd09-4115bcfed9fc,Max,collectible,4.8,2026-10-03 22:02:32
36870fc2-0fa9-47f8-937c-b56eb1288ad2,Single 5s 'Mount Cook' gummed stamp,collectible,3.44,2026-10-03 22:02:32
8564d30f-2411-4d71-8f53-330747e9326d,Night Trooper Exposed - Marching,collectible,1.8,2026-10-03 22:02:32
8695474c-fcaf-4a64-a9b1-112ac0d05519,Tan Horse Ver.,collectible,12,2026-10-03 22:02:32
6aa8a426-c98a-4155-8895-bc0d0f7e9f55,Record #9 - Everyone is Jealous of Me - Gold,collectible,6,2026-10-03 22:02:32
90b09859-6fa5-4fbf-beb9-cd8b19187dad,E-Rank Essence Stone,collectible,1,2026-10-03 22:02:32
aee6fb37-95fe-4573-bc42-3e45d46cb950,Vermillion,collectible,3,2026-10-03 22:02:32
31944bea-3443-4497-8387-db84f26750a9,Pyro Machine - Gold Edition,collectible,60,2026-10-03 22:02:32
c59d0246-84e4-476e-a398-f6f9d24a2f58,OLYMPUS SAGA: MEGALITH #1 Variant Cover Poster,collectible,90,2026-10-03 22:02:32
b150dbe8-cbd5-4efe-906d-ae32259f082d,Cannon,collectible,4.39,2026-10-03 22:02:32
e075643b-0f54-43dc-b020-755db00e1b3f,Strobe Light Machine,collectible,2.99,2026-10-03 22:02:32
86e4bade-2c04-426d-af8a-656d258936b0,Single 8d 'War Canoe and Crown' gummed stamp,collectible,4.16,2026-10-03 22:02:32
8f791d43-a31c-406e-90b1-df084c1498ba,Java Joe,collectible,4,2026-10-03 22:02:32
0cb4b46d-a028-4de7-99cd-475145ae10b1,Views of Our Planets - Venus,collectible,2.36,2026-10-03 22:02:32
0c0023fa-0f61-4b7e-9fe3-e6e38ee93f9d,Record #1 - Living In Delusionville - Original,collectible,2.95,2026-10-03 22:02:32
10a300f5-9bd8-4d8f-b1d6-82acc9295399,Magic Mike,collectible,5.99,2026-10-03 22:02:32
2f604b4d-fddf-4120-8dac-8dc4e80db3e3,Crimson Trooper - Crouching,collectible,7,2026-10-03 22:02:32
be788d66-d29a-4d20-bd8c-65a1cbc7e1e1,Bubbly,collectible,7,2026-10-03 22:02:32
885d2aab-8a0c-4c32-924a-51323518866e,Mai Mai,collectible,6.99,2026-10-03 22:02:32
8424b8e4-01ad-4c77-b816-d728bc74b647,Bowling,collectible,7.75,2026-10-03 22:02:32
eedca775-7427-43ed-8911-df08ae0a3cd9,DF9 Turret,collectible,5.6,2026-10-03 22:02:32
8c448663-6552-41cf-8490-1a8c073c38bb,Confetti Machine,collectible,2.8,2026-10-03 22:02:32
53ff9a39-afb8-4a2e-b9de-516d6ea965d5,Laser Beam Machine,collectible,2.8,2026-10-03 22:02:32
6dfe3789-1ad9-4232-a6cd-b657eb90efdd,Pizza Boxes,collectible,1.69,2026-10-03 22:02:32
351f7ac8-be07-48d5-9a66-4b2d65982430,Mimban Trooper - Crouching,collectible,6.66,2026-10-03 22:02:32
81a71914-a1f3-4138-bfb5-bc41c020475f,Shield Generator,collectible,2.22,2026-10-03 22:02:32
553733cf-6ee3-4789-bc97-e4daaaac5dbb,Year of the Rabbid Dragon,collectible,3.99,2026-10-03 22:02:32
7f342f16-83c7-4fa7-93d0-7218c6429617,Collectors at Heart - Gold Pressing,collectible,2.75,2026-10-03 22:02:32
7a94e5de-0de3-492f-a00e-af761e3323e3,Mr. Epiko,collectible,4.2,2026-10-03 22:02:32
90dc4c4d-7177-4fde-9bae-a42dc5ff7e5c,Foster,collectible,4.2,2026-10-03 22:02:32
3c3a194e-bbeb-431d-9b34-09d2f4ce632c,Cherry Bomb,collectible,6.5,2026-10-03 22:02:32
c453fdaf-e57f-4a45-88a6-487d999916b9,Fall,collectible,7,2026-10-03 22:02:32
7a286443-c3d7-4baa-b899-40cb97c80cba,Creepshow Tombstone - Vol. 2 Issue 4,collectible,5.99,2026-10-03 22:02:32
f95a7ade-32c1-48e2-bab0-4dd51faf1d04,Bubble Machine - Gold Edition,collectible,54,2026-10-03 22:02:32
ff142570-e43a-4f7e-8a15-4668b0e4d332,ZAP!,collectible,4.98,2026-10-03 22:02:32
ec460953-de8a-4649-8a68-666bb2f2168b,Weakest Hunter - Frame,collectible,1.59,2026-10-03 22:02:32
54d56b34-9b8e-4f52-90df-185eb9935a2d,Felix – Distant Flame,collectible,4.58,2026-10-03 22:02:32
1870263e-2611-48da-9ebc-aca9bbb85c45,Aquatic Plant - Plush Pink,collectible,3.28,2026-10-03 22:02:32
b9a084ef-c5cc-4066-b335-102664bd1b44,Grenade Green,collectible,8,2026-10-03 22:02:32
f6717b76-db8d-48af-bffd-d7016ac4a83d,C-Rank Essence Stone,collectible,1.25,2026-10-03 22:02:32
438829a3-1ddf-43ef-a849-d05292e7937f,Night Trooper - Marching,collectible,1.55,2026-10-03 22:02:32
0b5e951b-09bd-4b29-9db9-d7ca4814d92c,Janie,collectible,4,2026-10-03 22:02:32
04c1b81f-a6c9-4c57-be41-5f25001cfe44,Epiko Logo - Original,collectible,3.98,2026-10-03 22:02:32
f1de663b-7b08-41a4-8ff9-6e21de97cd36,Giving and Receiving,collectible,2.38,2026-10-03 22:02:32
a738176f-3b62-4024-bcaf-222086173831,MOUSE Season One Movie Poster,collectible,14.95,2026-10-03 22:02:32
52faf771-f91f-42f1-9599-ce473644cb2c,Nozzle Eye - Fractured Stone,collectible,12.11,2026-10-03 22:02:32
235b8120-4c54-4b9c-afa5-414af205002a,Happy New Year! 2026 - Tier 5,collectible,1.22,2026-10-03 22:02:32
180c9444-99fb-41ec-b15c-f6b1f9be8054,RUNNING MON ver. NATURE,collectible,2.64,2026-10-03 22:02:32
12398a86-44e9-43cb-b15e-f8441aa6b284,Rogue & Gambit - Kinetic Kiss,collectible,15,2026-10-03 22:02:32
2bcdb600-76bf-4816-b44a-d298beb6417f,Flower’s Base,collectible,2.99,2026-10-03 22:02:32
d913a319-3a18-4250-a949-07f42a19424f,Record #8 - Duck Luck - Original,collectible,2.5,2026-10-03 22:02:32
855a0885-86cc-4e17-917f-5968793a0d99,Brewsky,collectible,6,2026-10-03 22:02:32
6c3d7340-42a1-4565-b5bf-b8f435ac97e5,Record #5 - Ronnnie Rabbbit - Gold,collectible,4.99,2026-10-03 22:02:32
b5ee952e-4674-41a1-a985-17664336e905,"Good Food, Good Fortune",collectible,2.3,2026-10-03 22:02:32
c574d86b-b2cd-4f50-9a83-880d74348d52,Yolanda Styles,collectible,2.99,2026-10-03 22:02:32
1f0a1a89-e8d4-4d4c-a841-3ffa19df4d01,David’s Doo Black,collectible,2.12,2026-10-03 22:02:32
af9d158d-2149-4212-afd4-d66e6e98721f,Anakin’s Podracer Base,collectible,7.5,2026-10-03 22:02:32
c87d68f0-dbcd-4fb9-b472-bb7fd8381046,Brown Horse Ver.,collectible,3.25,2026-10-03 22:02:32
9d9643bc-a33f-4a4b-a397-7162e4cff142,Nijiko,collectible,4,2026-10-03 22:02:32
499c8aca-e5c2-45f8-a330-2f773ce0d67e,BLACKPINK NEON LIGHT - ROSÉ,collectible,24.99,2026-10-03 22:02:32
f9b0cd1a-7796-43c4-afcf-ac938ba83f71,Jolene McBean,collectible,2.9,2026-10-03 22:02:32
ed8ba50a-5cdd-4844-aff9-fdd5c741d9bf,Flerkitten 1,collectible,5,2026-10-03 22:02:32
71e624e1-3660-49d6-a6a8-707dd61803da,POW! - Gold,collectible,39.9,2026-10-03 22:02:32
6974b69e-b502-4bd8-820e-9b876cb02c9f,Single 6d 'Kiwi' gummed stamp,collectible,2.59,2026-10-03 22:02:32
f55262b2-53a9-4ee9-b55c-c8635a3ae308,Sometimes I Think I Don’t Know You Anymore (3 of 7),collectible,59,2026-10-03 22:02:32
70005252-4f58-49b4-962d-e099f64cf57c,Record #2 - Fame Finds The Village Idiot - Gold,collectible,4.56,2026-10-03 22:02:32
c8f0ded7-7052-4e35-be76-cb7353ad924b,Monovader - Chrome,collectible,3.5,2026-10-03 22:02:32
0b30dddf-3574-418d-a501-118c913472bf,Poultry Tank,collectible,3,2026-10-03 22:02:32
cb514393-4ab4-4042-afcf-33e6083341ed,Collectors at Heart - Vinyl Pressing,collectible,1.22,2026-10-03 22:02:32
9981470b-b00a-421d-b89d-5492fc1e170d,Aquatic Plant - Big Bronze 1,collectible,2.73,2026-10-03 22:02:32
0352cd90-432a-49f9-bc46-a3f12f8e8d8f,Monovader - Heart of Play,collectible,5.5,2026-10-03 22:02:32
df4040f2-18a2-42d7-b67b-ede12c684102,BLAM!,collectible,2,2026-10-03 22:02:32
bc64c1a9-5efe-4b52-824d-27ffed8b13e4,Lightning,collectible,2.49,2026-10-03 22:02:32
51405ddc-4d53-4814-be00-9a99581ab6ed,Hammerhead Shark Car,collectible,2.73,2026-10-03 22:02:32
b5d881ee-489b-4b13-8a1d-7785c7862818,Monovader - Lord of the Boom,collectible,2.5,2026-10-03 22:02:32
43bb7950-19b2-4687-b6da-de526c651fc1,Vincent Mascot,collectible,9.9,2026-10-03 22:02:32
ca6b36f9-e72b-4e29-95da-b1c4a3626242,Snow,collectible,1,2026-10-03 22:02:32
0cd81d92-e369-4339-bb20-d64a7076c4e7,Radiant Peach,collectible,4,2026-10-03 22:02:32
15ce5afc-3082-4582-b6e5-bf6e27163351,Record #9 - Everyone is Jealous of Me - Original,collectible,2,2026-10-03 22:02:32
ec00071b-05f6-4fbd-9b35-cbcbfb88c996,Mr. V,collectible,3.08,2026-10-03 22:02:32
dc95f612-2180-42fe-bb03-e955a6644aa0,Delusionville Record S6 “Last Place is First Place” - Original,collectible,1.99,2026-10-03 22:02:32
7603c0c6-05e4-4a0e-b243-5045ceb07aa0,Nozzle Eye - Pyroscorch,collectible,19.2,2026-10-03 22:02:32
2c3b5185-c87d-440e-a040-902aacc1d57d,Monovader - Blue Mic Theory,collectible,3,2026-10-03 22:02:32
81cb0032-6589-41e2-ad05-f12815a5fba9,David - Golden Path,collectible,4.4,2026-10-03 22:02:32
e40757b8-e94a-4d42-9cea-eac01ad804e8,RUNNING MON ver. BIG HORN,collectible,2,2026-10-03 22:02:32
e4be1d9c-8e01-482e-a344-abd21adf9e98,RUNNING MON ver. YETTI,collectible,1.98,2026-10-03 22:02:32
c99e3fba-dfdd-4753-82f2-408f461e606c,BAM! - Gold,collectible,32,2026-10-03 22:02:32
6c08d7b3-d794-4fd2-a9c3-1d73f7c740f1,Snail Car,collectible,2.5,2026-10-03 22:02:32
4341b3be-9752-49e6-8757-22abc4e0e105,Mech Bobo - Copper,collectible,25,2026-10-03 22:02:32
8684b674-49b4-4ece-aa1e-510ed9e5ebaf,Ash - Dark,collectible,55,2026-10-03 22:02:32
754ec0f3-cbd5-4854-893d-608d5fa74631,Nemo,collectible,22,2026-10-03 22:02:32
b1ee08d9-b169-4f69-aa6c-51ad7241481b,Stagecoach Dragster,collectible,2.39,2026-10-03 22:02:32
8c8416ab-c092-4aec-ace1-d90f90fe4de6,The Laboratory (1 of 7),collectible,45,2026-10-03 22:02:32
9d4e2fb1-1088-45dd-95d8-fdbbdd731b92,Ezio Auditore da Firenze Special Edition,collectible,30,2026-10-03 22:02:32
c426317d-b464-46a4-b334-e73595f2afbd,Connor - The Silent Sentinel Special Edition,collectible,30,2026-10-03 22:02:32
7efd4b22-d45f-4f75-af36-27a689239f26,Collectors Heart,collectible,4,2026-10-03 22:02:32
375e383d-9421-43dc-a1de-19703274118f,Snow - Dark,collectible,29.99,2026-10-03 22:02:32
ee2cc7c4-19c2-4b7f-818c-ed5e3c2d8713,Don’t Use Me as a Prop! (6 of 7),collectible,44.44,2026-10-03 22:02:32
9f2eea80-00a1-4aa5-a548-8d21aa1b9387,Pucker Up,collectible,3.92,2026-10-03 22:02:32
08ed38aa-561e-4a86-b64e-434f4fcfe1b2,Guitar Tank,collectible,2.28,2026-10-03 22:02:32
f108a1b1-62eb-473c-88d0-3d340255f4d7,Beach Prank,collectible,1.99,2026-10-03 22:02:32
73255fe7-c9e7-489a-a3bd-547b9b87a8a5,Ash,collectible,3.4,2026-10-03 22:02:32
bf42d73e-2563-4cb3-b91f-11863d43d161,Warriors Of Mars,collectible,2000,2026-10-03 22:02:32
12787b3e-79ae-4836-99f7-35986f5dee8b,Dan - Be Like Water,collectible,3.79,2026-10-03 22:02:32
182d55b2-23c7-4270-8f44-16682cc07eec,Record #2 - Fame Finds The Village Idiot - Original,collectible,1.66,2026-10-03 22:02:32
9f87e40a-7c24-41b8-bfef-449010476738,Secret Santa,collectible,3.79,2026-10-03 22:02:32
0aed9e36-107d-45dc-b81c-21dc739f946f,Shark Car,collectible,2.2,2026-10-03 22:02:32
a9bd25e9-7deb-403f-9710-15314e0bc689,Acrobatic Surfing,collectible,1.3,2026-10-03 22:02:32
f041f000-c80f-424b-b9db-5a77eb477714,‍‍Sebulba’s Podracer Base,collectible,5.99,2026-10-03 22:02:32
16e0d43f-4821-4e27-b2d6-09e48466ab3e,WHAM!,collectible,1.05,2026-10-03 22:02:32
d90a73fb-fcef-4c6c-bf36-acfe1f371cf5,Record #3 - Ascension - Original,collectible,1.6,2026-10-03 22:02:32
a014add6-fbf9-487e-bed7-a6b458e27d5d,En Garde!,collectible,3.6,2026-10-03 22:02:32
6034d020-5c76-46b5-aa1e-56011181936e,Graffi ver. Red,collectible,1.37,2026-10-03 22:02:32
1856537d-7c29-4e52-815a-bff276fbe80b,Whiskey Tango,collectible,15,2026-10-03 22:02:32
a6df862b-5cb3-4014-a6c8-0f7352bd5c24,Finn McWiggles,collectible,2.57,2026-10-03 22:02:32
dad4a528-bf35-4985-a7bb-beb42c14959a,Nozzle Eye - Kintsugi,collectible,9.9,2026-10-03 22:02:32
db6dbd09-d264-4afd-8b2b-030e09e6dcd8,Marco from Queens,collectible,4.68,2026-10-03 22:02:32
a017670a-cfa3-480d-900a-c8355d4a3a27,RUNNING MON ver. SASQUATCH,collectible,3,2026-10-03 22:02:32
ba2e8d06-c0f8-40dd-ba0d-594001238a1a,Graffi ver. Black,collectible,1.8,2026-10-03 22:02:32
538d7c66-16e6-46ac-9678-f2a60c0772f0,Record #4 - I Am Nothing - Original,collectible,1.5,2026-10-03 22:02:32
e3b0fb35-bbf9-4386-8899-a620002690a2,Jubilee - Flash Forward Special Edition,collectible,20,2026-10-03 22:02:32
04b39949-c8f8-4033-9408-0c6e83db4440,Corey - Blue Metallic,collectible,20,2026-10-03 22:02:32
3e721ba5-054c-4913-8a2a-e4c09183262c,Basim - Hidden One,collectible,40,2026-10-03 22:02:32
5a83120d-b4c0-4982-85d7-3046dd7d5f4f,Rain,collectible,1,2026-10-03 22:02:32
e12e243b-e88f-4622-b0da-599c54385255,ZAP! - Gold,collectible,40,2026-10-03 22:02:32
56e37533-18ed-4402-8576-4dbb4a7d2bcd,Venetia (2021),collectible,50,2026-10-03 22:02:32
2a576f3c-561a-4a5c-89ea-9863944ee329,The Public Image (5 of 7),collectible,34,2026-10-03 22:02:32
f7b1ac32-1be4-49fd-8359-771e739da940,Nozzle Eye - Ghostlight,collectible,6.25,2026-10-03 22:02:32
eb2b8652-44a4-4f81-9149-dd50d0796f0d,Laser Beam Machine - Gold Edition,collectible,25,2026-10-03 22:02:32
623d2c10-c843-4de5-9beb-2c74cf5460df,Gambit - Trenchcoat Tactician Special Edition,collectible,15,2026-10-03 22:02:32
32b8c5bc-2e4a-43c8-abb4-9561c3388763,The Cimmerian - The Frost-Giant's Daughter #1,collectible,1500,2026-10-03 22:02:32
08a2b238-3dca-4780-8f60-6e50289364d4,Rain - Dark,collectible,25,2026-10-03 22:02:32
431c6749-4010-45c0-9af3-8bb0caa5f31c,Taking it Back (7 of 7),collectible,27.8,2026-10-03 22:02:32
dfe57b87-b523-412b-89db-1edd7861f2a7,Don’t Use Me as a Prop! - Special Edition,collectible,1250,2026-10-03 22:02:32
732f997a-5675-4415-a101-6268566a844a,Namor - Avengers 2018,collectible,30,2026-10-03 22:02:32
fbee4cac-4007-49a7-8662-acf27af59267,Lightning - Dark,collectible,23,2026-10-03 22:02:32
258379d9-b2e1-48c4-8641-6c98771a6ebe,Master Splinter - Zen Pose,collectible,40,2026-10-03 22:02:32
a41b032c-1fa3-4973-b2d7-d2d3a49f1120,Don’t You Think That’s a Little Obvious? (4 of 7),collectible,22.8,2026-10-03 22:02:32
69ac3f5c-a2a4-4e20-82cb-412608386e48,Winter Soldier – Vigilant Guard Special Edition,collectible,25,2026-10-03 22:02:32
bd3d24d7-8efe-47eb-aa6e-0b63dfb93dbd,Edo Scout Trooper - Take Aim,collectible,20,2026-10-03 22:02:32
41246555-75f5-4901-a073-96c151dc504d,Edo Stormtrooper - Drawn and Ready,collectible,20,2026-10-03 22:02:32
f07ae654-0405-47a9-8002-328c945722d1,Katara - Water Master,collectible,40,2026-10-03 22:02:32
61d4cfc7-c5a7-46a0-a4b1-6e1ef4da6f78,Gekido #1 - Tricity: Goddess of Lightning Ver. 2.0,collectible,999,2026-10-03 22:02:32
7c5e7611-0e0f-4000-b5ed-0134ee7279f5,Coca-Cola – 1899 Empty Bottle,collectible,10,2026-10-03 22:02:32
b5f16b83-1627-4520-ba7d-375a6311f089,Female Eivor - Skyforged Vow,collectible,30,2026-10-03 22:02:32
58aaa0a6-0448-4332-9bab-2819985269c8,Joseon Tiger,collectible,15,2026-10-03 22:02:32
22434091-c9c0-4ed8-b2f5-d9b591efb60e,Foster - Blue Metallic,collectible,20,2026-10-03 22:02:32
e5e0de12-2189-4143-a87d-162190fbf553,Max - Blue Metallic,collectible,20,2026-10-03 22:02:32
514922bc-dbf7-45f2-b928-ed81cfe8d1df,Death Trooper Pistol - Prone,collectible,10,2026-10-03 22:02:32
ef2d6f11-7446-45e9-b716-27384950c67b,LISA - Diamond Special Edition,collectible,14.99,2026-10-03 22:02:32
8234b4ab-7a62-45ba-981b-3f3dabd6ef14,Black Horse Ver.,collectible,15,2026-10-03 22:02:32
b28c3d9c-1088-4161-8911-e3c9f4e4c644,CIARA ver. Empty Layers,collectible,14.99,2026-10-03 22:02:32
51de5b67-373c-4c01-bf96-4bab24cd6137,Kick,collectible,20,2026-10-03 22:02:32
a86cc68d-be1a-49c8-a123-96c5959b7ca3,Sewer Manhole - Gold,collectible,5,2026-10-03 22:02:32
a5e05f46-88a0-4c1c-8350-4dc52beeb78d,Paddle Ball - Gold,collectible,15,2026-10-03 22:02:32
083c31b8-474b-42da-9647-c95b64d87020,Secret Santa - Gold,collectible,15,2026-10-03 22:02:32
8f3722f4-1a4e-401e-a861-e4aa21f69992,Fear Memory Orb,collectible,5,2026-10-03 22:02:32
3d88ba4b-380b-475d-b42f-defe0965a375,Disgust Memory Orb,collectible,5,2026-10-03 22:02:32
1c18f6f3-aa1d-4de1-a77d-f67ef47c2836,Sadness Memory Orb,collectible,5,2026-10-03 22:02:32
9ea827c9-bce0-4880-a9b2-8a07d4da4d08,Sun - Dark,collectible,5,2026-10-03 22:02:32
aa2eca84-2409-42bb-8458-6108d018e131,Butterfly - Iridescent,collectible,55,2026-10-03 22:02:32
f14a489f-7da4-4ae3-8b4a-fcbea174570b,Nozzle Eye - Prism,collectible,20,2026-10-03 22:02:32
2e31455d-8c38-405d-b2f6-50b2e5d27ea0,Iron Man,collectible,69.99,2026-10-03 23:06:35
3130ce08-f883-459b-a3a8-e54752605f2b,Steve Rogers - On Guard,collectible,16.99,2026-10-03 23:06:35
7a736163-6ff5-446d-9a74-c73fa1959e2c,Dragon Girl - Gold,collectible,129,2026-10-03 23:06:35
5806d270-96fc-4b54-a107-de5318e69770,Flower Bomber (Patina Bronze Edition),collectible,3000,2026-10-03 23:06:35
ebf0810d-353d-49d2-9fd8-032aaae61f6a,Magic Lamp from Aladdin,collectible,19.95,2026-10-03 23:06:35
39caa0d4-acd8-4b57-8c74-77f777370153,Dark Lord of the Sith,collectible,14.95,2026-10-03 23:06:35
49c60b18-a5c4-45c9-8fc3-27c123f93d1c,Drug ’em Killfrog,collectible,29.99,2026-10-03 23:06:35
fc78ca94-4db6-40bb-841c-92f516444be6,Aang - Spirit World,collectible,375,2026-10-03 23:06:35
94e3db13-8cbc-4673-92c0-c75c2d627aa2,Holiday Groot – Ultimate Animated,collectible,7.8,2026-10-03 23:06:35
1969839e-04bc-4433-801f-3a2007e410f4,You'll find that I’m full of surprises,collectible,18.99,2026-10-03 23:06:35
1f7f450e-d3af-451c-978b-158aad824e9d,Storm – Mistress of the Elements,collectible,3.88,2026-10-03 23:06:35
d6a2d52f-b2ba-4b15-97e8-b5617118f912,Turtle Catapult,collectible,18.99,2026-10-03 23:06:35
4ceba0e1-b6d4-48a0-a9ad-da51cb24f16c,"Focus, Please!",collectible,4,2026-10-03 23:06:35
8126c77c-ac97-4851-83be-4f95e29b9ec4,Year of the Rat,collectible,55,2026-10-03 23:06:35
43712ae0-657d-4562-b686-5217abbe030f,Laughing Rabbids,collectible,80,2026-10-03 23:06:35
bfce2c61-9279-4ba2-a27b-fedd5db3672e,Oceania,collectible,4,2026-10-03 23:06:35
455c863a-8802-447c-a952-24462371b732,Big Trouble (Original Colourway),collectible,38,2026-10-03 23:06:35
0433455f-ebd3-447d-bb00-347564d5f6a4,Guile Story,collectible,135,2026-10-03 23:06:35
68649d9c-b610-4ac0-a07a-f14a1fca6585,Raphael - Classic,collectible,10.44,2026-10-03 23:06:35
62fc1db4-c7bc-491f-b158-a5258448b10a,Doodle Pencil,collectible,47.99,2026-10-03 23:06:35
28a1888a-082b-4cd3-9e92-aaec901f84c6,Ghostbear - Blue,collectible,21,2026-10-03 23:06:35
6bed5e9b-bb3d-49f5-b7ba-33492ec891a0,Pogo,collectible,7,2026-10-03 23:06:35
8fc5ef65-80b8-4b61-9cad-3a8de0cc472a,Nessie,collectible,2.38,2026-10-03 23:06:35
d191323b-5da1-4ccd-ba23-1a44c2ae6e85,The Love Space Gives - Tara McPherson,collectible,14.99,2026-10-03 23:06:35
484dde9a-1cf6-441d-afd8-896155686657,AT-AT,collectible,18,2026-10-03 23:06:35
6ea861be-16f5-4832-a6ec-da215c4fe3b6,Mutagen,collectible,3.99,2026-10-03 23:06:35
9968a51e-c7ba-4b11-ace9-4ab3f1e7410c,1938 Andrew Jackson,collectible,1.6,2026-10-03 23:06:35
885d2aab-8a0c-4c32-924a-51323518866e,Mai Mai,collectible,8.9,2026-10-03 23:06:35
53ff9a39-afb8-4a2e-b9de-516d6ea965d5,Laser Beam Machine,collectible,3.49,2026-10-03 23:06:35
f57e1a2b-be41-4007-8d67-7fac23b39b70,Pyro Machine,collectible,3.19,2026-10-03 23:06:35
0b5e951b-09bd-4b29-9db9-d7ca4814d92c,Janie,collectible,4.9,2026-10-03 23:06:35
8c448663-6552-41cf-8490-1a8c073c38bb,Confetti Machine,collectible,2.97,2026-10-03 23:06:35
c59d0246-84e4-476e-a398-f6f9d24a2f58,OLYMPUS SAGA: MEGALITH #1 Variant Cover Poster,collectible,88,2026-10-03 23:06:35
7f8db4ca-e2d2-4750-80dc-92f122da0bd0,Birdie,collectible,6.9,2026-10-03 23:06:35
1f0a1a89-e8d4-4d4c-a841-3ffa19df4d01,David’s Doo Black,collectible,2,2026-10-03 23:06:35
e12e243b-e88f-4622-b0da-599c54385255,ZAP! - Gold,collectible,59,2026-10-03 23:06:35
6034d020-5c76-46b5-aa1e-56011181936e,Graffi ver. Red,collectible,1.38,2026-10-03 23:06:35
9c1ba3e2-9e84-4987-8704-0044f03f509b,The Spy Who Loved Me - Hungarian Poster,collectible,1999.95,2026-10-04 00:09:40
9df59b34-4aa2-44c5-9ba8-101f9f31bff8,S3LF MADE - Brett Crawford,collectible,899,2026-10-04 00:09:40
75677539-6781-4d04-9361-54a43fd8ad17,The Skywalker Lightsaber,collectible,10,2026-10-04 00:09:40
aeebac53-63e3-461e-8158-59726476d16e,David Yu - Blue Metallic,collectible,1337,2026-10-04 00:09:40
db84116f-f2e1-42c7-a77b-d8cc552931e7,Zombie Captain America #2,collectible,23.99,2026-10-04 00:09:40
53c4a149-6786-4946-a052-7267e8eb7feb,#06 Mike Mignola Batman - Blue & Yellow Variant,collectible,63,2026-10-04 00:09:40
9ab7ce3a-cdc7-4d0c-bd6c-9063a85f8271,Stay Puft Marshmallow Man,collectible,17,2026-10-04 00:09:40
53ffd4dc-2ac7-4c1f-bca1-78c4316201a0,Rogue - X-Treme Force,collectible,199.95,2026-10-04 00:09:40
924d7c50-71d1-4f66-a510-3d037c7d2353,Olaf,collectible,39,2026-10-04 00:09:40
91438ab3-2dac-4a9b-b4cd-e9707a6761ac,Bullheaded DirtyTrooper - Brian Viveros,collectible,69,2026-10-04 00:09:40
3a4281ad-3a31-4548-8eb2-2a23374925ed,Good Robot,collectible,155,2026-10-04 00:09:40
4e3995e4-db33-43c6-8198-7bfbeeda6935,VeVe Level 100 Logo v2,collectible,498,2026-10-04 00:09:40
498009da-d0bd-48a5-824d-cd038af77cff,Remember Us - Vital Voices I,collectible,19,2026-10-04 00:09:40
0339d145-bec4-41e5-895b-155f6368ab44,Chrysalis - Hueman,collectible,28.99,2026-10-04 00:09:40
1f3da159-b35e-4128-a634-de4a163cc587,Eagle Eyes - Blue Metallic,collectible,398,2026-10-04 00:09:40
2b465114-39b1-46e5-9b27-b8d378a6803b,Robotic (2021),collectible,49,2026-10-04 00:09:40
62fc1db4-c7bc-491f-b158-a5258448b10a,Doodle Pencil,collectible,47,2026-10-04 00:09:40
ec1ee9f4-8389-4f8b-9303-cbe02d2ba0c6,Young Warhol,collectible,11,2026-10-04 00:09:40
38eb4855-5bfe-40a3-922d-54dc7fb3520b,Remember Us - Vital Voices II,collectible,12.99,2026-10-04 00:09:40
55763632-4321-4e20-a3db-34e96f554cd1,Mogul Grin - Greed Green,collectible,23,2026-10-04 00:09:40
3e6d30b3-6a2f-41e9-928e-55bb14ceb61d,Creepshow Tombstone - Tales of Suspense and Horror Cover,collectible,199.95,2026-10-04 00:09:40
01a4a280-5430-43fc-9a29-0d627237d628,Mjolnir - Thor,collectible,8,2026-10-04 00:09:40
b149cbb9-24dd-4c75-845b-2a46dcf15767,Mr. BONES - Boxer and Blocker - Ron the Killer,collectible,29,2026-10-04 00:09:40
e1bfbd3e-584f-40ef-b986-4fb4b7bf79e2,Grenade Orange,collectible,90,2026-10-04 00:09:40
a30df18f-9296-45e9-9c33-5fbbaf5a5a9d,VeVe 2025 Trophy,collectible,999.95,2026-10-04 00:09:40
ddf2c6f3-c931-46b3-88ac-1fad7fc942ef,Provider - Allison Bamcat,collectible,9.5,2026-10-04 00:09:40
532afaf1-185a-4b85-bb4e-8df290a889d4,Daxx,collectible,15,2026-10-04 00:09:40
63f8050d-d06c-44ae-8035-cec4efa28fab,The Park Sign,collectible,44.95,2026-10-04 00:09:40
30341e3d-3fd2-49bc-b52e-cb539458aee5,LUV,collectible,13,2026-10-04 00:09:40
a18440b9-4f7e-4136-986a-c8801a8b981b,VeVe Christmas Tree - Platinum,collectible,2.5,2026-10-04 00:09:40
d37184af-298d-4b47-ae13-819fb234b80d,Episode 12 - Arise,collectible,2.39,2026-10-04 00:09:40
2ab60547-aaf6-4120-828d-cc6372ac3335,Sewer Manhole - Silver,collectible,2.29,2026-10-04 00:09:40
49c60b18-a5c4-45c9-8fc3-27c123f93d1c,Drug ’em Killfrog,collectible,19.99,2026-10-04 01:11:41
722b09ee-0fc7-4ee4-99ca-08cc05eb0852,Party Wagon,collectible,15,2026-10-04 01:11:41
a59d9661-2544-46d1-841c-b773f0330c94,Sarah Sanderson,collectible,14.97,2026-10-04 01:11:41
faa51bbb-63ce-4280-91bd-b3573e1293a2,Jackson Storm,collectible,20,2026-10-04 01:11:41
f4bc0c5c-c12e-41c9-8062-f33011a17ef8,Light Stick,collectible,39,2026-10-04 01:11:41
6d9ad08b-e959-44c1-a5f0-0f0563274de4,Silver Light Stick,collectible,45,2026-10-04 01:11:41
867dc17b-9dbd-4fe5-818d-d7b02c34f79f,The ADDICTION Silver Logo,collectible,33.33,2026-10-04 01:11:41
e4b154b1-68ca-4459-8f68-5707e6fbaff1,Strolling Together,collectible,15,2026-10-04 01:11:41
42ed9c27-7acd-4e87-9305-431016406b79,Record #3 - Ascension - Gold,collectible,15,2026-10-04 01:11:41
3433ffd5-0721-4346-b556-8ff18d545c27,Mickey Sorcerer's Hat,collectible,115,2026-10-04 02:15:31
70fa2eb4-2890-4d80-92cf-f94c006583de,Cryo-Can,collectible,450,2026-10-04 02:15:31
7ae4653c-f3d9-44ed-85ee-8dd338ba0e3a,Lamborghini Countach LP 400 - Nero Tenebre,collectible,2200,2026-10-04 02:15:31
28ed3953-b326-4d02-aa27-d472e939f213,One Above All,collectible,550,2026-10-04 02:15:31
2789bea1-b535-4f44-a21e-0b8f003e9038,Ride the Lightning Board v2,collectible,399,2026-10-04 02:15:31
86d59fbf-23ee-491d-bdce-9a8c5de94285,LISA Pink Venom Card,collectible,110,2026-10-04 02:15:31
84717424-94be-4da6-a2d8-54d291c64e66,Sung Jinwoo - The Awakened,collectible,110,2026-10-04 02:15:31
87876723-9df8-4d39-a1fe-fbecf4b4788a,Supergirl,collectible,5,2026-10-04 02:15:31
4804e172-42a2-419f-b1f0-431ece52c00a,Deadpool – Ugly Sweater Party,collectible,2,2026-10-04 02:15:31
f269d094-71dc-4cc9-a2c2-b3de82fe8cb7,Sket One - Boo Crew - OG White,collectible,45,2026-10-04 02:15:31
434aef90-307d-4045-ac6d-b34a00a4f843,Island Spirit,collectible,11.99,2026-10-04 02:15:31
d0122a89-aac8-4527-a413-7267041c59be,VeVe Reveal,collectible,39,2026-10-04 02:15:31
92635283-99b4-4597-ba69-01e39ccba334,Master Splinter - Father Figure,collectible,4.3,2026-10-04 02:15:31
2ab60547-aaf6-4120-828d-cc6372ac3335,Sewer Manhole - Silver,collectible,2.7,2026-10-04 02:15:31
b63e3aba-de6d-45e1-b371-bcec12a2a14a,VeVe Logo Gold Silver,collectible,9500,2026-10-04 03:18:44
70fa2eb4-2890-4d80-92cf-f94c006583de,Cryo-Can,collectible,399,2026-10-04 03:18:44
bfefe48f-8fd8-4c5d-973c-c9bd5013ae18,Espresso Bobo,collectible,299,2026-10-04 03:18:44
d8d99355-5b95-4f3a-b229-fe29f8be5001,Leonardo - IncogNinja,collectible,49,2026-10-04 03:18:44
d37184af-298d-4b47-ae13-819fb234b80d,Episode 12 - Arise,collectible,2.9,2026-10-04 03:18:44
7f8db4ca-e2d2-4750-80dc-92f122da0bd0,Birdie,collectible,9.5,2026-10-04 03:18:44
8c448663-6552-41cf-8490-1a8c073c38bb,Confetti Machine,collectible,2.47,2026-10-04 03:18:44
16c33ccb-f980-45d1-b27a-9b1d64e5bd24,Ghostbusters I Logo - Platinum,collectible,3900,2026-10-04 04:19:50
e8064631-1c9d-408a-ada4-7534693c8c12,Sentinel,collectible,4,2026-10-04 04:19:50
7a50712b-8a87-4d4c-9e0b-90e23cfd7441,Night Trooper Exposed,collectible,1.5,2026-10-04 04:19:50
15bae0a8-1f0c-46b6-bd3c-be44b169e73f,Songhak - The Pine and the Crane,collectible,7,2026-10-04 04:19:50
fc943f7c-7e87-4f6e-b38e-8bc02c6cf7a6,Spider-Man – The Amazing Spider-Man,collectible,54.5,2026-10-04 05:21:39
ee27ac13-2e51-4cda-925f-595060735022,ECOMI Logo Red Silver,collectible,2550,2026-10-04 05:21:39
be044aa7-1495-4b34-a3a6-b7303affcdae,Thor - Animated,collectible,49.99,2026-10-04 05:21:39
ed0b5426-051d-476a-ab2c-9cb671cfe32b,Elmo - Gold,collectible,500,2026-10-04 05:21:39
184a587d-540c-4325-9698-898245cfef9d,Tiana,collectible,38,2026-10-04 05:21:39
0339d145-bec4-41e5-895b-155f6368ab44,Chrysalis - Hueman,collectible,28,2026-10-04 05:21:39
12a68b57-417a-46ba-9683-df8a69eb8ba0,Coraline,collectible,3.47,2026-10-04 05:21:39
12dff1c4-fdb0-4cb4-aa52-634554f9a882,Mulan,collectible,24,2026-10-04 05:21:39
6acfb7ff-9530-41a3-8cc1-fa145da1786d,Yurameki,collectible,24,2026-10-04 05:21:39
5497ea9d-fe33-40c2-9522-e69ebcec2bd2,Super Grover,collectible,24,2026-10-04 05:21:39
b149cbb9-24dd-4c75-845b-2a46dcf15767,Mr. BONES - Boxer and Blocker - Ron the Killer,collectible,28,2026-10-04 05:21:39
1db6245f-f677-4fd1-a985-78d1568e2514,Boneless - Lincoln Design Co,collectible,19,2026-10-04 05:21:39
6e755ce2-7a00-4477-b04a-9884ec9f3857,Head Over Heels Toby,collectible,2.11,2026-10-04 05:21:39
3a104aa7-b5ba-4bd1-8197-dd402dbd46bf,Night Trooper,collectible,1.75,2026-10-04 05:21:39
4a78436c-cada-4d87-b06b-0e46e09013e1,Views of Our Planets - Saturn,collectible,9,2026-10-04 05:21:39
cb97cff7-1685-4170-981d-a31ceb40defa,Calm Mint,collectible,3.48,2026-10-04 05:21:39
a877e714-7bbc-4a8a-95a0-4cd087216f99,Maido & Kanpai,collectible,9,2026-10-04 05:21:39
7f342f16-83c7-4fa7-93d0-7218c6429617,Collectors at Heart - Gold Pressing,collectible,3.44,2026-10-04 05:21:39
4ed555bb-e861-4923-b047-95006e7526e5,Views of Our Planets - Mars,collectible,3.38,2026-10-04 05:21:39
438829a3-1ddf-43ef-a849-d05292e7937f,Night Trooper - Marching,collectible,1.6,2026-10-04 05:21:39
a659bbc2-45cd-4f72-9ca2-7e92a245d05f,#97 Joe Madureira Batman,collectible,62,2026-10-04 06:23:50
ebf0810d-353d-49d2-9fd8-032aaae61f6a,Magic Lamp from Aladdin,collectible,18.99,2026-10-04 06:23:50
eeb7939b-babf-4b2d-a078-36a40321043a,Ultraman Ace,collectible,49.99,2026-10-04 06:23:50
75677539-6781-4d04-9361-54a43fd8ad17,The Skywalker Lightsaber,collectible,9,2026-10-04 06:23:50
d9892b14-8126-4b26-901d-a978d6eb5be8,T. rex Animated 2,collectible,45.99,2026-10-04 06:23:50
c6c4987d-df55-48bf-b727-655b73668c06,Red Skull,collectible,25.5,2026-10-04 06:23:50
68bd7e8d-5981-4222-b524-593023e05659,L0-LA59,collectible,230,2026-10-04 06:23:50
20ccbff8-c2b0-4298-a254-ef9ae0f1de2b,Thor - The Worthy,collectible,8.99,2026-10-04 06:23:50
aedde9a9-f444-40f5-b1db-0199f84e5c3f,Minnie Mouse,collectible,6,2026-10-04 06:23:50
7e595273-5759-492c-b95d-4db62eaaef88,On Guard,collectible,7.99,2026-10-04 06:23:50
462c5fbb-fc0d-4aec-b7e8-856dea8b4963,Kylo Ren,collectible,5.5,2026-10-04 06:23:50
1d9b6785-9c6a-482b-9720-7bb9ba57acac,Princess Bubblegum,collectible,10.9,2026-10-04 06:23:50
9200fc5a-9913-45cd-addf-5c17bdd006b3,Starlight Orb,collectible,5,2026-10-04 06:23:50
1e30f14b-8d53-451c-a1e4-24ffdc99f44c,Necronomicon (Book of the Dead),collectible,29,2026-10-04 06:23:50
e144ca42-a942-4a0c-8c5f-e30a32c037d9,The World Is Not Enough - Chinese One Sheet,collectible,55,2026-10-04 06:23:50
043ed720-aa2c-49fa-8dd2-9607de31a386,Ken Story,collectible,120,2026-10-04 06:23:50
aab442c6-8b61-485f-b06c-49b9772f7c9b,Imperial Royal Guard,collectible,48,2026-10-04 06:23:50
f5e0f729-c64c-4d77-bdf6-831cc180a9fa,Ikaris,collectible,2.4,2026-10-04 06:23:50
125b902c-7c6e-4262-a58f-4f3e4ee8d195,The Rise of Ultraman #1 - Alex Ross,collectible,5.5,2026-10-04 06:23:50
ba623eaa-2499-424b-8a36-3750ae2e509b,Beast,collectible,11.99,2026-10-04 06:23:50
056eec82-cd43-44a2-90ea-22bc734606da,Bucky Barnes - Action,collectible,21,2026-10-04 06:23:50
6c589db7-e673-4a1a-b87a-af1d0e7da650,Haunted Mansion Poster,collectible,22.22,2026-10-04 06:23:50
1d499ece-1016-4f5a-9140-d029d840146f,Mantis,collectible,3.8,2026-10-04 06:23:50
235b8120-4c54-4b9c-afa5-414af205002a,Happy New Year! 2026 - Tier 5,collectible,1.03,2026-10-04 06:23:50
1a3052a5-729e-4d52-865d-8a6adcfe33fa,Aratech 74-Z Speeder Bike – Patrol Division (Snow),collectible,5,2026-10-04 06:23:50
8745030c-09fa-44c2-be2e-08c2b7fcdc4d,Scythe,collectible,82,2026-10-04 07:24:18
ffabb2e2-810d-4f83-91e7-3d6b80c0f194,Thor - Ultimate Animated,collectible,80.1,2026-10-04 07:24:18
2574a367-7ea1-4f57-be52-f226c2ed6e70,#89 Batman,collectible,9.7,2026-10-04 07:24:18
d9892b14-8126-4b26-901d-a978d6eb5be8,T. rex Animated 2,collectible,45.95,2026-10-04 07:24:18
42727e5d-945e-419f-800d-381d6046c087,Ariel,collectible,115,2026-10-04 07:24:18
426396ef-3b30-4c84-aa70-06e932ddde6c,Finn Mertens,collectible,15.5,2026-10-04 07:24:18
bc50774d-b923-4a5c-8e5d-f25608e1e80e,Batgirl,collectible,7.4,2026-10-04 07:24:18
84717424-94be-4da6-a2d8-54d291c64e66,Sung Jinwoo - The Awakened,collectible,196,2026-10-04 07:24:18
3f233a1f-fe67-4d15-b796-f60845ee3d35,Lightning McQueen: Ka-chow!,collectible,8.9,2026-10-04 07:24:18
ed0b5426-051d-476a-ab2c-9cb671cfe32b,Elmo - Gold,collectible,450,2026-10-04 07:24:18
ea0d07e7-6beb-4178-af18-8673c66d074f,BMO,collectible,11.5,2026-10-04 07:24:18
eb48613e-c8c4-4b68-bfda-59e874f0fbdf,#101 Jim Lee Batman V3 - Blue & Yellow Variant,collectible,25,2026-10-04 07:24:18
83e94f86-f495-4002-a3b1-1123fda8864e,Sleeping Beauty Castle,collectible,51,2026-10-04 07:24:18
0952a89b-b570-4e2f-acf7-63f6174c6a92,Mandalorian,collectible,65.8,2026-10-04 07:24:18
03e6bff4-5dd3-4433-9124-1459f9591096,Ultraman Day Poster,collectible,14,2026-10-04 07:24:18
cfbbc91d-b9ab-4e09-afad-13c93761456c,Mjolnir - Thor: Love and Thunder,collectible,19,2026-10-04 07:24:18
ed756ab9-b7ed-4a1c-a35f-ff171d050cf1,A View To A Kill - US insert,collectible,48,2026-10-04 07:24:18
08ff2277-5ae8-428c-80c1-4cb8df9d6622,Velkhana - Animated,collectible,25,2026-10-04 07:24:18
1954a733-c85c-4260-9ebe-006ca2ea7387,Zinogre,collectible,48,2026-10-04 07:24:18
5dad6c76-0208-4bf4-ba8f-d8f98ef67d79,Star Wars: Episode V The Empire Strikes Back - Re-release Poster,collectible,65,2026-10-04 07:24:18
575b686d-20ac-40df-a304-3968fa7724ce,Sisters Three,collectible,86,2026-10-04 07:24:18
8a23cfee-33f5-4a13-8cff-504d63681262,Trilad,collectible,40,2026-10-04 07:24:18
ec1ee9f4-8389-4f8b-9303-cbe02d2ba0c6,Young Warhol,collectible,11.99,2026-10-04 07:24:18
aeb72fff-a401-468b-b12d-744199d0de22,Day of the Dead Child with Hair Bow,collectible,4.54,2026-10-04 07:24:18
5afd3b4c-4249-4701-b4aa-cd492d804f82,Santa and His Reindeer,collectible,4.49,2026-10-04 07:24:18
9d4e2fb1-1088-45dd-95d8-fdbbdd731b92,Ezio Auditore da Firenze Special Edition,collectible,399,2026-10-04 07:24:18
3a104aa7-b5ba-4bd1-8197-dd402dbd46bf,Night Trooper,collectible,6,2026-10-04 07:24:18
39745827-e17a-4d92-94c3-08461dfd0f2b,Goldfinger - Danish One Sheet Poster,collectible,13,2026-10-04 07:24:18
cbe61eb0-01cd-4e7b-a23d-4950bd6e1855,Riri Williams,collectible,8.4,2026-10-04 07:24:18
6a01e536-cd0d-4122-afea-1654ce59472c,Star Wars: Episode V The Empire Strikes Back - Vader's Helmet,collectible,26,2026-10-04 07:24:18
06b6d347-f3de-4b02-b961-3dcd033cdb85,Ezio - Assassin's Stance,collectible,18,2026-10-04 07:24:18
ae3b97fa-38a8-413c-b2f0-cd0695450755,VeVe Outdoor Guide - Lincoln Design Co.,collectible,34,2026-10-04 07:24:18
7a91fb6d-34a5-45e6-9375-9913fae7900f,The Drop Off,collectible,29,2026-10-04 07:24:18
7a50712b-8a87-4d4c-9e0b-90e23cfd7441,Night Trooper Exposed,collectible,3.5,2026-10-04 07:24:18
7c60e92d-a096-41a5-b222-38ac26ebf894,"Jim Lake, Jr.",collectible,14.3,2026-10-04 07:24:18
7424a029-24e2-4810-8e34-aa8da5cfccf7,Grab Shell Dude!,collectible,14,2026-10-04 07:24:18
0eefeae3-c26a-4c95-b1a5-bd6803d4aeee,Lunar New Year: Dragon,collectible,1.73,2026-10-04 07:24:18
ddf2c6f3-c931-46b3-88ac-1fad7fc942ef,Provider - Allison Bamcat,collectible,9.4,2026-10-04 07:24:18
09081c27-09ed-4245-9521-5d864831e0bc,Winking Santa,collectible,1.35,2026-10-04 07:24:18
3a3f2167-ba4a-4b93-a98b-c45613c3ace4,Draal,collectible,7,2026-10-04 07:24:18
235b8120-4c54-4b9c-afa5-414af205002a,Happy New Year! 2026 - Tier 5,collectible,1.22,2026-10-04 07:24:18
cf3f2223-ece8-4b79-8970-8fca656ea481,Smoke Machine,collectible,1.9,2026-10-04 07:24:18
f57e1a2b-be41-4007-8d67-7fac23b39b70,Pyro Machine,collectible,1.9,2026-10-04 07:24:18
acf1aae9-f70c-4782-830d-71cb124fb808,Batman vs. Killer Croc,collectible,39,2026-10-04 08:31:21
9c1ba3e2-9e84-4987-8704-0044f03f509b,The Spy Who Loved Me - Hungarian Poster,collectible,1950,2026-10-04 08:31:21
3d677e40-ac5d-4c53-83a2-892d8275524e,The Visible Labbit - Neon Edition,collectible,125,2026-10-04 08:31:21
39caa0d4-acd8-4b57-8c74-77f777370153,Dark Lord of the Sith,collectible,14.9,2026-10-04 08:31:21
ce2fb115-5bf2-4e03-aa7b-2a348b36571b,Mickey’s Signature,collectible,172,2026-10-04 08:31:21
b10cb1f5-1eea-4a08-a929-db421e184ec2,Holiday Groot – Merry Groot-Mas,collectible,3.78,2026-10-04 08:31:21
a86cc68d-be1a-49c8-a123-96c5959b7ca3,Sewer Manhole - Gold,collectible,999,2026-10-04 08:31:21
9200fc5a-9913-45cd-addf-5c17bdd006b3,Starlight Orb,collectible,4.9,2026-10-04 08:31:21
a92b2d75-4194-43c2-a82c-cfc1accf4eb8,Stellina,collectible,9.5,2026-10-04 08:31:21
ced96cf7-496b-49f5-8ad7-d4963127a980,Keith - Red Lion,collectible,57,2026-10-04 08:31:21
6a42790c-8c28-43a3-8f73-6e17f3d50eb0,Crimson Stormtrooper,collectible,7.9,2026-10-04 08:31:21
c62142c0-cf6b-4d96-92dd-ad0140ab0a41,Miles Morales,collectible,14.25,2026-10-04 08:31:21
0e356311-25da-401b-a2aa-cf451305175d,Shiro - Black Lion,collectible,34,2026-10-04 08:31:21
0fddd6c6-e19b-4d90-9475-b0844f2ae883,Throg – Frog Of Thunder,collectible,5.9,2026-10-04 08:31:21
f37c5bb1-5803-49d1-b4ef-3e6958c031fb,Hunk - Yellow Lion,collectible,47,2026-10-04 08:31:21
3cb65b13-935b-465c-b293-828d73cfae4d,“It’s Time To Play” Poster,collectible,16,2026-10-04 08:31:21
0459f991-814c-4e82-9d42-2210578b1de1,Queen of Hearts: Not Impressed,collectible,3.2,2026-10-04 08:31:21
bcfde4d8-5fec-45ce-99ee-3b16a62dbc25,Floating Toby,collectible,15.99,2026-10-04 08:31:21
4faa93f0-71d0-4837-b0e9-287a8e103ce0,Thunderball - Danish One Sheet Poster,collectible,45,2026-10-04 08:31:21
87370af9-d59a-4c19-8c2e-3ff9acfcfc71,Season To Be Jolly It Is,collectible,28,2026-10-04 08:31:21
098e02b8-7372-4766-96f5-ca5a156a0914,Love: Brushstrokes (1985),collectible,28.5,2026-10-04 08:31:21
f1335136-3692-4038-925d-330c7a92d231,The Sweet Lips Feesh #384 By KMNDZ,collectible,10,2026-10-04 08:31:21
63feb830-6cf1-4544-b39b-a74ef50bac8d,"Surprise, Minnie!",collectible,16,2026-10-04 08:31:21
7c5e7611-0e0f-4000-b5ed-0134ee7279f5,Coca-Cola – 1899 Empty Bottle,collectible,189.9,2026-10-04 08:31:21
0764efd5-2967-4f8e-89c5-e5839123f198,Chewbacca And Family Wish You a Happy Holiday,collectible,18,2026-10-04 08:31:21
76a7c610-7e7c-4ac4-8d94-ddb22ea336fc,6 Eye - Lincoln Design Co,collectible,35,2026-10-04 08:31:21
8a23cfee-33f5-4a13-8cff-504d63681262,Trilad,collectible,18.99,2026-10-04 08:31:21
543f41f0-e6ca-450a-a738-9776a3e84aaf,Mary Sanderson,collectible,11,2026-10-04 08:31:21
205f1c9a-35f5-4a86-acc6-c968b286398f,MYO - Pink,collectible,36,2026-10-04 08:31:21
af36d0b7-21fc-404d-a6ea-6b5676c9ba30,Hoodie,collectible,13.8,2026-10-04 08:31:21
fccfc777-cc16-4a36-b063-8258d6e69ffe,Boy,collectible,11.5,2026-10-04 08:31:21
855a0885-86cc-4e17-917f-5968793a0d99,Brewsky,collectible,8,2026-10-04 08:31:21
cf3f2223-ece8-4b79-8970-8fca656ea481,Smoke Machine,collectible,3.11,2026-10-04 08:31:21
af9d158d-2149-4212-afd4-d66e6e98721f,Anakin’s Podracer Base,collectible,9.5,2026-10-04 08:31:21
f57e1a2b-be41-4007-8d67-7fac23b39b70,Pyro Machine,collectible,2.99,2026-10-04 08:31:21
8c448663-6552-41cf-8490-1a8c073c38bb,Confetti Machine,collectible,2.97,2026-10-04 08:31:21
30341e3d-3fd2-49bc-b52e-cb539458aee5,LUV,collectible,8,2026-10-04 08:31:21
ec460953-de8a-4649-8a68-666bb2f2168b,Weakest Hunter - Frame,collectible,1.55,2026-10-04 08:31:21
1f0a1a89-e8d4-4d4c-a841-3ffa19df4d01,David’s Doo Black,collectible,2.12,2026-10-04 08:31:21
11f2b172-e206-4644-8256-e51fd7298af2,Winnie the Pooh and Piglet,collectible,24,2026-10-04 09:35:07
acf1aae9-f70c-4782-830d-71cb124fb808,Batman vs. Killer Croc,collectible,22,2026-10-04 09:35:07
95ea8d6d-886d-4c3c-b171-82d23310d2bf,Woody: Hey Howdy Hey!,collectible,9.99,2026-10-04 09:35:07
3f046859-154b-4a76-818f-f94ef4c0d928,Mike Wazowski: I’ve Been Waiting for This My Whole Life!,collectible,8.19,2026-10-04 09:35:07
b633e43b-a4ce-458a-9fba-ae023f2f2bfd,Mickey Mouse,collectible,7.99,2026-10-04 09:35:07
8d14679c-ef72-4a0d-ab39-617170e2e2e5,Quaritch's Banshee,collectible,150,2026-10-04 09:35:07
3f233a1f-fe67-4d15-b796-f60845ee3d35,Lightning McQueen: Ka-chow!,collectible,8.89,2026-10-04 09:35:07
ff3c835b-61d3-44f1-b9d9-1645336bfc25,Black Panther – Panther Pounce,collectible,4.45,2026-10-04 09:35:07
f24a2d80-0214-46ab-9662-0c6e7b69521d,The House from Up: Adventure Is Out There!,collectible,7.68,2026-10-04 09:35:07
87876723-9df8-4d39-a1fe-fbecf4b4788a,Supergirl,collectible,8,2026-10-04 09:35:07
4ba2733e-9df3-4ae7-9392-7f8fbe46bcea,Storm – Windrider,collectible,4.45,2026-10-04 09:35:07
d34e9c60-06e9-456d-9d60-e9f2bd92b7d2,"I’m Buzz Lightyear, I’m always sure",collectible,9.99,2026-10-04 09:35:07
6edf0436-e37c-4e2f-a811-22e5df176765,Edna Mode: Bold! Dramatic! Heroic!,collectible,7.18,2026-10-04 09:35:07
ad1dc02e-0225-47e8-8cbc-93b5b4a7646e,Iron Man,collectible,19,2026-10-04 09:35:07
2af5a235-d387-495e-b01c-b90ca6f71e48,Simba,collectible,19.45,2026-10-04 09:35:07
1a7a521f-21a0-4468-b6ce-be8e55823815,Thanos - Philosopher,collectible,14.89,2026-10-04 09:35:07
4b5d4e5a-8af6-462b-8305-426d62f1aef8,Aratech 74-Z Speeder Bike,collectible,20,2026-10-04 09:35:07
0183c5a4-0480-4d6b-a9db-7e1228124f50,Po,collectible,11.99,2026-10-04 09:35:07
bc961870-a3c9-40bc-a35d-46e4a5353c2c,Pirates of the Caribbean,collectible,19,2026-10-04 09:35:07
be8452a6-baa2-4adf-9049-31887af1fa80,Wolverine - Rage Unleashed,collectible,64,2026-10-04 09:35:07
d0122a89-aac8-4527-a413-7267041c59be,VeVe Reveal,collectible,59,2026-10-04 09:35:07
469768a2-f73d-48d4-aff7-4cc137fd8fb0,Mr. Incredible,collectible,12.7,2026-10-04 09:35:07
9e0ec309-fc0b-4286-b116-a607ee2e7cc3,Holiday Elves - Block of Four,collectible,13,2026-10-04 09:35:07
ae7c2332-5623-4e84-a8c8-cf14b37bedcc,Ghost-Spider,collectible,10.98,2026-10-04 09:35:07
21431496-7022-4b15-bac6-8a6754ad818c,America Chavez - Animated,collectible,14.95,2026-10-04 09:35:07
ae3b97fa-38a8-413c-b2f0-cd0695450755,VeVe Outdoor Guide - Lincoln Design Co.,collectible,33,2026-10-04 09:35:07
967c8539-9bcc-4390-a094-a1d4d1006fa0,Welcome to Element City,collectible,11.99,2026-10-04 09:35:07
9a22c13c-a299-4639-b07e-6cf2d133e45f,Mariachi - Vihuela Player,collectible,5.99,2026-10-04 09:35:07
1394a278-329b-493f-8921-42e7a47463d3,Dark Robin #1,collectible,14,2026-10-04 09:35:07
c453fdaf-e57f-4a45-88a6-487d999916b9,Fall,collectible,34,2026-10-04 09:35:07
0c6af189-3d90-4fdd-b28b-a60c8d42ec7b,Rushing Toby,collectible,1.99,2026-10-04 09:35:07
6a7fc668-20de-4ab6-a9f0-d275cd1c246a,Jolly Roger Deck,collectible,14,2026-10-04 09:35:07
6ab25021-a22f-4819-bd98-34e03f94dedd,Fired Up,collectible,12.99,2026-10-04 09:35:07
d96aceeb-b519-44a1-86d4-af0735a092bf,The Endoplasmic ButterflyFeesh,collectible,47.5,2026-10-04 09:35:07
61b7a964-9a72-45b8-b43d-0b60ed1717ba,Water You Wading For Mural,collectible,15.99,2026-10-04 09:35:07
942aaaed-0e54-4874-a7b9-d928adc6ea26,Lumpy,collectible,7.99,2026-10-04 09:35:07
545f8c91-7a0e-4bd4-83d5-c806fe2d832b,Foam Machine,collectible,6.98,2026-10-04 09:35:07
8a50b96b-5408-4e5e-bb40-23961d9ed8d8,Magik - Hellfire Gala #1 (2022),collectible,7,2026-10-04 09:35:07
90b2abb9-592f-4bbe-9413-7ba139b32fdc,The Leisurely Loop,collectible,10.99,2026-10-04 09:35:07
30341e3d-3fd2-49bc-b52e-cb539458aee5,LUV,collectible,13,2026-10-04 09:35:07
9d513380-78fc-4291-9f4b-e7ac0486e746,Snowman,collectible,11.99,2026-10-04 09:35:07
c646e937-7af9-4243-9e49-ee5e8452e3c5,Snow Globes - Reindeer,collectible,3.85,2026-10-04 09:35:07
fccfc777-cc16-4a36-b063-8258d6e69ffe,Boy,collectible,11.47,2026-10-04 09:35:07
a05e5e16-5e63-4d0c-a429-d67d5bb05e71,Dharma Tiger,collectible,2.4,2026-10-04 09:35:07
f11b5077-e080-49c9-937d-68208f0ba66f,The Tiniest Bit of Greed,collectible,44,2026-10-04 09:35:07
31944bea-3443-4497-8387-db84f26750a9,Pyro Machine - Gold Edition,collectible,65,2026-10-04 09:35:07
cf3f2223-ece8-4b79-8970-8fca656ea481,Smoke Machine,collectible,3,2026-10-04 09:35:07
b87927b2-6ad2-43ee-ae88-cfd7a2668e15,Bubble Machine,collectible,3,2026-10-04 09:35:07
f57e1a2b-be41-4007-8d67-7fac23b39b70,Pyro Machine,collectible,2.9,2026-10-04 09:35:07
53ff9a39-afb8-4a2e-b9de-516d6ea965d5,Laser Beam Machine,collectible,2.8,2026-10-04 09:35:07
e075643b-0f54-43dc-b020-755db00e1b3f,Strobe Light Machine,collectible,2.8,2026-10-04 09:35:07
8c448663-6552-41cf-8490-1a8c073c38bb,Confetti Machine,collectible,2.8,2026-10-04 09:35:07
2e31455d-8c38-405d-b2f6-50b2e5d27ea0,Iron Man,collectible,69.95,2026-10-04 10:37:22
557544aa-8c6f-4b1c-855f-150b0adf7e63,The Last Supper Diorama,collectible,125,2026-10-04 10:37:22
1b0b3cc2-226d-416c-ab86-875e8268b370,Gold Dragon,collectible,169,2026-10-04 10:37:22
687ad0c0-c8b5-48a7-9ac9-792b8ef95981,Raphael - Classic (Special Edition),collectible,1480,2026-10-04 10:37:22
2dc769f6-356f-4001-b568-8e7dcdbf624b,Mister Fantastic,collectible,2.9,2026-10-04 10:37:22
6b9a6e4d-3267-461c-bc0b-101eb140a4dd,Fat Tony - Gold,collectible,160,2026-10-04 10:37:22
3facefe2-427f-48ec-a954-e5892b8c3b20,Yoda - Focus,collectible,79,2026-10-04 10:37:22
38106832-449a-4c05-9ad6-4cae7177a9c9,VeVe Logo White Blue,collectible,55,2026-10-04 10:37:22
15a83e17-250c-4063-ae84-6aeea8660af6,Jackson Storm Base,collectible,150,2026-10-04 10:37:22
ed756ab9-b7ed-4a1c-a35f-ff171d050cf1,A View To A Kill - US insert,collectible,46,2026-10-04 10:37:22
83049796-892b-4044-9bbd-667124d07f37,Joy,collectible,15.5,2026-10-04 10:37:22
a494f556-ebcd-4252-b4ec-ccd52c331c5c,Mickey,collectible,19.3,2026-10-04 10:37:22
9d25ee7b-bf59-4d56-a391-f7329bfe8973,Rocket,collectible,42,2026-10-04 10:37:22
39ceaffc-298a-481a-ac53-074fe1843ddd,Hapjeong Station,collectible,29,2026-10-04 10:37:22
2da43376-465d-4b88-868d-ce8701f497e1,Human Torch - Fully Ignited,collectible,29,2026-10-04 10:37:22
2e03595b-e2ef-42bb-b38b-5602c691ec05,VeVe Heart Logo - Orange,collectible,48,2026-10-04 10:37:22
efce0615-f0e6-43ba-8e30-e3eb8f56d37f,Sam Wilson - Marvel Metallic Red,collectible,43,2026-10-04 10:37:22
7b01a6a0-fae5-4700-8632-8131c7b2c839,Donald,collectible,38,2026-10-04 10:37:22
f68a5fd3-4208-4384-8683-095a8fe10fb3,Mulan,collectible,19,2026-10-04 10:37:22
336b962c-792c-487d-bf8b-f8868302f8d6,MYO - Blue,collectible,44,2026-10-04 10:37:22
e9aa517c-43e1-48d8-ab94-8551e4610629,Daisy,collectible,21,2026-10-04 10:37:22
3ecd1c9c-dd05-4e9e-80b9-7b8574a095bb,Mickey & Friends Logo,collectible,6.4,2026-10-04 10:37:22
aa9f9161-b0f9-4203-8694-023ac4feef54,The Sealed Thought of Greed,collectible,15,2026-10-04 10:37:22
79131a1d-4a6a-4206-907a-118991261ae3,Coca-Cola – 1900 Empty Bottle,collectible,115,2026-10-04 10:37:22
94bcc472-9ecb-41f0-b8bf-f5b0b4e85e37,Gambit - Trenchcoat Tactician,collectible,2.5,2026-10-04 10:37:22
766bbdc6-106f-4398-8e0a-f4b87f4ce9f5,The Shattered Shovel of Swinging,collectible,12.5,2026-10-04 10:37:22
2ce987c8-0ec3-4773-b6d6-d3c5516fba89,The Coal Mining Miner,collectible,16,2026-10-04 10:37:22
7c5e7611-0e0f-4000-b5ed-0134ee7279f5,Coca-Cola – 1899 Empty Bottle,collectible,99.99,2026-10-04 10:37:22
fbc51b96-8996-4dad-bd2e-0e24d9dc68ea,Monovader - Full Resin Mode,collectible,49.99,2026-10-04 10:37:22
969d91bf-5ffe-4c53-9249-20d4659d5fcc,Speedy The Racing Snail Box,collectible,18,2026-10-04 10:37:22
545f8c91-7a0e-4bd4-83d5-c806fe2d832b,Foam Machine,collectible,7.18,2026-10-04 10:37:22
158cf956-dbe3-48f4-9d41-68fa97acf97e,Kaiju Tokimon,collectible,2.8,2026-10-04 10:37:22
b07a5ea1-421a-44ea-b0cf-1236e057a0d3,The Jellyfish Jaunte,collectible,17,2026-10-04 10:37:22
90b2abb9-592f-4bbe-9413-7ba139b32fdc,The Leisurely Loop,collectible,10.9,2026-10-04 10:37:22
d23fe8eb-7882-40fc-8e4d-16a0f81e1847,B-Rank Essence Stone,collectible,3.9,2026-10-04 10:37:22
42883b04-d4ae-43da-81ea-b80fc7075234,Drop Incoming!,collectible,1.9,2026-10-04 10:37:22
a42350c5-a1a7-4593-af66-ef91cfeb37a1,Ollie Goodtimes,collectible,6.5,2026-10-04 10:37:22
98bbca6f-42b0-4694-a886-12589444fc5d,Graffi ver. Navy,collectible,7.97,2026-10-04 10:37:22
10a300f5-9bd8-4d8f-b1d6-82acc9295399,Magic Mike,collectible,5.9,2026-10-04 10:37:22
30700600-f3ad-4f78-a775-c84e7b056abe,Graffi ver. Green,collectible,7.99,2026-10-04 10:37:22
ff142570-e43a-4f7e-8a15-4668b0e4d332,ZAP!,collectible,4.9,2026-10-04 10:37:22
c574d86b-b2cd-4f50-9a83-880d74348d52,Yolanda Styles,collectible,2.9,2026-10-04 10:37:22
f9b0cd1a-7796-43c4-afcf-ac938ba83f71,Jolene McBean,collectible,2.8,2026-10-04 10:37:22
18813fff-2a95-427a-9705-e9c07435ac3b,Coca-Cola – Aluminum Bottle,collectible,10,2026-10-04 10:37:22
cb514393-4ab4-4042-afcf-33e6083341ed,Collectors at Heart - Vinyl Pressing,collectible,1.2,2026-10-04 10:37:22
be044aa7-1495-4b34-a3a6-b7303affcdae,Thor - Animated,collectible,49,2026-10-04 11:41:12
af02ad4f-100c-4995-810f-376c6854b00e,Disney D,collectible,19.9,2026-10-04 11:41:12
acf1aae9-f70c-4782-830d-71cb124fb808,Batman vs. Killer Croc,collectible,21.5,2026-10-04 11:41:12
2bddd574-39a8-400d-b614-a71ff7734a93,A Jaunty Jig,collectible,9.85,2026-10-04 11:41:12
75677539-6781-4d04-9361-54a43fd8ad17,The Skywalker Lightsaber,collectible,8.9,2026-10-04 11:41:12
cc920654-08b2-4e7d-a8af-bef9b0fe3775,Dragon Girl - Silver,collectible,87,2026-10-04 11:41:12
1b0b3cc2-226d-416c-ab86-875e8268b370,Gold Dragon,collectible,168.95,2026-10-04 11:41:12
d9892b14-8126-4b26-901d-a978d6eb5be8,T. rex Animated 2,collectible,44.95,2026-10-04 11:41:12
f64f5581-0640-4c33-873d-1d798c086e24,Stormtrooper,collectible,9.3,2026-10-04 11:41:12
219d14ac-23e9-4a1d-a9cb-ec009b31ebb1,A Happy Whistle,collectible,9.9,2026-10-04 11:41:12
42727e5d-945e-419f-800d-381d6046c087,Ariel,collectible,109,2026-10-04 11:41:12
3f046859-154b-4a76-818f-f94ef4c0d928,Mike Wazowski: I’ve Been Waiting for This My Whole Life!,collectible,8,2026-10-04 11:41:12
b633e43b-a4ce-458a-9fba-ae023f2f2bfd,Mickey Mouse,collectible,7.8,2026-10-04 11:41:12
52c36b99-b76b-4073-bfb7-49628c0ada34,Star Wars Episode IV: A New Hope,collectible,12.9,2026-10-04 11:41:12
84bd510a-d0a1-4a25-8a65-f654358405cc,Hua Xin Feng,collectible,24.5,2026-10-04 11:41:12
2a9d29f2-d827-4c1d-aee7-22f7ab4f0a7d,ULTRAMAN JACK,collectible,26.9,2026-10-04 11:41:12
110fad2b-cc84-4b56-9009-88e63f5db981,Swamp Thing,collectible,27.5,2026-10-04 11:41:12
80f4f105-e741-4e75-82c6-5d7bb395aa71,Doc Ock - Ultimate Animated,collectible,58,2026-10-04 11:41:12
e3e99d26-24f5-4b41-a02f-d69faaed28b9,Welcome to San Diego – Poster,collectible,17.5,2026-10-04 11:41:12
bd4210ed-70bd-43ab-8bab-3321dda9e892,350 GT - Azzurro,collectible,68,2026-10-04 11:41:12
462c5fbb-fc0d-4aec-b7e8-856dea8b4963,Kylo Ren,collectible,5.4,2026-10-04 11:41:12
d4a983b5-07d5-4b85-afbf-23df999abe11,You Ain't Seen Nothin' Yet!,collectible,67,2026-10-04 11:41:12
98370f9b-b3fe-4261-a4c1-4fdfed88e97b,Experiment 626,collectible,9.1,2026-10-04 11:41:12
768e3b9d-2b74-420e-be62-2a375fbd911f,Crowd Favorite,collectible,6.9,2026-10-04 11:41:12
c58a5507-3f12-47ea-95c8-2f7974ba3b0b,350 GT - Rosso,collectible,48,2026-10-04 11:41:12
66b61c70-1953-48c0-9557-281671cd3d29,Coca-Cola Creations Footprint,collectible,6.4,2026-10-04 11:41:12
15f0b30e-8770-4102-8226-7fd6f22cf8df,To Infinity and Beyond,collectible,6.4,2026-10-04 11:41:12
0bc0d4a4-2727-4886-bd25-423df94a818a,Su Huan Jen,collectible,4.4,2026-10-04 11:41:12
3380b39e-a974-4f27-89c3-12dc6995fbee,Planet Hulk,collectible,29,2026-10-04 11:41:12
6edf0436-e37c-4e2f-a811-22e5df176765,Edna Mode: Bold! Dramatic! Heroic!,collectible,7.1,2026-10-04 11:41:12
3a78b26c-78b0-4aef-aab8-db75173e5e52,Huracán STO - Grigio Titans/Giallo Belenus,collectible,24.5,2026-10-04 11:41:12
2db18c43-ffa3-4823-93fc-209e7eb77d77,Diamonds Are Forever - Japanese One Sheet Poster,collectible,24.5,2026-10-04 11:41:12
6a94ae27-164a-49e0-83b0-d18ae7e33e95,Coca-Cola Starlight Can,collectible,3.2,2026-10-04 11:41:12
2af5a235-d387-495e-b01c-b90ca6f71e48,Simba,collectible,19,2026-10-04 11:41:12
3b43ff0a-b0ae-4df8-a9d2-f19cada64cd5,Cheshire Cat,collectible,38,2026-10-04 11:41:12
93344756-7317-46e1-bbb0-00560fca3fea,Rainbow Caverns Mine Train,collectible,23.5,2026-10-04 11:41:12
722b09ee-0fc7-4ee4-99ca-08cc05eb0852,Party Wagon,collectible,14.75,2026-10-04 11:41:12
8c2a6f95-80eb-47db-9e64-ccebb639d0d7,VeVe Logo White Green,collectible,44,2026-10-04 11:41:12
373c4df1-35cf-4ff3-9da7-76686bbcec40,The Queen: Want a Bite?,collectible,4.9,2026-10-04 11:41:12
91c62af2-5b60-4a7c-a14d-9ec8eee3e013,Snow White,collectible,9.5,2026-10-04 11:41:12
15a83e17-250c-4063-ae84-6aeea8660af6,Jackson Storm Base,collectible,105,2026-10-04 11:41:12
020331ea-b8e1-4552-b804-50eca175b88c,Mogul Grin - Gold Skull,collectible,61.9,2026-10-04 11:41:12
988f4190-a511-487e-b2c4-94f26e80c94d,She-Hulk - Animated,collectible,26,2026-10-04 11:41:12
f642c3f2-965c-4380-8c7f-8e063c25390d,Thor - God of Thunder,collectible,2.9,2026-10-04 11:41:12
bda03b90-7740-4ec4-b011-9e6a7a971d60,Deadpool’s Chimichanga Truck,collectible,6.2,2026-10-04 11:41:12
bc961870-a3c9-40bc-a35d-46e4a5353c2c,Pirates of the Caribbean,collectible,18.9,2026-10-04 11:41:12
08ff2277-5ae8-428c-80c1-4cb8df9d6622,Velkhana - Animated,collectible,24.5,2026-10-04 11:41:12
a512f767-6f55-42d5-b489-a5dfaf7b0cc3,"Lights, Camera, Hijinks!",collectible,7.4,2026-10-04 11:41:12
d0a26d72-a119-430d-aa7a-8b3af766cb76,Rafiki,collectible,17.4,2026-10-04 11:41:12
298cf1c3-0321-4a18-9bcc-b32cb0e1b242,Cinderella,collectible,10.4,2026-10-04 11:41:12
0ae0b47d-0ad6-4665-82db-bc5f0b80de67,John F. Walker - Action,collectible,14.9,2026-10-04 11:41:12
63784d1e-edc7-47d0-990c-cc9bfd334287,Doc Ock - Marvel Metallic Red,collectible,12.8,2026-10-04 11:41:12
119e5750-cb5b-49a3-bb88-f7979ee98480,Blue Animated 1,collectible,7.9,2026-10-04 11:41:12
611ca783-461f-4b52-8eb3-d9aeb29613ca,Kate Bishop,collectible,54,2026-10-04 11:41:12
842f5443-b6d0-4fec-a3cb-a17b91d9287b,Dream from Day to Night,collectible,16.5,2026-10-04 11:41:12
a2427100-bcfc-4c0c-ad8c-7946b7aca29b,The Pink Panther - Pink Chrome,collectible,20,2026-10-04 11:41:12
a8f8d463-7081-4fdf-b411-1a3182200f8b,Big Thunder Mountain,collectible,15.9,2026-10-04 11:41:12
29f8d6bd-7a41-461f-b1f7-19a018561cda,Good Guy Doll Box,collectible,4.7,2026-10-04 11:41:12
684d93e2-0ecf-47a5-a2c5-1c7dd0b8d4dd,Spider-Man 2099 - Beyond Destiny,collectible,14.9,2026-10-04 11:41:12
3b2abe1a-4389-4ba7-809c-565d1ae25fa8,"""Vader's Little Princess""",collectible,12.5,2026-10-04 11:41:12
0459f991-814c-4e82-9d42-2210578b1de1,Queen of Hearts: Not Impressed,collectible,3.1,2026-10-04 11:41:12
ec1ee9f4-8389-4f8b-9303-cbe02d2ba0c6,Young Warhol,collectible,11.9,2026-10-04 11:41:12
786a69fd-65d2-4305-b415-43f50e04f861,Ye Xiao Chai,collectible,4.9,2026-10-04 11:41:12
999ddcd6-4167-4c3e-8dd5-5454961925a1,Ronin,collectible,48,2026-10-04 11:41:12
5891c391-9cf7-4498-a4cf-a98efc65b784,Jasmine,collectible,12.9,2026-10-04 11:41:12
bf8dbdb6-39cb-4acf-82bd-d9aee825892d,Doc Ock - Sinister Foe,collectible,5.5,2026-10-04 11:41:12
b7ea3a29-17e1-47cb-a6ca-2ec419165e3c,“it’s a small world”,collectible,13.9,2026-10-04 11:41:12
55a65836-fe04-4cb8-8f32-baddc0a3c85d,Diablo - Purple,collectible,13.8,2026-10-04 11:41:12
8b921004-70f8-4eaa-b41d-2ff3665b9bc5,Blue and Beta Animated 1,collectible,15.9,2026-10-04 11:41:12
97a369cd-f9db-45b3-aedb-87aaf31a64e4,Lightning McQueen Base,collectible,18,2026-10-04 11:41:12
38eb4855-5bfe-40a3-922d-54dc7fb3520b,Remember Us - Vital Voices II,collectible,12.9,2026-10-04 11:41:12
b3848db8-0178-4ea6-96e5-542c428d28a3,Zinogre - Animated,collectible,17.5,2026-10-04 11:41:12
6a98d6cf-b421-4277-b1a0-6a6ae84ef636,Jafar: Feeling Like Royalty,collectible,3.9,2026-10-04 11:41:12
39745827-e17a-4d92-94c3-08461dfd0f2b,Goldfinger - Danish One Sheet Poster,collectible,12.9,2026-10-04 11:41:12
b9dcae36-107b-4b39-97da-51055bc72c8b,Dr. No - UK Quad Poster,collectible,12.8,2026-10-04 11:41:12
916a3f70-ea93-468a-bd64-9c1db9200111,Janet Van Dyne,collectible,10,2026-10-04 11:41:12
199febf6-f9a8-44e3-b106-3c8e545bb78f,Feng Cai Ling,collectible,2.8,2026-10-04 11:41:12
7320297f-55bf-4f4d-a6c7-3a4f6e74f64c,Emmeline Pankhurst,collectible,23,2026-10-04 11:41:12
fe0f996e-9621-4a5d-939e-e79032a631db,Maestro,collectible,8.9,2026-10-04 11:41:12
7195fe38-4967-47ff-bb52-0700dd6925e4,Pride II - Givenchy Beauty,collectible,10.9,2026-10-04 11:41:12
2034fc16-4eeb-4080-926b-218f347e6e9b,Thunderball - UK Quad Poster,collectible,10.5,2026-10-04 11:41:12
4ac4ba4e-9932-4d0e-b085-f6289a8681ff,"Mais Oui, Grand Prix!",collectible,20,2026-10-04 11:41:12
00b4fa44-9f8e-4e31-b6d9-649b2856c099,Betty Boop - RockNRoll,collectible,17,2026-10-04 11:41:12
33f16c99-a5e4-4268-98e1-ce6e3ea05dad,Elf Labbit,collectible,4.8,2026-10-04 11:41:12
f68a5fd3-4208-4384-8683-095a8fe10fb3,Mulan,collectible,18.5,2026-10-04 11:41:12
03a8f5c2-50f5-4802-bc43-b8e26cffa057,Emi - Curious,collectible,9,2026-10-04 11:41:12
a00ad2e9-37fe-4ca2-b2df-5fea2e0131d0,"""Read Me A Story!""",collectible,3.4,2026-10-04 11:41:12
ae3b97fa-38a8-413c-b2f0-cd0695450755,VeVe Outdoor Guide - Lincoln Design Co.,collectible,32,2026-10-04 11:41:12
10d332fe-c05f-44c9-860f-14d28b26573b,From Russia With Love - Italian Duo Poster,collectible,8.9,2026-10-04 11:41:12
47cd772d-3707-437c-beec-d4f62e61ba41,You Only Live Twice - UK Quad Poster,collectible,8.2,2026-10-04 11:41:12
faa51bbb-63ce-4280-91bd-b3573e1293a2,Jackson Storm,collectible,16.9,2026-10-04 11:41:12
4ca4eb09-9fe7-458f-b935-669d4652aab2,Lincoln Logo Mayhem Board,collectible,5.9,2026-10-04 11:41:12
e5e0de12-2189-4143-a87d-162190fbf553,Max - Blue Metallic,collectible,299,2026-10-04 11:41:12
b028d187-a551-4fca-a606-61b81a39dca8,Specimen #72,collectible,3.9,2026-10-04 11:41:12
f13e1d28-20e3-473d-af6b-2d6e12ce8bbe,The Inflatable DJ Octo,collectible,25,2026-10-04 11:41:12
563cec24-7567-4978-a6ff-2d7146ac99ab,Spider-Woman - Action,collectible,32.1,2026-10-04 11:41:12
82a6d503-2189-4014-86bb-c0f8f5900f8e,DCon Mascot – U.K. Edition,collectible,3.4,2026-10-04 11:41:12
7d5a5b43-759e-4052-83dc-905b01533d55,Kitty,collectible,17,2026-10-04 11:41:12
4375fc8d-2165-4efa-aedb-4ca5429d3f15,Lunar New Year: Rabbit,collectible,1.05,2026-10-04 11:41:12
2be9cf5d-8152-425d-9f5a-ac77f7f39792,Shadow Trooper - Shooting,collectible,139,2026-10-04 11:41:12
5cef19be-1121-4eea-9b2b-4349f2cfaf18,JISOO Silver/Pink,collectible,12.4,2026-10-04 11:41:12
1e76b273-c5f3-4321-8920-ca9f2155af04,Original,collectible,7.6,2026-10-04 11:41:12
545f8c91-7a0e-4bd4-83d5-c806fe2d832b,Foam Machine,collectible,6.98,2026-10-04 11:41:12
605f6a4f-c222-492c-ba90-0412cbb11b93,The Barracuda Blast!,collectible,20,2026-10-04 11:41:12
8ed965ef-77cd-4c8b-8884-b2bfaf3b4d79,Unique Monique,collectible,9,2026-10-04 11:41:12
f57e1a2b-be41-4007-8d67-7fac23b39b70,Pyro Machine,collectible,3.28,2026-10-04 11:41:12
cf3f2223-ece8-4b79-8970-8fca656ea481,Smoke Machine,collectible,3.11,2026-10-04 11:41:12
8c448663-6552-41cf-8490-1a8c073c38bb,Confetti Machine,collectible,3,2026-10-04 11:41:12
53ff9a39-afb8-4a2e-b9de-516d6ea965d5,Laser Beam Machine,collectible,3,2026-10-04 11:41:12
e075643b-0f54-43dc-b020-755db00e1b3f,Strobe Light Machine,collectible,2.99,2026-10-04 11:41:12
a42350c5-a1a7-4593-af66-ef91cfeb37a1,Ollie Goodtimes,collectible,6,2026-10-04 11:41:12
df101af2-42fe-4af4-bc51-f8826a6022aa,I Have You In My Sights,collectible,999.4,2026-10-04 12:43:31
4248d6fd-caca-4a26-91ad-7c8d9ddf4eca,Mace Windu,collectible,8.8,2026-10-04 12:43:31
600c13fe-cdf4-4958-9828-61a97da4cac6,Usagi (Cosmic Multicolor),collectible,350,2026-10-04 12:43:31
882b40f4-c586-4c68-af9b-b7bfdaca9f0d,Spider-Man 2099 - Shadow Protocol,collectible,218,2026-10-04 12:43:31
8c2a6f95-80eb-47db-9e64-ccebb639d0d7,VeVe Logo White Green,collectible,38,2026-10-04 12:43:31
4ea0fb53-99ca-4d63-93dd-663524732899,Bambi,collectible,36.36,2026-10-04 12:43:31
ab837c48-11e4-4fe9-b99a-0fd17f62e599,Death Trooper - SE-14r Blaster,collectible,2,2026-10-04 12:43:31
e075643b-0f54-43dc-b020-755db00e1b3f,Strobe Light Machine,collectible,3.38,2026-10-04 12:43:31
351f7ac8-be07-48d5-9a66-4b2d65982430,Mimban Trooper - Crouching,collectible,8,2026-10-04 12:43:31
cf3f2223-ece8-4b79-8970-8fca656ea481,Smoke Machine,collectible,3,2026-10-04 12:43:31
eb2b8652-44a4-4f81-9149-dd50d0796f0d,Laser Beam Machine - Gold Edition,collectible,22.92,2026-10-04 12:43:31
431c6749-4010-45c0-9af3-8bb0caa5f31c,Taking it Back (7 of 7),collectible,28.5,2026-10-04 12:43:31
a41b032c-1fa3-4973-b2d7-d2d3a49f1120,Don’t You Think That’s a Little Obvious? (4 of 7),collectible,23.5,2026-10-04 12:43:31
407c2658-6e20-471f-b677-95e95dffd4a3,Community Events Participant Award,collectible,600,2026-10-04 14:49:12
df101af2-42fe-4af4-bc51-f8826a6022aa,I Have You In My Sights,collectible,99,2026-10-04 14:49:12
f7bdf140-2637-495b-b06d-27ad204db53d,Fuwarin,collectible,705,2026-10-04 14:49:12
30a9f14d-f5ef-4047-bf97-c2b047190f83,1:6 DeLorean Time Machine - Interactive,collectible,5.64,2026-10-04 14:49:12
ae9b4b16-bc4e-4457-9c69-a3306c976ed7,Supergirl,collectible,44.9,2026-10-04 14:49:12
1b0b3cc2-226d-416c-ab86-875e8268b370,Gold Dragon,collectible,168,2026-10-04 14:49:12
1e6c918e-201d-44ea-9775-0cdd333bb27b,Zombie Hunter Spider-Man #2,collectible,34.83,2026-10-04 14:49:12
2dfee68d-a04c-4bfa-8a0f-5147384bc37d,Torch it Up,collectible,500,2026-10-04 14:49:12
58b28cd3-fe7e-42d4-99c7-92dbb28cbd87,ULTRAMAN ACE,collectible,47,2026-10-04 14:49:12
c1109831-3b22-4449-aa2a-e63380b4dcb2,Alert - Special Edition,collectible,1600,2026-10-04 14:49:12
bba0290e-1506-4702-a8fb-c1892b5bb638,Back to the Future,collectible,39.99,2026-10-04 14:49:12
a86cc68d-be1a-49c8-a123-96c5959b7ca3,Sewer Manhole - Gold,collectible,899,2026-10-04 14:49:12
e2786ce4-3883-457b-b8d4-7ac1a0748d67,Grenade Gold Edition,collectible,222,2026-10-04 14:49:12
87876723-9df8-4d39-a1fe-fbecf4b4788a,Supergirl,collectible,8,2026-10-04 14:49:12
319f7e96-0519-416f-b180-7b3fc4ecb240,Doug Mahnke Batman,collectible,4.8,2026-10-04 14:49:12
b583108d-f77c-4399-a91e-0fb59ccbba47,Big Bird - Animated Gold,collectible,135,2026-10-04 14:49:12
efe5cbdd-b3ed-40e0-9a00-c0c654af5f8e,Goose,collectible,87,2026-10-04 14:49:12
600c13fe-cdf4-4958-9828-61a97da4cac6,Usagi (Cosmic Multicolor),collectible,166,2026-10-04 14:49:12
2d7d08b8-c2b2-4b85-b33c-40ef7c38afde,Nina Palomba - Hub the Golden Heart,collectible,99.1,2026-10-04 14:49:12
4804e172-42a2-419f-b1f0-431ece52c00a,Deadpool – Ugly Sweater Party,collectible,2.3,2026-10-04 14:49:12
0433455f-ebd3-447d-bb00-347564d5f6a4,Guile Story,collectible,109,2026-10-04 14:49:12
8197f403-df07-45d8-9435-e4b30465250c,Fantasma,collectible,3.5,2026-10-04 14:49:12
a3c883e2-3c17-4e78-a415-de4f438f7958,Xenomorph,collectible,10,2026-10-04 14:49:12
60decdb0-2864-4979-85ef-714261cbdb2d,Edo Scout Trooper,collectible,9,2026-10-04 14:49:12
fdf192f7-c406-41db-86c4-fcf5c8451b71,Ant-Man,collectible,5.99,2026-10-04 14:49:12
c1d7003a-ceb9-475f-b6f2-50d3f07411d8,Nozzle Eye - Gold,collectible,19.95,2026-10-04 14:49:12
557544aa-8c6f-4b1c-855f-150b0adf7e63,The Last Supper Diorama,collectible,99.99,2026-10-04 15:51:29
e9bdf1b9-7b80-4683-a94f-32db83f3bd39,Yoda,collectible,7.25,2026-10-04 15:51:29
1e6c918e-201d-44ea-9775-0cdd333bb27b,Zombie Hunter Spider-Man #2,collectible,34,2026-10-04 15:51:29
2a1fe986-121b-48ab-bd64-1122192a0f31,Ahsoka Tano,collectible,23,2026-10-04 15:51:29
c6c4987d-df55-48bf-b727-655b73668c06,Red Skull,collectible,25,2026-10-04 15:51:29
c01b071c-962a-48d4-9a6a-9a5e73d40abd,Obi-Wan Kenobi,collectible,29,2026-10-04 15:51:29
a31da526-c03e-49b0-8c10-c93a243a9fb5,Blue - Attack Ready,collectible,15,2026-10-04 15:51:29
8d14679c-ef72-4a0d-ab39-617170e2e2e5,Quaritch's Banshee,collectible,125,2026-10-04 15:51:29
4248d6fd-caca-4a26-91ad-7c8d9ddf4eca,Mace Windu,collectible,8,2026-10-04 15:51:29
20ccbff8-c2b0-4298-a254-ef9ae0f1de2b,Thor - The Worthy,collectible,8,2026-10-04 15:51:29
def65f71-6b97-4cff-a72d-e346d091c582,Sam Wilson,collectible,2.75,2026-10-04 15:51:29
7e595273-5759-492c-b95d-4db62eaaef88,On Guard,collectible,7.5,2026-10-04 15:51:29
687ad0c0-c8b5-48a7-9ac9-792b8ef95981,Raphael - Classic (Special Edition),collectible,770,2026-10-04 15:51:29
107f52b8-4494-4251-9193-ae32264f76fc,Ready For Action,collectible,5.5,2026-10-04 15:51:29
462c5fbb-fc0d-4aec-b7e8-856dea8b4963,Kylo Ren,collectible,5,2026-10-04 15:51:29
319f7e96-0519-416f-b180-7b3fc4ecb240,Doug Mahnke Batman,collectible,4,2026-10-04 15:51:29
8854d1aa-b535-4a8d-9a7f-1392b8581136,John F. Walker,collectible,2.75,2026-10-04 15:51:29
70fa2eb4-2890-4d80-92cf-f94c006583de,Cryo-Can,collectible,49.99,2026-10-04 15:51:29
88076df3-4a65-4675-836d-19bc361e0ab5,Failure of Control,collectible,9.75,2026-10-04 15:51:29
a44d9740-abc9-4bc7-8986-c846f99c5e43,Big Chap,collectible,29,2026-10-04 15:51:29
84432ed0-e21a-453d-861b-1932c2412bed,Leonardo - Tactical Dojo,collectible,9.95,2026-10-04 15:51:29
3164f5e3-044d-477d-8022-0a99dead294d,Leonardo - Classic,collectible,12.95,2026-10-04 15:51:29
73e1e322-b59c-4a65-983d-9d58c7b10434,Coca-Cola Holiday Caravan,collectible,9.75,2026-10-04 15:51:29
4804e172-42a2-419f-b1f0-431ece52c00a,Deadpool – Ugly Sweater Party,collectible,2.7,2026-10-04 15:51:29
498009da-d0bd-48a5-824d-cd038af77cff,Remember Us - Vital Voices I,collectible,17.6,2026-10-04 15:51:29
f09d3ca4-d90a-4844-a28b-3207b87161a4,Bat-Signal,collectible,4,2026-10-04 15:51:29
cbea19a1-4736-447f-a98e-c26085b66f58,Kang 2,collectible,29.5,2026-10-04 15:51:29
2d968b07-1cde-4d52-8322-d35999fa4647,Mint Horse Ver.,collectible,222,2026-10-04 15:51:29
bfbb5341-6a35-4ecb-b3a7-896bf6eb870c,Year of the Horse - Pane of 20,collectible,35,2026-10-04 15:51:29
4c0dba25-adb7-4b5f-88bd-e5939545b656,Ovomorph,collectible,29,2026-10-04 15:51:29
be0c63aa-8fc1-4037-99cb-862713e65001,Avengers Tower - Marvel Metallic Red,collectible,66,2026-10-04 15:51:29
e2782558-fce9-438b-be3c-84e1539af4c4,Stormtrooper Helmet - Cross Section,collectible,4,2026-10-04 15:51:29
8df33af6-579e-4722-9745-abf30cc070fb,Captain Carter  - Action,collectible,27,2026-10-04 15:51:29
2e1dc20a-de45-4824-a3f2-e7a0874ee701,Johnny Storm - Classic Blue,collectible,9.9,2026-10-04 15:51:29
fa9bd8ac-2e81-459b-85d9-7182df4d43a2,Women Support the War Effort,collectible,2.7,2026-10-04 15:51:29
1394a278-329b-493f-8921-42e7a47463d3,Dark Robin #1,collectible,13.99,2026-10-04 15:51:29
6db92658-cab4-4bcf-a57b-0e0f9f6750fb,‍‍Mimban Trooper,collectible,2.55,2026-10-04 15:51:29
e1743ae5-27f8-4e49-975d-88b0d9674711,Toothy,collectible,7.99,2026-10-04 15:51:29
5c4c9abf-3fd5-4ddd-85fa-2b02fbe8dfdb,Spider-Mobile,collectible,9.5,2026-10-04 15:51:29
9eeae60c-df75-4305-a5fd-241d356c4f7a,Mister Fantastic - Action,collectible,23,2026-10-04 15:51:29
64a8d31a-599e-490a-ba02-27718252e2b5,Adam Warlock,collectible,7.5,2026-10-04 15:51:29
425c2402-c9cc-4ae5-88d3-c1dd8775be0c,Human Torch - Action,collectible,17.5,2026-10-04 15:51:29
bae065cc-84f3-43a8-b9b3-27e6776b9274,Death Trooper - DLT-19D Heavy Blaster Rifle,collectible,2.4,2026-10-04 15:51:29
867dc17b-9dbd-4fe5-818d-d7b02c34f79f,The ADDICTION Silver Logo,collectible,25,2026-10-04 15:51:29
4efd8e98-10b5-4fc9-a8e5-6e622523e930,Bill Sienkiewicz Original Main Cover,collectible,2.5,2026-10-04 15:51:29
8a50b96b-5408-4e5e-bb40-23961d9ed8d8,Magik - Hellfire Gala #1 (2022),collectible,6.99,2026-10-04 15:51:29
8d292bb5-ab7d-465e-81bf-f5d329f3f06f,The Thing - Action,collectible,9.75,2026-10-04 15:51:29
9d513380-78fc-4291-9f4b-e7ac0486e746,Snowman,collectible,11,2026-10-04 15:51:29
3d1d07b2-d3dd-48f4-8998-8a964d414208,Invisible Woman - Action,collectible,9.75,2026-10-04 15:51:29
bd273292-2dd8-49f1-9199-f8dbfe7cd62d,Small Generator,collectible,3,2026-10-04 15:51:29
f57e1a2b-be41-4007-8d67-7fac23b39b70,Pyro Machine,collectible,3,2026-10-04 15:51:29
e075643b-0f54-43dc-b020-755db00e1b3f,Strobe Light Machine,collectible,3,2026-10-04 15:51:29
351f7ac8-be07-48d5-9a66-4b2d65982430,Mimban Trooper - Crouching,collectible,6.66,2026-10-04 15:51:29
d913a319-3a18-4250-a949-07f42a19424f,Record #8 - Duck Luck - Original,collectible,2.4,2026-10-04 15:51:29
a15d54d8-0fa1-42bf-a69c-315662f4bfdf,Strobe Light Machine - Gold Edition,collectible,45,2026-10-04 15:51:29
235b8120-4c54-4b9c-afa5-414af205002a,Happy New Year! 2026 - Tier 5,collectible,1,2026-10-04 15:51:29
2e87137d-51b3-41ee-93e1-80e0e799d6ba,Spider-Man – Hangin’ Out,collectible,28,2026-10-04 16:53:41
4b3b200b-8469-43a2-aa68-114a4d9e0306,Spider-Man – Jump into Action,collectible,44,2026-10-04 16:53:41
4dc2db11-350d-4c3b-82c9-84fbcaa9d138,Timon and Pumbaa,collectible,18.99,2026-10-04 16:53:41
11bc19eb-ef1b-4fa0-8e0d-1a8281197e90,Ghost-Spider,collectible,14.29,2026-10-04 16:53:41
9cccbffd-e907-44b4-9e2e-b285f090292d,Zombie Hunter Spider-Man #1,collectible,8.5,2026-10-04 16:53:41
afaa6cd0-d707-44b6-ab51-cfbd00150f60,Queen Elizabeth I,collectible,154,2026-10-04 16:53:41
3174caf1-2da6-4196-9e4a-8965fcdabc49,The Rise of Ultraman #1 - John Tyler Christopher,collectible,37.7,2026-10-04 16:53:41
e6c7fca7-2199-42e1-b12e-1b289821520b,1:6 Ecto-1 Interactive,collectible,12,2026-10-04 16:53:41
4d93b049-3e0f-47bd-a73c-d44970d25cac,Golden Toby,collectible,85,2026-10-04 16:53:41
8b6f7901-07e9-40a7-ad50-2c95929f134d,#77 Jason Fabok Batman,collectible,16.99,2026-10-04 16:53:41
4ecac144-fa6a-4d23-9b8d-36e6f2092499,Darth Vader Samurai - Blade of the Empire,collectible,261.45,2026-10-04 16:53:41
4f992ee1-d183-485d-a9c9-00695bc727de,Jim Lee Batman V3,collectible,3.6,2026-10-04 16:53:41
11f07bd6-7fc3-4516-897a-0da17d09abe5,#60 Dick Sprang Batman,collectible,8.99,2026-10-04 16:53:41
37a67fd7-bc6f-4902-b73e-9d175399bd03,Wolverine - Battle Ready,collectible,16.5,2026-10-04 16:53:41
181d1fb6-c7e2-4770-a63c-4e8e2f99ae40,Haunted Mansion Plaque,collectible,14,2026-10-04 16:53:41
1394a278-329b-493f-8921-42e7a47463d3,Dark Robin #1,collectible,14,2026-10-04 16:53:41
4f38dd75-8591-485e-bab8-a8fbd3ffdd5a,Nedry’s Computer,collectible,10,2026-10-04 16:53:41
e8064631-1c9d-408a-ada4-7534693c8c12,Sentinel,collectible,3,2026-10-04 16:53:41
e748dd3a-9398-47a4-8e84-0301afa96afc,1938 Theodore Roosevelt,collectible,5.9,2026-10-04 16:53:41
f87f1feb-a221-4003-b34a-664fd6878396,Mariachi - Guitar Player,collectible,1.6,2026-10-04 16:53:41
f9aac36f-838f-4964-8c6e-2085cf015534,Extra Bloody Ahwroo,collectible,13,2026-10-04 16:53:41
f26f89e6-0e34-44ce-b823-4aa9509e90d7,Mimban Trooper - Shooting,collectible,10,2026-10-04 16:53:41
2e31455d-8c38-405d-b2f6-50b2e5d27ea0,Iron Man,collectible,69.99,2026-10-04 20:06:43
2e87137d-51b3-41ee-93e1-80e0e799d6ba,Spider-Man – Hangin’ Out,collectible,31.45,2026-10-04 20:06:43
4b3b200b-8469-43a2-aa68-114a4d9e0306,Spider-Man – Jump into Action,collectible,55,2026-10-04 20:06:43
a642596a-72cb-4e46-97ce-2f2798a3412a,Cogsworth and Lumiere,collectible,25.99,2026-10-04 20:06:43
4cf97843-a9fc-4bc4-a323-7d485ce86c68,Numbers and Letters United,collectible,1000,2026-10-04 20:06:43
75e96af3-d4c4-4823-91ed-ea5fe3b7dcf2,Starfire,collectible,150,2026-10-04 20:06:43
1a3052a5-729e-4d52-865d-8a6adcfe33fa,Aratech 74-Z Speeder Bike – Patrol Division (Snow),collectible,1000,2026-10-04 20:06:43
1e6c918e-201d-44ea-9775-0cdd333bb27b,Zombie Hunter Spider-Man #2,collectible,34.83,2026-10-04 20:06:43
10617c75-f9d0-48cb-b164-fe5b192e8cae,Beta Ray Bill,collectible,86,2026-10-04 20:06:43
11f07bd6-7fc3-4516-897a-0da17d09abe5,#60 Dick Sprang Batman,collectible,18.95,2026-10-04 20:06:43
d94de475-51bb-4c41-8adf-f259e1cd5fdb,Emcee Claws,collectible,789,2026-10-04 20:06:43
58b28cd3-fe7e-42d4-99c7-92dbb28cbd87,ULTRAMAN ACE,collectible,44.95,2026-10-04 20:06:43
beeb8c8f-662e-4cf4-878f-9276d60b8c08,Let’s Begin!,collectible,3.99,2026-10-04 20:06:43
17e0ad50-e443-46f9-9016-0f79c5753a7a,Kaiju Tokigold,collectible,148,2026-10-04 20:06:43
f35e3e0b-dc86-462d-b06b-9c0abe74b924,ECOMI Logo Red Circle,collectible,4.5,2026-10-04 20:06:43
fc78ca94-4db6-40bb-841c-92f516444be6,Aang - Spirit World,collectible,299,2026-10-04 20:06:43
d0a26d72-a119-430d-aa7a-8b3af766cb76,Rafiki,collectible,27,2026-10-04 20:06:43
4d93b049-3e0f-47bd-a73c-d44970d25cac,Golden Toby,collectible,32.45,2026-10-04 20:06:43
de1c4dd3-2300-4b7a-905e-8cd2e109f748,Go Beyond the Surface,collectible,180,2026-10-04 20:06:43
0433455f-ebd3-447d-bb00-347564d5f6a4,Guile Story,collectible,124,2026-10-04 20:06:43
4ea0fb53-99ca-4d63-93dd-663524732899,Bambi,collectible,33,2026-10-04 20:06:43
d0d24b34-c4bc-41bc-af6c-23dc874bc60a,The Volcanic Haunt,collectible,88,2026-10-04 20:06:43
ac7aac0b-877e-47de-9b01-06b58030f8a0,The Classic,collectible,111,2026-10-04 20:06:43
80dbf318-2d6b-4ac3-ad4f-7b441a6ecc82,1840 Penny Black IA-IC,collectible,9.99,2026-10-04 20:06:43
88254714-b869-4f2e-9799-a62e284fcaf6,Record #1 - Frankenstein - Gold,collectible,20,2026-10-04 20:06:43
f64bf297-8a18-4e49-a539-d99f19fd5350,Mister Sinister,collectible,11,2026-10-04 20:06:43
ca1969b7-2875-4a2b-bdf0-8b624b8c3ccc,Mystique,collectible,8.2,2026-10-04 20:06:43
da55201f-e728-493b-aaf4-611a18fcfcc5,Vulcan Cruiser,collectible,16.49,2026-10-04 20:06:43
783ac0b6-c91d-4739-8f70-fb7735529a89,Flo,collectible,30,2026-10-04 20:06:43
38bc4ba4-ed87-425a-8fef-2e5cd436a0a5,ILLAZILLAZ (Metal Element) - TNES,collectible,9.9,2026-10-04 20:06:43
e075643b-0f54-43dc-b020-755db00e1b3f,Strobe Light Machine,collectible,3,2026-10-04 20:06:43
53ff9a39-afb8-4a2e-b9de-516d6ea965d5,Laser Beam Machine,collectible,2.97,2026-10-04 20:06:43
f57e1a2b-be41-4007-8d67-7fac23b39b70,Pyro Machine,collectible,2.92,2026-10-04 20:06:43
b87927b2-6ad2-43ee-ae88-cfd7a2668e15,Bubble Machine,collectible,2.87,2026-10-04 20:06:43
8c448663-6552-41cf-8490-1a8c073c38bb,Confetti Machine,collectible,2.77,2026-10-04 20:06:43
235b8120-4c54-4b9c-afa5-414af205002a,Happy New Year! 2026 - Tier 5,collectible,1.22,2026-10-04 20:06:43
9abda8bd-3e74-4e88-aef9-2281f2b9899b,Gadgets and Gizmos Aplenty,collectible,15,2026-10-04 20:06:43
c80fcf06-5894-4482-ad1f-e0b9389d3c77,Captain America – Ultimate Animated,collectible,390,2026-10-04 22:12:38
c3dcbc25-9eca-430d-81c8-27df7885e061,Contemplating Venice (2021),collectible,89,2026-10-04 22:12:38
cb2ff32d-8327-46db-a8cb-9fe976a23c96,Frank Miller The Joker,collectible,35,2026-10-04 22:12:38
6b480765-2dde-44e1-b6e6-d5dd4fef0c0e,A Close Call,collectible,45,2026-10-04 22:12:38
882b40f4-c586-4c68-af9b-b7bfdaca9f0d,Spider-Man 2099 - Shadow Protocol,collectible,185,2026-10-04 22:12:38
967e6313-09df-458c-9d97-ef05de184ee8,House of Cards (2019),collectible,99,2026-10-04 22:12:38
3d38c822-050f-42bf-a382-f209819911e4,Deadpool – Deck The Halls,collectible,2.3,2026-10-04 22:12:38
87876723-9df8-4d39-a1fe-fbecf4b4788a,Supergirl,collectible,5,2026-10-04 22:12:38
a494f556-ebcd-4252-b4ec-ccd52c331c5c,Mickey,collectible,19.5,2026-10-04 22:12:38
3ba43c69-7849-4b63-8663-f95d84e06343,The Writer,collectible,59,2026-10-04 22:12:38
4da97803-e2dd-459d-ba70-a44b51aaa9a7,Exitar the Exterminator,collectible,15,2026-10-04 22:12:38
30b76918-6d75-4985-bd81-70cbf79f9d2a,VeVe Christmas Tree - Diamond,collectible,69.99,2026-10-04 22:12:38
2da43376-465d-4b88-868d-ce8701f497e1,Human Torch - Fully Ignited,collectible,27.5,2026-10-04 22:12:38
f660fa4e-fa1a-4f75-bd55-ada594164750,The Stargate,collectible,10.95,2026-10-04 22:12:38
78d3b074-5389-4de9-a6ae-146f67bafbae,Coca-Cola Vending Machine (1980s),collectible,48,2026-10-04 22:12:38
60decdb0-2864-4979-85ef-714261cbdb2d,Edo Scout Trooper,collectible,8,2026-10-04 22:12:38
c8a76df1-5979-4917-8189-5ecb4a2e4225,KABOOM,collectible,29,2026-10-04 22:12:38
f57e1a2b-be41-4007-8d67-7fac23b39b70,Pyro Machine,collectible,3.5,2026-10-04 22:12:38
53ff9a39-afb8-4a2e-b9de-516d6ea965d5,Laser Beam Machine,collectible,3,2026-10-04 22:12:38
159c7231-3eae-431f-a6d2-4e1c26cc6da5,Aventador SVJ Roadster - Nero Aldebaran,collectible,899,2026-10-04 23:15:25
da4f0ab8-00be-498e-8784-bde7d0d105e2,#56 Bruce Timm Harley Quinn,collectible,39.5,2026-10-04 23:15:25
1b480348-4216-4a9b-a6df-d01402723123,OG Devil Bunny - Color,collectible,375,2026-10-04 23:15:25
9df59b34-4aa2-44c5-9ba8-101f9f31bff8,S3LF MADE - Brett Crawford,collectible,999,2026-10-04 23:15:25
52c36b99-b76b-4073-bfb7-49628c0ada34,Star Wars Episode IV: A New Hope,collectible,10.5,2026-10-04 23:15:25
3d38c822-050f-42bf-a382-f209819911e4,Deadpool – Deck The Halls,collectible,2.6,2026-10-04 23:15:25
043ed720-aa2c-49fa-8dd2-9607de31a386,Ken Story,collectible,115,2026-10-04 23:15:25
d94de475-51bb-4c41-8adf-f259e1cd5fdb,Emcee Claws,collectible,255.52,2026-10-04 23:15:25
4804e172-42a2-419f-b1f0-431ece52c00a,Deadpool – Ugly Sweater Party,collectible,2.3,2026-10-04 23:15:25
63feb830-6cf1-4544-b39b-a74ef50bac8d,"Surprise, Minnie!",collectible,20,2026-10-04 23:15:25
2387c605-0f0b-4415-ad9d-0901814ee103,Murciélago LP670-4 SV Blu Nova,collectible,14.8,2026-10-04 23:15:25
a0088213-e345-471c-a2bf-92d6b22f56e2,Hook’s Watch,collectible,75,2026-10-04 23:15:25
9f0511c1-29b8-443f-9893-58bfdf5d1efc,Flower,collectible,15,2026-10-04 23:15:25
b425e7fc-da87-429b-9799-430993490103,The Aquatic Double Can,collectible,222,2026-10-04 23:15:25
40dd129c-df8b-4d97-89df-98cc9fa00f7d,Creeping DERO (Shadow) - Jermaine Rogers,collectible,33.33,2026-10-04 23:15:25
d0d24b34-c4bc-41bc-af6c-23dc874bc60a,The Volcanic Haunt,collectible,66.6,2026-10-04 23:15:25
78d3b074-5389-4de9-a6ae-146f67bafbae,Coca-Cola Vending Machine (1980s),collectible,32.49,2026-10-04 23:15:25
d6ea47b8-091b-4355-8ff1-a076eb34b8af,Nina Palomba - Howdy Hub,collectible,15,2026-10-04 23:15:25
faa51bbb-63ce-4280-91bd-b3573e1293a2,Jackson Storm,collectible,14.9,2026-10-04 23:15:25
7ed317cf-5b82-47fa-94ca-69d85591d1e8,Hapjeong Dungeon Key,collectible,10,2026-10-04 23:15:25
a014add6-fbf9-487e-bed7-a6b458e27d5d,En Garde!,collectible,15,2026-10-04 23:15:25
49ebb3bc-9ac4-43cd-a734-5aee8c6d67ef,Earth Day - Stamp,collectible,1.2,2026-10-04 23:15:25
9f2eea80-00a1-4aa5-a548-8d21aa1b9387,Pucker Up,collectible,10,2026-10-04 23:15:25
d422752a-51cf-40da-82a1-257f817eed43,HiKR,collectible,9.19,2026-10-04 23:15:25
04c1b81f-a6c9-4c57-be41-5f25001cfe44,Epiko Logo - Original,collectible,4.75,2026-10-04 23:15:25
7f8db4ca-e2d2-4750-80dc-92f122da0bd0,Birdie,collectible,8.29,2026-10-04 23:15:25
8424b8e4-01ad-4c77-b816-d728bc74b647,Bowling,collectible,7.41,2026-10-04 23:15:25
3a592c07-aca1-43c8-9788-632462579e7b,The Emperor's Fist,collectible,209.99,2026-10-05 01:20:40
5c20a964-f305-4297-a8f0-2ced4d52dc46,Stan Lee Fine Art Collectible - Burton Morris,collectible,150,2026-10-05 01:20:40
d2a2df08-a4f3-4092-8533-04170c33ae55,Eye of Agamotto - Animated,collectible,244,2026-10-05 01:20:40
07c1d5c1-e0c4-4e6a-9ad7-553e9a854f5f,Flounder and Sebastian,collectible,24.9,2026-10-05 01:20:40
b991e11e-c587-472e-9c57-092cc7625af8,DeLorean Time Machine - Hovering Version,collectible,35,2026-10-05 01:20:40
ebf0810d-353d-49d2-9fd8-032aaae61f6a,Magic Lamp from Aladdin,collectible,18.99,2026-10-05 01:20:40
b0ecb0a5-2c77-47fc-b295-2e2a96278781,Iron Man,collectible,42,2026-10-05 01:20:40
ebcf7ef8-7cec-4e81-b1e1-ea088c203f9f,Wild Energy,collectible,54.99,2026-10-05 01:20:40
1e6c918e-201d-44ea-9775-0cdd333bb27b,Zombie Hunter Spider-Man #2,collectible,34.83,2026-10-05 01:20:40
e3e99d26-24f5-4b41-a02f-d69faaed28b9,Welcome to San Diego – Poster,collectible,17.99,2026-10-05 01:20:40
c61291f1-af7e-4016-ba93-708ade3c1eaf,Professor X,collectible,65.95,2026-10-05 01:20:40
87f6a7f3-98fc-4c51-bddd-6946a509f760,Too Much Magic!,collectible,7,2026-10-05 01:20:40
7b39db08-adcb-4dc8-bfc2-4511197c5625,Eye of Agamotto - Open,collectible,9.22,2026-10-05 01:20:40
db3be9f1-26cd-4fa9-b5c4-18158e4d530d,Welcome to New York – Poster,collectible,22.99,2026-10-05 01:20:40
e6ef0939-167c-4aba-9ca4-c52b373062cd,1861 Benjamin Franklin (originally one cent),collectible,8.25,2026-10-05 01:20:40
aafd6cbb-b019-4312-9f50-a096b8be9943,AMC Tyrannosaurus rex,collectible,8.9,2026-10-05 01:20:40
87876723-9df8-4d39-a1fe-fbecf4b4788a,Supergirl,collectible,4.99,2026-10-05 01:20:40
722b09ee-0fc7-4ee4-99ca-08cc05eb0852,Party Wagon,collectible,12.5,2026-10-05 01:20:40
ec1ee9f4-8389-4f8b-9303-cbe02d2ba0c6,Young Warhol,collectible,11.99,2026-10-05 01:20:40
0cbca57d-4f26-4fc8-9853-591e991f47ff,Eye of Agamotto - Closed,collectible,2.79,2026-10-05 01:20:40
4804e172-42a2-419f-b1f0-431ece52c00a,Deadpool – Ugly Sweater Party,collectible,2,2026-10-05 01:20:40
796348ff-b081-4473-b255-acf577417d96,Thor,collectible,3,2026-10-05 01:20:40
ad5b7ae1-ad36-44e6-9dbd-a57e8b1a94bc,Tesseract,collectible,4,2026-10-05 01:20:40
2b095c6b-6106-41f7-9d10-85c8d4b73c3c,JISOO Pink Venom 2,collectible,29.5,2026-10-05 01:20:40
01a4a280-5430-43fc-9a29-0d627237d628,Mjolnir - Thor,collectible,8,2026-10-05 01:20:40
3e24518f-be71-4226-a758-655a803f4807,Joe and Mr. Mittens,collectible,14.3,2026-10-05 01:20:40
44981b29-3d60-4ec5-b62f-c8679db37eec,M.Bison,collectible,34.95,2026-10-05 01:20:40
67b21be9-1853-4c6a-8453-fc208de31b5b,Nick Fury,collectible,10,2026-10-05 01:20:40
e3d0b938-9e56-4484-bbfb-b59bab629950,Clæmon - Allison Bamcat,collectible,21.11,2026-10-05 01:20:40
73255fe7-c9e7-489a-a3bd-547b9b87a8a5,Ash,collectible,3.5,2026-10-05 01:20:40
c7aa15e5-d6e1-4246-bbd9-c8b2e908b01f,Stan Lee Fine Art Collectible - Rob Prior,collectible,375,2026-10-05 02:23:16
1b480348-4216-4a9b-a6df-d01402723123,OG Devil Bunny - Color,collectible,444,2026-10-05 02:23:16
b0ecb0a5-2c77-47fc-b295-2e2a96278781,Iron Man,collectible,55,2026-10-05 02:23:16
8512b4f0-2ef0-451e-a9eb-2b086982496d,Doctor Doom - Action,collectible,239,2026-10-05 02:23:16
f5d9089b-cfa3-47b4-8408-35289430f64d,A-Rank Essence Stone,collectible,139,2026-10-05 02:23:16
c61291f1-af7e-4016-ba93-708ade3c1eaf,Professor X,collectible,59.95,2026-10-05 02:23:16
7195fe38-4967-47ff-bb52-0700dd6925e4,Pride II - Givenchy Beauty,collectible,24.95,2026-10-05 02:23:16
840cd502-351b-4397-b1c0-1cfcb612b799,Grogu,collectible,14.9,2026-10-05 02:23:16
6a42790c-8c28-43a3-8f73-6e17f3d50eb0,Crimson Stormtrooper,collectible,5.5,2026-10-05 02:23:16
326ec7f4-6466-4680-b4c6-6be1e70c8f32,Handy,collectible,18.7,2026-10-05 02:23:16
3ef7e3a8-12fa-47b5-afed-6bac8384c137,Flaky,collectible,9,2026-10-05 02:23:16
55fe6613-37c2-4c19-b5f9-38095a508e51,Cosmo,collectible,49.95,2026-10-05 02:23:16
90dc4c4d-7177-4fde-9bae-a42dc5ff7e5c,Foster,collectible,6.6,2026-10-05 02:23:16
92aa9444-e4f7-4961-b815-eef04b1313a8,VeVe Christmas Tree - Gold,collectible,1.03,2026-10-05 02:23:16
942aaaed-0e54-4874-a7b9-d928adc6ea26,Lumpy,collectible,4.4,2026-10-05 02:23:16
30341e3d-3fd2-49bc-b52e-cb539458aee5,LUV,collectible,10,2026-10-05 02:23:16
1b0b3cc2-226d-416c-ab86-875e8268b370,Gold Dragon,collectible,167.95,2026-10-05 06:33:00
05df9412-ca87-4492-8454-81f73a88c171,MOTOMICHI - Eyes,collectible,14.99,2026-10-05 06:33:00
17e0ad50-e443-46f9-9016-0f79c5753a7a,Kaiju Tokigold,collectible,134.99,2026-10-05 06:33:00
71556606-6539-49a3-b7b0-a3d7e743906a,Huracán STO - Rosso Epona/Grigio Adamas,collectible,65,2026-10-05 06:33:00
e84cb947-3c97-486c-9b6b-f299af4cc6b9,Cookie Monster - Gold,collectible,17,2026-10-05 06:33:00
084a9815-8ba3-4133-9bbf-be29a6f7cce4,The Ultimate Apex Predator,collectible,3.5,2026-10-05 06:33:00
18696bc7-65c0-43b1-8896-97266642cd96,Attack Ready,collectible,2.5,2026-10-05 06:33:00
1c2c833d-3e70-4e7e-b589-0c24832a58cd,Katara,collectible,11,2026-10-05 06:33:00
4341b3be-9752-49e6-8757-22abc4e0e105,Mech Bobo - Copper,collectible,250,2026-10-05 06:33:00
98f7d0b0-8373-4037-a49f-2db41b24f168,Sokka,collectible,9.99,2026-10-05 06:33:00
9f0511c1-29b8-443f-9893-58bfdf5d1efc,Flower,collectible,12.99,2026-10-05 06:33:00
1e03369f-9703-4790-a441-23c894baf56d,1938 James K. Polk,collectible,4.5,2026-10-05 06:33:00
0f73e72f-8bc1-48c4-8b70-4e9b4e372003,Namor - Saga of the Sub-Mariner 1988,collectible,25,2026-10-05 06:33:00
631b1b44-11b1-4151-abe0-7d91805057c4,1938 John Quincy Adams,collectible,1.5,2026-10-05 06:33:00
3834eaf3-879e-49aa-8102-78f9a7dceeb8,Ben Quadinaros’ Podracer Base,collectible,28.9,2026-10-05 06:33:00
f64f5581-0640-4c33-873d-1d798c086e24,Stormtrooper,collectible,12.9,2026-10-05 07:35:07
3a867661-d468-4559-884f-777a86ec8eda,Pluto,collectible,28,2026-10-05 07:35:07
2486b5b9-9d27-4d2d-9977-45678ea9405a,1938 Calvin Coolidge,collectible,650,2026-10-05 07:35:07
52c36b99-b76b-4073-bfb7-49628c0ada34,Star Wars Episode IV: A New Hope,collectible,13,2026-10-05 07:35:07
3a24545f-3e4d-45d7-916f-817a50c7f1b2,No Time To Die  - Triumph Motorcycle,collectible,9.5,2026-10-05 07:35:07
32f655e8-3376-411e-8c6d-feedce03890c,Stormtrooper - Shooting,collectible,1099,2026-10-05 07:35:07
f589326d-40d9-473f-be16-2686a0beeae6,Captain Carter - On Guard,collectible,19.98,2026-10-05 07:35:07
532afaf1-185a-4b85-bb4e-8df290a889d4,Daxx,collectible,30.77,2026-10-05 07:35:07
57cc6578-d821-4ea1-a709-521905ed5838,Sunflower Grin - Special Mission - Silver,collectible,3.99,2026-10-05 07:35:07
bd16e6f6-1138-4083-8c0f-8e312c3c9450,Santa Comes Down the Chimney,collectible,3,2026-10-05 07:35:07
b8e2a2ee-d61b-4500-9700-e29f9bfdee8e,Facehugger,collectible,4.95,2026-10-05 07:35:07
faa51bbb-63ce-4280-91bd-b3573e1293a2,Jackson Storm,collectible,19.91,2026-10-05 07:35:07
ba7151f1-eba5-487d-87c9-3159fbc70bf8,Red Noggles,collectible,36,2026-10-05 07:35:07
0f73e72f-8bc1-48c4-8b70-4e9b4e372003,Namor - Saga of the Sub-Mariner 1988,collectible,24.9,2026-10-05 07:35:07
92aa9444-e4f7-4961-b815-eef04b1313a8,VeVe Christmas Tree - Gold,collectible,1.84,2026-10-05 07:35:07
855a0885-86cc-4e17-917f-5968793a0d99,Brewsky,collectible,8,2026-10-05 07:35:07
fa0b161c-5a8d-42ed-9baa-1848c7e1a7da,Marvel Logo,collectible,65.99,2026-10-05 08:37:03
bb8e1812-e8d4-4107-8e29-cb2dcad0348c,The Punisher - Fists of Vengeance Special Edition,collectible,699,2026-10-05 08:37:03
1e30f14b-8d53-451c-a1e4-24ffdc99f44c,Necronomicon (Book of the Dead),collectible,49,2026-10-05 08:37:03
86e4bade-2c04-426d-af8a-656d258936b0,Single 8d 'War Canoe and Crown' gummed stamp,collectible,78,2026-10-05 08:37:03
dafd1777-5245-4a69-9b99-c31926c307dd,Red Hulk,collectible,26.16,2026-10-05 08:37:03
87876723-9df8-4d39-a1fe-fbecf4b4788a,Supergirl,collectible,6.15,2026-10-05 08:37:03
4f5842c9-cddf-45f5-8585-f68f73e6f227,Edo Stormtrooper - Volley,collectible,97,2026-10-05 08:37:03
5648ffff-2516-4782-8c06-a702b06d42a2,Fredzilla,collectible,30,2026-10-05 08:37:03
803276fd-a2de-4532-8607-ae4a769fa5aa,Views of Our Planets - Pane of 16,collectible,18.95,2026-10-05 08:37:03
f786c6ec-1f78-496e-8f68-d4f2bf242deb,The Splash Manta Ray,collectible,24,2026-10-05 08:37:03
b457e18d-c3f7-4e2a-ab85-590ef6f0e59d,Spooky Silhouettes - Black Cat,collectible,3.5,2026-10-05 08:37:03
bc8771ab-0a33-42be-8f44-e1ed6d424274,The Winged Rock,collectible,23.49,2026-10-05 08:37:03
8684b674-49b4-4ece-aa1e-510ed9e5ebaf,Ash - Dark,collectible,50,2026-10-05 08:37:03
95b86201-ed47-471f-ada2-4e053041379b,Partners Statue,collectible,1888,2026-10-05 09:39:18
3a867661-d468-4559-884f-777a86ec8eda,Pluto,collectible,25.89,2026-10-05 09:39:18
219d14ac-23e9-4a1d-a9cb-ec009b31ebb1,A Happy Whistle,collectible,9.09,2026-10-05 09:39:18
c844b748-f9f8-41d4-98c1-ed3178f379ba,Donald Duck,collectible,10.78,2026-10-05 09:39:18
e6c7fca7-2199-42e1-b12e-1b289821520b,1:6 Ecto-1 Interactive,collectible,10.5,2026-10-05 09:39:18
fe5be1bb-4c44-4ca3-985a-0d5a2e2c4a30,Dragon Girl - Silver / Black,collectible,19.99,2026-10-05 09:39:18
b633e43b-a4ce-458a-9fba-ae023f2f2bfd,Mickey Mouse,collectible,6.99,2026-10-05 09:39:18
3f233a1f-fe67-4d15-b796-f60845ee3d35,Lightning McQueen: Ka-chow!,collectible,8,2026-10-05 09:39:18
ecd5f579-59bf-4121-8c8b-3b85ac7aed87,The Coming of the Hulk,collectible,53.5,2026-10-05 09:39:18
beeb8c8f-662e-4cf4-878f-9276d60b8c08,Let’s Begin!,collectible,4.2,2026-10-05 09:39:18
92871a71-62d8-4cb7-a6a8-adf184636056,Battle Mode,collectible,19.99,2026-10-05 09:39:18
4248d6fd-caca-4a26-91ad-7c8d9ddf4eca,Mace Windu,collectible,6.99,2026-10-05 09:39:18
c93849cb-ce19-4448-876d-b37d7258c6c4,Borg Cube (1:1000),collectible,6.99,2026-10-05 09:39:18
488b4d3e-b76b-447f-a922-c2f33711d93c,Jawa 03,collectible,7.5,2026-10-05 09:39:18
70dca326-5dc9-4e24-8c5c-1200d7409f45,Lumpy Space Princess,collectible,17.99,2026-10-05 09:39:18
7baca69c-34f2-454d-8cc2-cbf619ff74f0,Thena,collectible,14.99,2026-10-05 09:39:18
4ceba0e1-b6d4-48a0-a9ad-da51cb24f16c,"Focus, Please!",collectible,3.7,2026-10-05 09:39:18
a35a6323-40ba-4c70-b65c-99c166f6c507,Dog,collectible,39.99,2026-10-05 09:39:18
c69b7701-c33f-4801-99f3-080450f2b6c7,Hawkgirl,collectible,10.99,2026-10-05 09:39:18
6eff407c-b40c-4a35-944d-f4bf410001ec,Rocket to the Moon,collectible,21.09,2026-10-05 09:39:18
767ec424-2432-4620-b25f-d300fa401004,John Hammond’s Cane,collectible,35,2026-10-05 09:39:18
fde25c18-f029-423b-a295-07de8a210cf9,1:1 Ecto-1 Static,collectible,5.09,2026-10-05 09:39:18
0fddd6c6-e19b-4d90-9475-b0844f2ae883,Throg – Frog Of Thunder,collectible,5,2026-10-05 09:39:18
5073ba5e-ca2b-472d-be6e-21d306878469,1:1 Glider - Static,collectible,4.5,2026-10-05 09:39:18
77fe6eff-5fb9-40d8-ac9c-42e23eb64863,Jawa 01,collectible,3.66,2026-10-05 09:39:18
816a9cc5-5125-4cde-9b8e-af25dcab4862,The Punisher - Fists of Vengeance,collectible,4.44,2026-10-05 09:39:18
4d18f169-e8d4-4a10-a783-a53db7363f6f,Female Eivor - Flame of the Fjord,collectible,6.99,2026-10-05 09:39:18
e107821b-0980-4a3f-80a5-a96abf5eadd1,Male Eivor - Blade of the North,collectible,6.99,2026-10-05 09:39:18
2b165606-c201-4f80-b10f-b0d7e7d49908,Crimson Trooper - Running,collectible,2.5,2026-10-05 09:39:18
e726f943-62a1-4ba7-9d8f-d21684a77c38,Paddle Ball,collectible,19.99,2026-10-05 09:39:18
16e0d43f-4821-4e27-b2d6-09e48466ab3e,WHAM!,collectible,1,2026-10-05 09:39:18
77e624d4-68c7-418b-962c-603b4f7797e6,Edo Imperial Royal Guard - Lunging Press,collectible,20,2026-10-05 09:39:18
2cf09235-f140-422e-a800-d0b049fbaff0,C-3PO,collectible,68,2026-10-05 10:43:13
f79a401a-0f4b-4379-a5bf-3132c5750539,ECOMI Logo Red White,collectible,39,2026-10-05 10:43:13
ed1bdbf0-17f4-470e-b85a-494194f71b94,Master Splinter - Black & White Variant,collectible,699,2026-10-05 10:43:13
840cd502-351b-4397-b1c0-1cfcb612b799,Grogu,collectible,14.7,2026-10-05 10:43:13
4804e172-42a2-419f-b1f0-431ece52c00a,Deadpool – Ugly Sweater Party,collectible,2.3,2026-10-05 10:43:13
358985ca-0e52-4a1b-aeb7-c4e678e65b0d,Matt Murdock - The Vigilant Defender,collectible,7,2026-10-05 10:43:13
ced96cf7-496b-49f5-8ad7-d4963127a980,Keith - Red Lion,collectible,27,2026-10-05 10:43:13
faa51bbb-63ce-4280-91bd-b3573e1293a2,Jackson Storm,collectible,20,2026-10-05 10:43:13
ae519c95-a295-4b00-944b-0151dc5de62b,Team Parker - Black Gloves,collectible,9.67,2026-10-05 10:43:13
1870263e-2611-48da-9ebc-aca9bbb85c45,Aquatic Plant - Plush Pink,collectible,6.99,2026-10-05 10:43:13
77e624d4-68c7-418b-962c-603b4f7797e6,Edo Imperial Royal Guard - Lunging Press,collectible,41000,2026-10-05 11:44:06
da4f0ab8-00be-498e-8784-bde7d0d105e2,#56 Bruce Timm Harley Quinn,collectible,99,2026-10-05 11:44:06
11bc19eb-ef1b-4fa0-8e0d-1a8281197e90,Ghost-Spider,collectible,10.5,2026-10-05 11:44:06
99cf71f8-8c8b-4782-8b32-b5c55919a939,Classics Forever Souvenir Sheet,collectible,66,2026-10-05 11:44:06
91628d4f-bf1a-454d-a213-424f34877bd2,No Tech Hoverboard,collectible,7,2026-10-05 11:44:06
d00aade8-f49b-4f5b-9ce4-514e3551b4b5,Transformative Potion 2,collectible,48,2026-10-05 11:44:06
f768b31c-dcef-4122-ad4e-ca3837071108,The Golden MYO,collectible,499,2026-10-05 11:44:06
722b09ee-0fc7-4ee4-99ca-08cc05eb0852,Party Wagon,collectible,15.9,2026-10-05 11:44:06
3d38c822-050f-42bf-a382-f209819911e4,Deadpool – Deck The Halls,collectible,2.3,2026-10-05 11:44:06
3164f5e3-044d-477d-8022-0a99dead294d,Leonardo - Classic,collectible,13,2026-10-05 11:44:06
faa1cb7e-9274-4b21-a48f-26b137903729,The Feesh Force 5 Box Robot,collectible,130,2026-10-05 11:44:06
0433455f-ebd3-447d-bb00-347564d5f6a4,Guile Story,collectible,111,2026-10-05 11:44:06
8826bec7-dd6c-4abd-8f45-20b6dad90ef3,Samurai Rabbid,collectible,14,2026-10-05 11:44:06
57da1dfd-058b-48db-ab9a-f4fa82eb4db6,Death Trooper Helmet,collectible,3.99,2026-10-05 11:44:06
545f8c91-7a0e-4bd4-83d5-c806fe2d832b,Foam Machine,collectible,7.94,2026-10-05 11:44:06
7f342f16-83c7-4fa7-93d0-7218c6429617,Collectors at Heart - Gold Pressing,collectible,3.48,2026-10-05 11:44:06
5ab59120-1b5b-473c-9c80-3144d9a6e1d5,"All Together, Now!",collectible,210,2026-10-05 13:49:00
368d273a-dd5f-470b-8574-899a4033ed82,Elsa Poster,collectible,777,2026-10-05 13:49:00
2975026b-9d14-475b-a356-d35855637309,Hulk - Animated,collectible,38.79,2026-10-05 13:49:00
f79a401a-0f4b-4379-a5bf-3132c5750539,ECOMI Logo Red White,collectible,31,2026-10-05 13:49:00
86e4bade-2c04-426d-af8a-656d258936b0,Single 8d 'War Canoe and Crown' gummed stamp,collectible,77,2026-10-05 13:49:00
150e871e-0f23-4ed9-a0a9-509d0d6c857d,A Time Of Togetherness,collectible,41.5,2026-10-05 13:49:00
560171d9-021c-4447-9015-2b32714c74f7,X-Men Logo,collectible,13.5,2026-10-05 13:49:00
4e7c7df3-9969-4574-b859-528c6c8e013c,Don’t Mess with Minnie,collectible,32,2026-10-05 13:49:00
b5a03a4b-d3ea-4d95-a923-89eb499baa88,Just-Us (Black/White),collectible,17.99,2026-10-05 13:49:00
15a83e17-250c-4063-ae84-6aeea8660af6,Jackson Storm Base,collectible,55,2026-10-05 13:49:00
0c20eae8-dd0c-4786-ae2b-a4c9445783c0,Arendelle in Spring,collectible,25,2026-10-05 13:49:00
04d8f4a0-3ade-4646-9b7e-3470c934e5f2,Peeking Through the Coral,collectible,6.73,2026-10-05 13:49:00
8f79e4c4-d070-4d54-88f2-64866de63473,Joseph Parker - Framed Photo,collectible,11.27,2026-10-05 13:49:00
f38d52f8-51fc-4853-88ac-04ddd0b82cc3,E-11D Blaster Carbine,collectible,29.99,2026-10-05 13:49:00
545f8c91-7a0e-4bd4-83d5-c806fe2d832b,Foam Machine,collectible,6.99,2026-10-05 13:49:00
30341e3d-3fd2-49bc-b52e-cb539458aee5,LUV,collectible,13,2026-10-05 13:49:00
7f8db4ca-e2d2-4750-80dc-92f122da0bd0,Birdie,collectible,9.5,2026-10-05 13:49:00
8424b8e4-01ad-4c77-b816-d728bc74b647,Bowling,collectible,7.75,2026-10-05 13:49:00
f11b5077-e080-49c9-937d-68208f0ba66f,The Tiniest Bit of Greed,collectible,32,2026-10-05 13:49:00
a877e714-7bbc-4a8a-95a0-4cd087216f99,Maido & Kanpai,collectible,6,2026-10-05 13:49:00
370fff46-9ed2-402c-a981-955b3b0202e1,Donald Duck and Daisy Duck,collectible,32,2026-10-05 14:49:44
4dc2db11-350d-4c3b-82c9-84fbcaa9d138,Timon and Pumbaa,collectible,17.66,2026-10-05 14:49:44
0c20eae8-dd0c-4786-ae2b-a4c9445783c0,Arendelle in Spring,collectible,63,2026-10-05 14:49:44
150e871e-0f23-4ed9-a0a9-509d0d6c857d,A Time Of Togetherness,collectible,31.62,2026-10-05 14:49:44
ba7151f1-eba5-487d-87c9-3159fbc70bf8,Red Noggles,collectible,52,2026-10-05 14:49:44
9ed0e046-53f4-4c10-80e9-7cac8a0a01c9,Coca-Cola – 1900 Labeled Bottle,collectible,9,2026-10-05 14:49:44
ad0dbff5-70b9-4bb5-be40-2bb436f1cef2,Coca-Cola Vending Machine (1950s),collectible,9.72,2026-10-05 14:49:44
5b5d3631-b478-4db9-a18c-e79dd98c17a9,Phase 1 Ting - Sket One,collectible,8.39,2026-10-05 14:49:44
856227a4-716c-4b50-893c-d16a4fc93e33,Night Trooper Exposed - Unleashed,collectible,21,2026-10-05 14:49:44
30341e3d-3fd2-49bc-b52e-cb539458aee5,LUV,collectible,9,2026-10-05 14:49:44
9d513380-78fc-4291-9f4b-e7ac0486e746,Snowman,collectible,8,2026-10-05 14:49:44
d422752a-51cf-40da-82a1-257f817eed43,HiKR,collectible,8,2026-10-05 14:49:44
7f342f16-83c7-4fa7-93d0-7218c6429617,Collectors at Heart - Gold Pressing,collectible,2.96,2026-10-05 14:49:44
2db7508c-bd14-4598-b6e3-108619c46c80,Ghostbusters I Logo,collectible,143.59,2026-10-05 15:53:25
e3bba042-ef5c-495c-ab9c-d55a87db8479,‍‍Mimban Trooper - Leading the Charge,collectible,999.99,2026-10-05 15:53:25
08b0c045-9e8d-46f9-8f7f-aad995b0c56a,Grogu in Pram,collectible,225,2026-10-05 15:53:25
bae75064-118f-468f-bc53-e13060e20a15,Octopussy - US One Sheet,collectible,222,2026-10-05 15:53:25
4c0dba25-adb7-4b5f-88bd-e5939545b656,Ovomorph,collectible,150,2026-10-05 15:53:25
b4dab570-ab46-4f42-bd42-3a8d3737dbcd,Franken Fat,collectible,27.69,2026-10-05 15:53:25
af494590-5225-4a94-b610-eb9ee550da94,Brian Rood Variant,collectible,222,2026-10-05 15:53:25
7e595273-5759-492c-b95d-4db62eaaef88,On Guard,collectible,7.45,2026-10-05 15:53:25
107f52b8-4494-4251-9193-ae32264f76fc,Ready For Action,collectible,4.98,2026-10-05 15:53:25
49c60b18-a5c4-45c9-8fc3-27c123f93d1c,Drug ’em Killfrog,collectible,17.69,2026-10-05 15:53:25
7bd8b0f4-586b-4874-acc6-e45066ac3068,Crimson Stormtrooper - Leading the Charge,collectible,175,2026-10-05 15:53:25
95c53921-2159-41e8-964d-7b3c7caacd67,Emily Will Leave You in Stitches,collectible,20,2026-10-05 15:53:25
0433455f-ebd3-447d-bb00-347564d5f6a4,Guile Story,collectible,142,2026-10-05 15:53:25
f2466d62-13ed-471f-877f-f4cbadd07e37,Darth Vader Bust - Carbonite,collectible,88,2026-10-05 15:53:25
576ad8fb-45f2-47aa-9b94-54fd80871aa0,Thanos - Marvel Metallic Red,collectible,39,2026-10-05 15:53:25
6e755ce2-7a00-4477-b04a-9884ec9f3857,Head Over Heels Toby,collectible,3.5,2026-10-05 15:53:25
3bb4a28b-e7ef-49a7-9930-f5c042f1fbe9,Guile,collectible,39.9,2026-10-05 15:53:25
545f8c91-7a0e-4bd4-83d5-c806fe2d832b,Foam Machine,collectible,7.98,2026-10-05 15:53:25
f6c0f08f-a0e9-455b-9008-13dc70abcfba,Vana,collectible,15.49,2026-10-05 15:53:25
af36d0b7-21fc-404d-a6ea-6b5676c9ba30,Hoodie,collectible,12.75,2026-10-05 15:53:25
d4788b46-09e9-4528-bfd0-39a1a9ca087e,Cube,collectible,12.49,2026-10-05 15:53:25
983c4be0-5acb-468d-b834-3e2869618011,Super,collectible,11.65,2026-10-05 15:53:25
fccfc777-cc16-4a36-b063-8258d6e69ffe,Boy,collectible,11.11,2026-10-05 15:53:25
9d513380-78fc-4291-9f4b-e7ac0486e746,Snowman,collectible,11,2026-10-05 15:53:25
7f342f16-83c7-4fa7-93d0-7218c6429617,Collectors at Heart - Gold Pressing,collectible,3.48,2026-10-05 15:53:25
8424b8e4-01ad-4c77-b816-d728bc74b647,Bowling,collectible,8.5,2026-10-05 15:53:25
30341e3d-3fd2-49bc-b52e-cb539458aee5,LUV,collectible,7.98,2026-10-05 15:53:25
438829a3-1ddf-43ef-a849-d05292e7937f,Night Trooper - Marching,collectible,1.69,2026-10-05 15:53:25
bc64c1a9-5efe-4b52-824d-27ffed8b13e4,Lightning,collectible,2.46,2026-10-05 15:53:25
eda67c9c-4bb1-4b8d-9d6c-d2ce337cf711,Epiko Logo - Blue Metallic,collectible,20,2026-10-05 15:53:25
bc637552-5c39-4cf4-a5ae-164043df435b,Ride the Lightning Board,collectible,4888,2026-10-05 17:03:32
2e87137d-51b3-41ee-93e1-80e0e799d6ba,Spider-Man – Hangin’ Out,collectible,31.35,2026-10-05 17:03:32
a605b45c-c809-40d4-a98b-b5daa200a696,Black Panther – Ultimate Animated,collectible,153,2026-10-05 17:03:32
f79a401a-0f4b-4379-a5bf-3132c5750539,ECOMI Logo Red White,collectible,39,2026-10-05 17:03:32
de9963c9-bf18-4b0c-bb4a-6646b116ef47,Rafael Grampá Batman,collectible,29.99,2026-10-05 17:03:32
1969839e-04bc-4433-801f-3a2007e410f4,You'll find that I’m full of surprises,collectible,18.95,2026-10-05 17:03:32
2b6f2e01-7360-44e0-95fa-be03276bb3b8,Mephisto,collectible,225,2026-10-05 17:03:32
e3bba042-ef5c-495c-ab9c-d55a87db8479,‍‍Mimban Trooper - Leading the Charge,collectible,161,2026-10-05 17:03:32
444f60ea-3bfd-472b-b774-24916aba489f,Lamborghini Countach LP 400 - Bianco  Siderale,collectible,18.95,2026-10-05 17:03:32
8c607c16-1fef-4953-8eba-d0c37b744dc6,Diablo - Yellow,collectible,19.95,2026-10-05 17:03:32
a1273f2c-934d-4c2a-a17f-3d1be7278c6a,On the Prinsengracht in Amsterdam,collectible,145,2026-10-05 17:03:32
77fe6eff-5fb9-40d8-ac9c-42e23eb64863,Jawa 01,collectible,3.98,2026-10-05 17:03:32
cbdf9b80-af14-4d25-9379-96fd8c2f1845,Best Friends,collectible,14.5,2026-10-05 17:03:32
7a11cc10-fff8-41b7-8f22-2e6f5552736d,The Little Prince on the Moon,collectible,6,2026-10-05 17:03:32
9ed0e046-53f4-4c10-80e9-7cac8a0a01c9,Coca-Cola – 1900 Labeled Bottle,collectible,9.95,2026-10-05 17:03:32
bb531903-13ab-4806-98c8-fb2b8847e398,1840 Penny Black QB used,collectible,3.95,2026-10-05 17:03:32
8e9ff45c-7ea8-4aea-8dc5-9259985c4d87,Elmo,collectible,7.95,2026-10-05 17:03:32
92635283-99b4-4597-ba69-01e39ccba334,Master Splinter - Father Figure,collectible,4.4,2026-10-05 17:03:32
3bb4a28b-e7ef-49a7-9930-f5c042f1fbe9,Guile,collectible,44.95,2026-10-05 17:03:32
527a3b5d-28c0-430c-bd5b-06c0bbbf8a10,Wet Head,collectible,95,2026-10-05 17:03:32
454c8252-7aaa-49fb-bca5-ec1ba8776309,White Tiger,collectible,15,2026-10-05 17:03:32
fa602ce7-8fb5-4907-ae1f-d290e852b5b3,$3.30 Garden of Prosperity Stamp,collectible,3,2026-10-05 17:03:32
2ab60547-aaf6-4120-828d-cc6372ac3335,Sewer Manhole - Silver,collectible,2.3,2026-10-05 17:03:32
1f0a1a89-e8d4-4d4c-a841-3ffa19df4d01,David’s Doo Black,collectible,2.74,2026-10-05 17:03:32
8424b8e4-01ad-4c77-b816-d728bc74b647,Bowling,collectible,8,2026-10-05 17:03:32
53ff9a39-afb8-4a2e-b9de-516d6ea965d5,Laser Beam Machine,collectible,2.79,2026-10-05 17:03:32
438829a3-1ddf-43ef-a849-d05292e7937f,Night Trooper - Marching,collectible,1.6,2026-10-05 17:03:32
61d09bde-7c93-4d3b-8816-33266d761153,1938 William Howard Taft,collectible,3,2026-10-05 17:03:32
d422752a-51cf-40da-82a1-257f817eed43,HiKR,collectible,6.99,2026-10-05 17:03:32
6dfe3789-1ad9-4232-a6cd-b657eb90efdd,Pizza Boxes,collectible,1.3,2026-10-05 17:03:32
12787b3e-79ae-4836-99f7-35986f5dee8b,Dan - Be Like Water,collectible,4.22,2026-10-05 17:03:32
1619ed4e-6500-4dfe-82e2-eb3c96a7afcf,Ariel,collectible,250,2026-10-05 18:05:32
96c9e719-1bc1-4976-9061-c7025ed37049,MYO - OG Gold/Silver,collectible,310,2026-10-05 18:05:32
987e4869-7dd7-47ed-a417-351d20023d78,#100 Todd McFarlane Batman - Blue & Yellow Variant,collectible,53.9,2026-10-05 18:05:32
f35e3e0b-dc86-462d-b06b-9c0abe74b924,ECOMI Logo Red Circle,collectible,7.5,2026-10-05 18:05:32
2dfee68d-a04c-4bfa-8a0f-5147384bc37d,Torch it Up,collectible,444,2026-10-05 18:05:32
440ef232-772c-441a-8db1-b077a55f445a,Tinker Bell,collectible,109.99,2026-10-05 18:05:32
7663a3d1-fada-4aa3-bcce-b06ddca43604,Vultura Macabra,collectible,22,2026-10-05 18:05:32
1748a526-6473-45d1-8c60-3812e1571ca8,it's a small world,collectible,54,2026-10-05 18:05:32
e342f3a5-9c98-4ec3-ad2d-2112b6bf3c0f,Deadpool the Duck,collectible,26.9,2026-10-05 18:05:32
de9e5e5c-5e00-4db1-be89-69281e8907ae,Peter Pan,collectible,30,2026-10-05 18:05:32
247ed551-4606-4497-bec5-9742019e8f95,Look to the Surface,collectible,180,2026-10-05 18:05:32
eb1495b4-bcd9-4676-857f-b8ced78ee31d,Boba Fett’s Blaster Pistol,collectible,44,2026-10-05 18:05:32
043ed720-aa2c-49fa-8dd2-9607de31a386,Ken Story,collectible,69,2026-10-05 18:05:32
6c16492e-453a-4b5b-9894-7039a8241351,Howard the Duck - Private Eye,collectible,21.99,2026-10-05 18:05:32
5ac589d9-ee8c-40a7-84cb-dae681744a3f,Warrior Jake,collectible,37,2026-10-05 18:05:32
88254714-b869-4f2e-9799-a62e284fcaf6,Record #1 - Frankenstein - Gold,collectible,17.89,2026-10-05 18:05:32
c453fdaf-e57f-4a45-88a6-487d999916b9,Fall,collectible,29,2026-10-05 18:05:32
454c8252-7aaa-49fb-bca5-ec1ba8776309,White Tiger,collectible,23,2026-10-05 18:05:32
1f58b6b0-cb4c-4045-b874-3190890dbb89,Boom Ting - Sket One,collectible,12.6,2026-10-05 18:05:32
545f8c91-7a0e-4bd4-83d5-c806fe2d832b,Foam Machine,collectible,7.95,2026-10-05 18:05:32
d422752a-51cf-40da-82a1-257f817eed43,HiKR,collectible,12,2026-10-05 18:05:32
29e16f1c-8bc5-47cb-8b2e-ab133d6dace0,Cereal Chiller,collectible,2.3,2026-10-05 18:05:32
983c4be0-5acb-468d-b834-3e2869618011,Super,collectible,9.99,2026-10-05 18:05:32
fccfc777-cc16-4a36-b063-8258d6e69ffe,Boy,collectible,9.99,2026-10-05 18:05:32
30341e3d-3fd2-49bc-b52e-cb539458aee5,LUV,collectible,9,2026-10-05 18:05:32
a42350c5-a1a7-4593-af66-ef91cfeb37a1,Ollie Goodtimes,collectible,5.88,2026-10-05 18:05:32
6dfe3789-1ad9-4232-a6cd-b657eb90efdd,Pizza Boxes,collectible,1.6,2026-10-05 18:05:32
2e87137d-51b3-41ee-93e1-80e0e799d6ba,Spider-Man – Hangin’ Out,collectible,31.5,2026-10-05 19:06:13
e0f54705-754e-4973-92a6-56a6194ef000,With Love and Kisses: Booklet of 20,collectible,100,2026-10-05 19:06:13
9905fe6b-866f-4d35-96bb-df37ab67d1fd,Frozen II Pencil,collectible,13.95,2026-10-05 19:06:13
025a320d-8bce-4fad-9cb2-4b41d6a2f727,Sung Jinwoo - Weakest Hunter,collectible,14.5,2026-10-05 19:06:13
86e4bade-2c04-426d-af8a-656d258936b0,Single 8d 'War Canoe and Crown' gummed stamp,collectible,33,2026-10-05 19:06:13
69227665-8301-4c3b-a2ad-35729f1c3479,Stormtrooper - Crouching,collectible,30,2026-10-05 19:06:13
94bcc472-9ecb-41f0-b8bf-f5b0b4e85e37,Gambit - Trenchcoat Tactician,collectible,2.34,2026-10-05 19:06:13
88254714-b869-4f2e-9799-a62e284fcaf6,Record #1 - Frankenstein - Gold,collectible,9.9,2026-10-05 19:06:13
49308035-554f-46ff-9ed5-21436bfae647,Ms. Lion,collectible,79,2026-10-05 19:06:13
462c5fbb-fc0d-4aec-b7e8-856dea8b4963,Kylo Ren,collectible,5.5,2026-10-06 00:03:32
1f6d6568-7395-4c63-ac87-0d61cb8b556d,Caiman,collectible,50.54,2026-10-06 00:03:32
f51dfb26-a50e-43bf-b713-9813470c5fbd,The Count,collectible,33,2026-10-06 00:03:32
87876723-9df8-4d39-a1fe-fbecf4b4788a,Supergirl,collectible,5,2026-10-06 00:03:32
0baafb78-053e-43ca-a4b7-1608fa7ef736,Big Bird,collectible,9.99,2026-10-06 00:03:32
f2466d62-13ed-471f-877f-f4cbadd07e37,Darth Vader Bust - Carbonite,collectible,57,2026-10-06 00:03:32
7edfc2ea-2d52-4eb1-a2ce-a025cbbc712d,Treasure These Idol Moments Mural,collectible,25,2026-10-06 00:03:32
5815ba10-688c-446a-9822-91cc3f8aa67a,Ovomorph,collectible,2.99,2026-10-06 00:03:32
845f23d3-b1ff-4eef-b732-69f09db16030,Chip Off the 'Ol Block Mural,collectible,18.5,2026-10-06 00:03:32
d084bb59-86fd-4d73-a680-af5502f9fef2,Year of the Snake Miniature sheet,collectible,6,2026-10-06 00:03:32
cb514393-4ab4-4042-afcf-33e6083341ed,Collectors at Heart - Vinyl Pressing,collectible,1.09,2026-10-06 00:03:32
cf8b4ef8-6faf-4e6d-b962-557e0a8872ae,Jeoseung Saja Mon,collectible,14.99,2026-10-06 00:03:32
900388bb-8847-4334-8d1a-508de81c4a4d,Superman,collectible,195,2026-10-06 01:07:32
d03f035e-fe59-40f6-9977-3cef76ee112b,Spider-Man - Animated,collectible,600,2026-10-06 01:07:32
f64f5581-0640-4c33-873d-1d798c086e24,Stormtrooper,collectible,9,2026-10-06 01:07:32
ed0b5426-051d-476a-ab2c-9cb671cfe32b,Elmo - Gold,collectible,500,2026-10-06 01:07:32
069acda0-d0af-47fe-b9b8-258498de1e95,Star Wars: Episode V The Empire Strikes Back - Master Yoda,collectible,66,2026-10-06 01:07:32
eda67c9c-4bb1-4b8d-9d6c-d2ce337cf711,Epiko Logo - Blue Metallic,collectible,999,2026-10-06 01:07:32
49c0b910-3dea-4425-bc85-4b11618fc3f9,AMC Blue and Beta,collectible,8.75,2026-10-06 01:07:32
ab4c9545-781b-496c-bf57-23a23e5dc432,Flower Bomber (Concrete Edition),collectible,25,2026-10-06 01:07:32
4fe7f5d3-d9a8-46b0-8be2-c0680f894525,Mr. Epiko - Blue Metallic,collectible,700,2026-10-06 01:07:32
a76c6827-046a-4c95-8823-965c9a5b22d8,Mr. V - Blue Metallic,collectible,600,2026-10-06 01:07:32
3a8b9d03-9712-4548-ad3b-2364f7ce2a96,‍Mimban Trooper Helmet,collectible,5,2026-10-06 01:07:32
d87175f7-2845-4083-b29d-9f81e726e043,D&D - 5th Birthday Cake,collectible,1.5,2026-10-06 01:07:32
6b20478c-310f-4e68-85ef-80b6748cbace,KFC Colonel Sanders - NYCC 24 Special Edition,collectible,25000,2026-10-06 03:10:06
77e624d4-68c7-418b-962c-603b4f7797e6,Edo Imperial Royal Guard - Lunging Press,collectible,10000,2026-10-06 03:10:06
07c1d5c1-e0c4-4e6a-9ad7-553e9a854f5f,Flounder and Sebastian,collectible,32,2026-10-06 04:13:38
a642596a-72cb-4e46-97ce-2f2798a3412a,Cogsworth and Lumiere,collectible,22.22,2026-10-06 04:13:38
8e153737-9c80-4fd6-ad53-ec839a19c564,Winter Soldier,collectible,233,2026-10-06 04:13:38
cbb80771-516a-4f21-a3b4-a108a9b400d1,Record #7 - Bunnny's Rap - Platinum,collectible,1000,2026-10-06 04:13:38
5e9b0f4f-6120-487c-93e7-12f8c268fbca,Thanos - Warrior,collectible,175,2026-10-06 04:13:38
d29a99bf-bd56-4ef7-83f2-340d08531a1d,Darth Vader's Shuttle,collectible,55,2026-10-06 04:13:38
23dc5a9e-3888-4557-bfb8-80207166863c,ROSÉ Gold/Silver,collectible,499,2026-10-06 04:13:38
79070efd-447e-4e64-9060-e92e30e8a048,Spider-Man,collectible,10.5,2026-10-06 04:13:38
2db05d0a-2fcf-481c-9752-9737bb3ec9cf,#01 Eduardo Risso Batman - Blue & Yellow Variant,collectible,128,2026-10-06 04:13:38
f772a5b4-03af-444d-a608-c2c271def046,Deadpool – Ultimate Animated,collectible,70,2026-10-06 04:13:38
f79a401a-0f4b-4379-a5bf-3132c5750539,ECOMI Logo Red White,collectible,32,2026-10-06 04:13:38
bbc39a36-fb1c-4fce-a32a-b2e41dc5e5d5,Anna,collectible,95,2026-10-06 04:13:38
dd94e937-9be1-4fcb-b2ed-e90951df2213,1985 Coca-Cola Space Can,collectible,29.99,2026-10-06 04:13:38
367a490c-567c-4e47-b79d-142a25f97489,Gallardo - Arancio Borealis,collectible,88,2026-10-06 04:13:38
611ca783-461f-4b52-8eb3-d9aeb29613ca,Kate Bishop,collectible,98,2026-10-06 04:13:38
0952a89b-b570-4e2f-acf7-63f6174c6a92,Mandalorian,collectible,58,2026-10-06 04:13:38
a86cc68d-be1a-49c8-a123-96c5959b7ca3,Sewer Manhole - Gold,collectible,678,2026-10-06 04:13:38
49c60b18-a5c4-45c9-8fc3-27c123f93d1c,Drug ’em Killfrog,collectible,16.5,2026-10-06 04:13:38
1e6cc040-882f-4288-8b0d-0ad4226be991,The Pink Panther - Animated,collectible,14.15,2026-10-06 04:13:38
f9f80a96-fd46-4967-aef2-3571369639f7,Mr. Knight 2,collectible,10,2026-10-06 04:13:38
488b4d3e-b76b-447f-a922-c2f33711d93c,Jawa 03,collectible,5.55,2026-10-06 04:13:38
12f57d47-86bc-440e-a88a-2b44337ac54b,The Punisher - Armored Vigilante,collectible,150,2026-10-06 04:13:38
bfce2c61-9279-4ba2-a27b-fedd5db3672e,Oceania,collectible,4.99,2026-10-06 04:13:38
2387c605-0f0b-4415-ad9d-0901814ee103,Murciélago LP670-4 SV Blu Nova,collectible,29.29,2026-10-06 04:13:38
069acda0-d0af-47fe-b9b8-258498de1e95,Star Wars: Episode V The Empire Strikes Back - Master Yoda,collectible,33.33,2026-10-06 04:13:38
4d93b049-3e0f-47bd-a73c-d44970d25cac,Golden Toby,collectible,31.99,2026-10-06 04:13:38
cfbbc91d-b9ab-4e09-afad-13c93761456c,Mjolnir - Thor: Love and Thunder,collectible,13.33,2026-10-06 04:13:38
70fa2eb4-2890-4d80-92cf-f94c006583de,Cryo-Can,collectible,33.33,2026-10-06 04:13:38
8283c167-a79d-4308-853a-bdb08368eb5a,Fastball Special,collectible,66,2026-10-06 04:13:38
a44d9740-abc9-4bc7-8986-c846f99c5e43,Big Chap,collectible,22.22,2026-10-06 04:13:38
f09d3ca4-d90a-4844-a28b-3207b87161a4,Bat-Signal,collectible,3.5,2026-10-06 04:13:38
95c53921-2159-41e8-964d-7b3c7caacd67,Emily Will Leave You in Stitches,collectible,15.15,2026-10-06 04:13:38
6a2b62f4-4d20-40e5-8676-703921ccf597,Star Wars: Episode VI Return of the Jedi - The Battle of Endor,collectible,22.44,2026-10-06 04:13:38
b780b8d8-5345-43f6-9a53-f0e97d55f5aa,X-Men ‘97 Cyclops,collectible,59,2026-10-06 04:13:38
1a5043f9-62e3-4c12-896d-8fb46ddc6362,Dark Robin #2,collectible,11.11,2026-10-06 04:13:38
f3d92fbc-8d5f-431a-a042-3e8bc1effc0a,Year of the Ox,collectible,11.7,2026-10-06 04:13:38
6185c05a-15a0-4df0-9b93-17cbd50bca97,Sabochan,collectible,15,2026-10-06 04:13:38
0b9cbb5a-7c04-4b6c-ab53-e401c6096618,Lunar New Year: Snake,collectible,2.9,2026-10-06 04:13:38
0c6af189-3d90-4fdd-b28b-a60c8d42ec7b,Rushing Toby,collectible,1.98,2026-10-06 04:13:38
7598d35a-beb1-432d-bef6-a204eb526d44,Fix-It Felix,collectible,7.58,2026-10-06 04:13:38
3a8b9d03-9712-4548-ad3b-2364f7ce2a96,‍Mimban Trooper Helmet,collectible,10,2026-10-06 04:13:38
05bfaa01-9847-43e5-82ee-8c7999c26aa7,IG-11 - Protector,collectible,6.99,2026-10-06 04:13:38
da55201f-e728-493b-aaf4-611a18fcfcc5,Vulcan Cruiser,collectible,24.99,2026-10-06 04:13:38
92635283-99b4-4597-ba69-01e39ccba334,Master Splinter - Father Figure,collectible,3.99,2026-10-06 04:13:38
e7c08aaa-eb11-4af2-8d7e-488bb3df87dc,Spring,collectible,15,2026-10-06 04:13:38
293b3939-c579-4b4c-83fd-1f8ddfa91357,Okoye,collectible,3.5,2026-10-06 04:13:38
62cbb927-bee0-46fd-a852-9cbc06d5bb26,Spider-Man - Action,collectible,18.75,2026-10-06 04:13:38
7ac5a1e6-8908-405e-956c-2f0a1985184c,Salary-Ika,collectible,23.72,2026-10-06 04:13:38
484dde9a-1cf6-441d-afd8-896155686657,AT-AT,collectible,16.99,2026-10-06 04:13:38
2bcdb600-76bf-4816-b44a-d298beb6417f,Flower’s Base,collectible,9.9,2026-10-06 04:13:38
b8e9332e-cd45-45a2-9638-7fb3783b835e,Butterfly - Gray,collectible,99.99,2026-10-06 04:13:38
0cd81d92-e369-4339-bb20-d64a7076c4e7,Radiant Peach,collectible,12.4,2026-10-06 04:13:38
86e4bade-2c04-426d-af8a-656d258936b0,Single 8d 'War Canoe and Crown' gummed stamp,collectible,8.08,2026-10-06 04:13:38
29e16f1c-8bc5-47cb-8b2e-ab133d6dace0,Cereal Chiller,collectible,2.75,2026-10-06 04:13:38
f1bb37cc-7350-403f-9e06-5942bc3765ec,Master Splinter - Weapon Training,collectible,5.5,2026-10-06 04:13:38
d422752a-51cf-40da-82a1-257f817eed43,HiKR,collectible,9.98,2026-10-06 04:13:38
42883b04-d4ae-43da-81ea-b80fc7075234,Drop Incoming!,collectible,1.98,2026-10-06 04:13:38
eef9e3ab-a2bd-44ef-b10f-bc58be804cbd,On the Way to Work,collectible,35,2026-10-06 04:13:38
e075643b-0f54-43dc-b020-755db00e1b3f,Strobe Light Machine,collectible,2.94,2026-10-06 04:13:38
b87927b2-6ad2-43ee-ae88-cfd7a2668e15,Bubble Machine,collectible,2.9,2026-10-06 04:13:38
52faf771-f91f-42f1-9599-ce473644cb2c,Nozzle Eye - Fractured Stone,collectible,11.7,2026-10-06 04:13:38
ebf0810d-353d-49d2-9fd8-032aaae61f6a,Magic Lamp from Aladdin,collectible,18.71,2026-10-06 05:15:45
79070efd-447e-4e64-9060-e92e30e8a048,Spider-Man,collectible,9.99,2026-10-06 05:15:45
9f428e38-ab8d-446b-8037-f58c1a4af078,The London Police x SUYE Utility Coin,collectible,24,2026-10-06 05:15:45
b4cd3e4c-b76d-4c35-9ce4-434bc731d9e3,Crate Expectations (2018),collectible,53,2026-10-06 05:15:45
7baca69c-34f2-454d-8cc2-cbf619ff74f0,Thena,collectible,14.99,2026-10-06 05:15:45
0cd81d92-e369-4339-bb20-d64a7076c4e7,Radiant Peach,collectible,66,2026-10-06 05:15:45
f09d3ca4-d90a-4844-a28b-3207b87161a4,Bat-Signal,collectible,4,2026-10-06 05:15:45
bfce2c61-9279-4ba2-a27b-fedd5db3672e,Oceania,collectible,3.5,2026-10-06 05:15:45
52a97c71-02e6-454a-ac2b-0a35600c1f9d,Thor - Marvel Metallic Red,collectible,69.99,2026-10-06 05:15:45
9f7d75e4-ccad-4428-95fa-018904c9bb9b,Blue Eye,collectible,500,2026-10-06 05:15:45
4804e172-42a2-419f-b1f0-431ece52c00a,Deadpool – Ugly Sweater Party,collectible,2,2026-10-06 05:15:45
4b8a8588-35f6-4c29-9c2d-d926e3b2df1b,Maki Machine,collectible,125,2026-10-06 05:15:45
a35a6323-40ba-4c70-b65c-99c166f6c507,Dog,collectible,20,2026-10-06 05:15:45
90292d18-e568-4cd8-bab7-cf2494cc9157,JENNIE Pink Venom 4,collectible,29.99,2026-10-06 05:15:45
eda50111-815e-42c0-8748-1f34b35c5c36,Emma Frost - Hellfire Gala #1 (2022),collectible,9.85,2026-10-06 05:15:45
5df2f9ab-f9d0-4aff-af42-f468a8e0c2bb,Emma Frost - Marauders #21 (2021),collectible,22,2026-10-06 05:15:45
454c8252-7aaa-49fb-bca5-ec1ba8776309,White Tiger,collectible,23,2026-10-06 05:15:45
f13e1d28-20e3-473d-af6b-2d6e12ce8bbe,The Inflatable DJ Octo,collectible,22,2026-10-06 05:15:45
0eefeae3-c26a-4c95-b1a5-bd6803d4aeee,Lunar New Year: Dragon,collectible,1.5,2026-10-06 05:15:45
f210cd03-99a2-4a22-af3b-dc544ac84b4d,Rogue - 90’s X-Men,collectible,18,2026-10-06 05:15:45
e04d5ee6-b10d-4a4e-b1d7-0e875b59e221,Happy Lunar New Year! - Black,collectible,350,2026-10-06 05:15:45
eedb84f2-a80e-4ed2-983b-7f3e8684fd7a,Locked and Loaded,collectible,7,2026-10-06 05:15:45
e12e243b-e88f-4622-b0da-599c54385255,ZAP! - Gold,collectible,59,2026-10-06 05:15:45
a642596a-72cb-4e46-97ce-2f2798a3412a,Cogsworth and Lumiere,collectible,22,2026-10-06 06:19:06
86a1c74b-4fff-4729-9cf9-57d92f29e053,Steve Rogers,collectible,6,2026-10-06 06:19:06
17258a03-cd19-4f5a-b355-bf6a0b4eea07,The Galactica (BS-75),collectible,32.87,2026-10-06 06:19:06
f35e3e0b-dc86-462d-b06b-9c0abe74b924,ECOMI Logo Red Circle,collectible,7,2026-10-06 06:19:06
b5c014a8-3ab8-41a5-95e9-ead8e63896d1,Die Another Day - UK Quad,collectible,100,2026-10-06 06:19:06
8e561f57-6f16-49d2-b6f1-06fa9576feec,Gaze,collectible,430,2026-10-06 06:19:06
43f8507e-4ad6-420b-b6ca-1c1b86d9e275,Captain America – The First Avenger,collectible,5.3,2026-10-06 06:19:06
4804e172-42a2-419f-b1f0-431ece52c00a,Deadpool – Ugly Sweater Party,collectible,2.3,2026-10-06 06:19:06
c00630d3-6aaa-412a-a9d3-ffe68fceba5a,Donatello - Classic,collectible,9.99,2026-10-06 06:19:06
8a23cfee-33f5-4a13-8cff-504d63681262,Trilad,collectible,25,2026-10-06 06:19:06
e2782558-fce9-438b-be3c-84e1539af4c4,Stormtrooper Helmet - Cross Section,collectible,3.5,2026-10-06 06:19:06
f210cd03-99a2-4a22-af3b-dc544ac84b4d,Rogue - 90’s X-Men,collectible,29.99,2026-10-06 06:19:06
54d56b34-9b8e-4f52-90df-185eb9935a2d,Felix – Distant Flame,collectible,11,2026-10-06 06:19:06
b3e72baa-51de-496f-80ba-4a66dc33591c,Ghostbear - White,collectible,4.42,2026-10-06 06:19:06
969d91bf-5ffe-4c53-9249-20d4659d5fcc,Speedy The Racing Snail Box,collectible,15,2026-10-06 06:19:06
bd273292-2dd8-49f1-9199-f8dbfe7cd62d,Small Generator,collectible,2.95,2026-10-06 06:19:06
9c3d7ce4-b2cf-42cb-9c61-af108f145068,Matt Murdock - The Daredevil's Focus,collectible,15.95,2026-10-06 06:19:06
f57e1a2b-be41-4007-8d67-7fac23b39b70,Pyro Machine,collectible,2.6,2026-10-06 06:19:06
8c448663-6552-41cf-8490-1a8c073c38bb,Confetti Machine,collectible,2.6,2026-10-06 06:19:06
b87927b2-6ad2-43ee-ae88-cfd7a2668e15,Bubble Machine,collectible,2.6,2026-10-06 06:19:06
2e31455d-8c38-405d-b2f6-50b2e5d27ea0,Iron Man,collectible,64.99,2026-10-06 08:21:51
c80fcf06-5894-4482-ad1f-e0b9389d3c77,Captain America – Ultimate Animated,collectible,400,2026-10-06 08:21:51
41505b27-6b61-4951-835f-d8976df8fcbf,Spider-Man 2099,collectible,199,2026-10-06 08:21:51
df101af2-42fe-4af4-bc51-f8826a6022aa,I Have You In My Sights,collectible,50,2026-10-06 08:21:51
a642596a-72cb-4e46-97ce-2f2798a3412a,Cogsworth and Lumiere,collectible,20.99,2026-10-06 08:21:51
f64f5581-0640-4c33-873d-1d798c086e24,Stormtrooper,collectible,12.9,2026-10-06 08:21:51
f772a5b4-03af-444d-a608-c2c271def046,Deadpool – Ultimate Animated,collectible,80,2026-10-06 08:21:51
f5a393e0-13d2-40a3-8c6f-075709139d24,Daisy Duck,collectible,10.99,2026-10-06 08:21:51
de9963c9-bf18-4b0c-bb4a-6646b116ef47,Rafael Grampá Batman,collectible,24.99,2026-10-06 08:21:51
0f7f4637-f5d1-4fe0-abea-8ac280707995,Black Panther,collectible,83,2026-10-06 08:21:51
1969839e-04bc-4433-801f-3a2007e410f4,You'll find that I’m full of surprises,collectible,18.95,2026-10-06 08:21:51
11f07bd6-7fc3-4516-897a-0da17d09abe5,#60 Dick Sprang Batman,collectible,11.99,2026-10-06 08:21:51
0deb4d99-746c-463e-80f9-43c724334c8f,Smorkin' Labbit - Choice Cuts,collectible,12.99,2026-10-06 08:21:51
94d57d40-8f63-4ac0-9dd8-86b82da93d79,Title IX - Block of 4,collectible,19.5,2026-10-06 08:21:51
a494f556-ebcd-4252-b4ec-ccd52c331c5c,Mickey,collectible,18.5,2026-10-06 08:21:51
ba623eaa-2499-424b-8a36-3750ae2e509b,Beast,collectible,10.99,2026-10-06 08:21:51
a22bd4e8-6ded-4d1d-af3e-19c35fa70ec4,Peter Parker,collectible,45,2026-10-06 08:21:51
1c2c833d-3e70-4e7e-b589-0c24832a58cd,Katara,collectible,9.9,2026-10-06 08:21:51
38eb4855-5bfe-40a3-922d-54dc7fb3520b,Remember Us - Vital Voices II,collectible,9.4,2026-10-06 08:21:51
560171d9-021c-4447-9015-2b32714c74f7,X-Men Logo,collectible,9.4,2026-10-06 08:21:51
98f7d0b0-8373-4037-a49f-2db41b24f168,Sokka,collectible,7.9,2026-10-06 08:21:51
3ef7e3a8-12fa-47b5-afed-6bac8384c137,Flaky,collectible,14.99,2026-10-06 08:21:51
757f2c07-4143-4c27-a43d-0014e054ea22,Exploiter,collectible,4.5,2026-10-06 08:21:51
04c1b81f-a6c9-4c57-be41-5f25001cfe44,Epiko Logo - Original,collectible,12.99,2026-10-06 08:21:51
545f8c91-7a0e-4bd4-83d5-c806fe2d832b,Foam Machine,collectible,6.98,2026-10-06 08:21:51
f4ba3117-9a23-4ab7-b489-2908ccb176c6,Sandman,collectible,6.99,2026-10-06 08:21:51
969d91bf-5ffe-4c53-9249-20d4659d5fcc,Speedy The Racing Snail Box,collectible,14.5,2026-10-06 08:21:51
d37184af-298d-4b47-ae13-819fb234b80d,Episode 12 - Arise,collectible,2.5,2026-10-06 08:21:51
e075643b-0f54-43dc-b020-755db00e1b3f,Strobe Light Machine,collectible,3,2026-10-06 08:21:51
b87927b2-6ad2-43ee-ae88-cfd7a2668e15,Bubble Machine,collectible,3,2026-10-06 08:21:51
f57e1a2b-be41-4007-8d67-7fac23b39b70,Pyro Machine,collectible,3,2026-10-06 08:21:51
8c448663-6552-41cf-8490-1a8c073c38bb,Confetti Machine,collectible,3,2026-10-06 08:21:51
1f0a1a89-e8d4-4d4c-a841-3ffa19df4d01,David’s Doo Black,collectible,1.9,2026-10-06 08:21:51
9bbf3fa3-9b0c-446d-9b17-f6e452b070c7,Black Panther – Wakanda Forever,collectible,7.65,2026-10-06 09:22:53
3433ffd5-0721-4346-b556-8ff18d545c27,Mickey Sorcerer's Hat,collectible,109,2026-10-06 10:26:35
da4f0ab8-00be-498e-8784-bde7d0d105e2,#56 Bruce Timm Harley Quinn,collectible,90,2026-10-06 10:26:35
7a736163-6ff5-446d-9a74-c73fa1959e2c,Dragon Girl - Gold,collectible,99,2026-10-06 10:26:35
aadb24d5-07a5-4630-a937-60af8a8ef08e,Edo,collectible,66,2026-10-06 10:26:35
4f992ee1-d183-485d-a9c9-00695bc727de,Jim Lee Batman V3,collectible,6.15,2026-10-06 10:26:35
e395a1f1-c561-45a2-a13e-f62adb8297a3,Transformative Potion,collectible,80,2026-10-06 10:26:35
9ab7ce3a-cdc7-4d0c-bd6c-9063a85f8271,Stay Puft Marshmallow Man,collectible,18,2026-10-06 10:26:35
ced96cf7-496b-49f5-8ad7-d4963127a980,Keith - Red Lion,collectible,57,2026-10-06 10:26:35
ad1dc02e-0225-47e8-8cbc-93b5b4a7646e,Iron Man,collectible,16.25,2026-10-06 10:26:35
c00630d3-6aaa-412a-a9d3-ffe68fceba5a,Donatello - Classic,collectible,12,2026-10-06 10:26:35
8fb5ccce-9c4a-49ab-b206-440767b49495,Loki,collectible,4,2026-10-06 10:26:35
f6894d7e-b148-4f5a-a848-b366a5edaa29,Edward - Pirate’s Rest,collectible,25,2026-10-06 10:26:35
247ed551-4606-4497-bec5-9742019e8f95,Look to the Surface,collectible,150,2026-10-06 10:26:35
6f50e277-3594-4485-8bd5-7d6fd84bee82,Coca-Cola Neon Sign - Spinning Disc,collectible,199,2026-10-06 10:26:35
38eb4855-5bfe-40a3-922d-54dc7fb3520b,Remember Us - Vital Voices II,collectible,13.44,2026-10-06 10:26:35
560171d9-021c-4447-9015-2b32714c74f7,X-Men Logo,collectible,13.5,2026-10-06 10:26:35
a35a6323-40ba-4c70-b65c-99c166f6c507,Dog,collectible,19,2026-10-06 10:26:35
0b9cbb5a-7c04-4b6c-ab53-e401c6096618,Lunar New Year: Snake,collectible,2.88,2026-10-06 10:26:35
64cf903a-bdb0-4bcd-8d1d-f18f362afecd,Darth Vader Samurai - Eyes of the Empire,collectible,29.9,2026-10-06 10:26:35
94bcc472-9ecb-41f0-b8bf-f5b0b4e85e37,Gambit - Trenchcoat Tactician,collectible,3,2026-10-06 10:26:35
867dc17b-9dbd-4fe5-818d-d7b02c34f79f,The ADDICTION Silver Logo,collectible,33,2026-10-06 10:26:35
545f8c91-7a0e-4bd4-83d5-c806fe2d832b,Foam Machine,collectible,7.98,2026-10-06 10:26:35
63efb8fd-b8a6-4b59-97a5-972d9edcdfca,Josh Divine - Biting Vase - Seeing Plant,collectible,38,2026-10-06 10:26:35
969d91bf-5ffe-4c53-9249-20d4659d5fcc,Speedy The Racing Snail Box,collectible,15,2026-10-06 10:26:35
d23fe8eb-7882-40fc-8e4d-16a0f81e1847,B-Rank Essence Stone,collectible,3.99,2026-10-06 10:26:35
9c93d4b4-2dab-4c9d-b5e2-0f29e791bd39,Electro,collectible,5.8,2026-10-06 10:26:35
29e16f1c-8bc5-47cb-8b2e-ab133d6dace0,Cereal Chiller,collectible,2.7,2026-10-06 10:26:35
1e686588-d7fe-40bc-81be-15d2ca5be3fb,Mysterio,collectible,7.7,2026-10-06 10:26:35
8c448663-6552-41cf-8490-1a8c073c38bb,Confetti Machine,collectible,2.99,2026-10-06 10:26:35
cf3f2223-ece8-4b79-8970-8fca656ea481,Smoke Machine,collectible,2.9,2026-10-06 10:26:35
e075643b-0f54-43dc-b020-755db00e1b3f,Strobe Light Machine,collectible,2.9,2026-10-06 10:26:35
182d55b2-23c7-4270-8f44-16682cc07eec,Record #2 - Fame Finds The Village Idiot - Original,collectible,2.65,2026-10-06 10:26:35
53ff9a39-afb8-4a2e-b9de-516d6ea965d5,Laser Beam Machine,collectible,2.56,2026-10-06 10:26:35
754ec0f3-cbd5-4854-893d-608d5fa74631,Nemo,collectible,22000,2026-10-06 11:33:16
aadb24d5-07a5-4630-a937-60af8a8ef08e,Edo,collectible,65,2026-10-06 11:33:16
f35e3e0b-dc86-462d-b06b-9c0abe74b924,ECOMI Logo Red Circle,collectible,7.2,2026-10-06 11:33:16
07375ff1-8173-41c8-998a-217949117e67,Sharkbite,collectible,22,2026-10-06 11:33:16
7a892a43-f3b9-4542-ab17-7fd15022899a,Thunderbird,collectible,12.99,2026-10-06 11:33:16
a86cc68d-be1a-49c8-a123-96c5959b7ca3,Sewer Manhole - Gold,collectible,578,2026-10-06 11:33:16
73e1e322-b59c-4a65-983d-9d58c7b10434,Coca-Cola Holiday Caravan,collectible,7.9,2026-10-06 11:33:16
bda03b90-7740-4ec4-b011-9e6a7a971d60,Deadpool’s Chimichanga Truck,collectible,5,2026-10-06 11:33:16
70fa2eb4-2890-4d80-92cf-f94c006583de,Cryo-Can,collectible,29.99,2026-10-06 11:33:16
bcfde4d8-5fec-45ce-99ee-3b16a62dbc25,Floating Toby,collectible,14,2026-10-06 11:33:16
a22bd4e8-6ded-4d1d-af3e-19c35fa70ec4,Peter Parker,collectible,43,2026-10-06 11:33:16
4fedbd43-ba8e-45ec-8359-3d235ea17e60,Kingo,collectible,1.41,2026-10-06 11:33:16
0828162e-a0e2-44a7-8e00-f86bbde3fd86,Marina,collectible,3.8,2026-10-06 11:33:16
be0c63aa-8fc1-4037-99cb-862713e65001,Avengers Tower - Marvel Metallic Red,collectible,55,2026-10-06 11:33:16
9e0ec309-fc0b-4286-b116-a607ee2e7cc3,Holiday Elves - Block of Four,collectible,11,2026-10-06 11:33:16
98f7d0b0-8373-4037-a49f-2db41b24f168,Sokka,collectible,9.99,2026-10-06 11:33:16
6a16c802-bd86-4597-ac21-35b2a495cd55,Lei-la,collectible,5,2026-10-06 11:33:16
ad5b7ae1-ad36-44e6-9dbd-a57e8b1a94bc,Tesseract,collectible,3.5,2026-10-06 11:33:16
8197f403-df07-45d8-9435-e4b30465250c,Fantasma,collectible,3.1,2026-10-06 11:33:16
9ed0e046-53f4-4c10-80e9-7cac8a0a01c9,Coca-Cola – 1900 Labeled Bottle,collectible,8,2026-10-06 11:33:16
db32e4a3-e1c7-4f3f-a2c5-ae54ed27c637,1938 Rutherford B. Hayes,collectible,6.38,2026-10-06 11:33:16
3ecf56b1-5b35-4713-8032-37a3e789ef65,Coca-Cola – 1899 Bottle,collectible,5,2026-10-06 11:33:16
30c99f6d-b603-47d4-a30b-626c9baa0ae2,1938 James Buchanan,collectible,2.48,2026-10-06 11:33:16
04c1b81f-a6c9-4c57-be41-5f25001cfe44,Epiko Logo - Original,collectible,11,2026-10-06 11:33:16
7dba3b40-2198-4e9a-92dc-4f4874c30e39,Night Trooper - Unleashed,collectible,18,2026-10-06 11:33:16
e075643b-0f54-43dc-b020-755db00e1b3f,Strobe Light Machine,collectible,2.8,2026-10-06 11:33:16
ec00071b-05f6-4fbd-9b35-cbcbfb88c996,Mr. V,collectible,2.99,2026-10-06 11:33:16
431c6749-4010-45c0-9af3-8bb0caa5f31c,Taking it Back (7 of 7),collectible,27,2026-10-06 11:33:16
235379ec-7004-4053-9528-20f530419148,VeVe Heart Logo - Green,collectible,222,2026-10-06 12:35:17
a31da526-c03e-49b0-8c10-c93a243a9fb5,Blue - Attack Ready,collectible,18,2026-10-06 12:35:17
fe5be1bb-4c44-4ca3-985a-0d5a2e2c4a30,Dragon Girl - Silver / Black,collectible,18,2026-10-06 12:35:17
8b6f7901-07e9-40a7-ad50-2c95929f134d,#77 Jason Fabok Batman,collectible,15,2026-10-06 12:35:17
3de45cbc-3a22-433d-92c0-a8099d775e8d,Green Lantern (Hal Jordan),collectible,27.99,2026-10-06 12:35:17
17e0ad50-e443-46f9-9016-0f79c5753a7a,Kaiju Tokigold,collectible,100,2026-10-06 12:35:17
7a892a43-f3b9-4542-ab17-7fd15022899a,Thunderbird,collectible,12.49,2026-10-06 12:35:17
d8724482-0b99-4818-9a3f-c76bea0e8ee8,Mariachi - Trumpet Player,collectible,9.95,2026-10-06 12:35:17
2bc5bee2-7cf8-4d51-96f8-e15f57f45359,Ultraman Collectible Poster,collectible,90,2026-10-06 12:35:17
4f5842c9-cddf-45f5-8585-f68f73e6f227,Edo Stormtrooper - Volley,collectible,89.33,2026-10-06 12:35:17
708816f9-0027-4e0c-b5b8-48eaf06df734,DJ Big Bot - Gold Rust,collectible,150,2026-10-06 12:35:17
69227665-8301-4c3b-a2ad-35729f1c3479,Stormtrooper - Crouching,collectible,25,2026-10-06 12:35:17
40f03ab2-65d1-445b-a66c-1fb1ec751621,Aquatic Plant - Big Bronze 2,collectible,9.95,2026-10-06 12:35:17
a72a940f-3713-4072-8736-415a64444d47,Take That Rabbid,collectible,21,2026-10-06 12:35:17
bba0290e-1506-4702-a8fb-c1892b5bb638,Back to the Future,collectible,31,2026-10-06 13:35:38
bc74cd99-3dd5-440a-8105-a1c9f37596a9,Oscar the Grouch - Gold,collectible,27,2026-10-06 13:35:38
1c18f6f3-aa1d-4de1-a77d-f67ef47c2836,Sadness Memory Orb,collectible,100000,2026-10-06 14:39:32
e7735bff-6de9-45b5-8b33-98a2816ccaf3,CHOICES (Ultraviolet),collectible,9500,2026-10-06 14:39:32
2cf09235-f140-422e-a800-d0b049fbaff0,C-3PO,collectible,69,2026-10-06 14:39:32
606b52d3-4562-4e3f-b217-e1b60efd6f7d,Chip n’ Dale,collectible,45.99,2026-10-06 14:39:32
b0ecb0a5-2c77-47fc-b295-2e2a96278781,Iron Man,collectible,43,2026-10-06 14:39:32
11bc19eb-ef1b-4fa0-8e0d-1a8281197e90,Ghost-Spider,collectible,9,2026-10-06 14:39:32
fa0b161c-5a8d-42ed-9baa-1848c7e1a7da,Marvel Logo,collectible,62,2026-10-06 14:39:32
9f428e38-ab8d-446b-8037-f58c1a4af078,The London Police x SUYE Utility Coin,collectible,20,2026-10-06 14:39:32
4f992ee1-d183-485d-a9c9-00695bc727de,Jim Lee Batman V3,collectible,5.98,2026-10-06 14:39:32
f35e3e0b-dc86-462d-b06b-9c0abe74b924,ECOMI Logo Red Circle,collectible,6.88,2026-10-06 14:39:32
ef4745e5-f59f-4dcb-a886-a9026517ff60,Jurassic Park Gates,collectible,29,2026-10-06 14:39:32
9948817c-98d0-4272-98e7-5b769b40cb4d,Robocop - Animated,collectible,43,2026-10-06 14:39:32
05df9412-ca87-4492-8454-81f73a88c171,MOTOMICHI - Eyes,collectible,12.97,2026-10-06 14:39:32
22a75249-d8f6-417d-8061-7ea04df54e46,Moon Knight 1,collectible,4,2026-10-06 14:39:32
f722b975-b19f-4ec4-bfa8-4752c02fa902,Kraven,collectible,15,2026-10-06 14:39:32
49bb3164-c4b0-4970-b6b2-740d7829e185,Avengers Tower,collectible,21.86,2026-10-06 14:39:32
840cd502-351b-4397-b1c0-1cfcb612b799,Grogu,collectible,15.77,2026-10-06 14:39:32
611ca783-461f-4b52-8eb3-d9aeb29613ca,Kate Bishop,collectible,69.9,2026-10-06 14:39:32
c62142c0-cf6b-4d96-92dd-ad0140ab0a41,Miles Morales,collectible,13,2026-10-06 14:39:32
2155ec3c-d999-4fcc-9e79-b204da2319ab,Hawkeye,collectible,75,2026-10-06 14:39:32
4a8e584e-4cd0-47e8-8954-af74c52d90fe,Invisible Woman,collectible,2,2026-10-06 14:39:32
8fb5ccce-9c4a-49ab-b206-440767b49495,Loki,collectible,4.99,2026-10-06 14:39:32
37a67fd7-bc6f-4902-b73e-9d175399bd03,Wolverine - Battle Ready,collectible,16,2026-10-06 14:39:32
0baafb78-053e-43ca-a4b7-1608fa7ef736,Big Bird,collectible,9.86,2026-10-06 14:39:32
a1273f2c-934d-4c2a-a17f-3d1be7278c6a,On the Prinsengracht in Amsterdam,collectible,169,2026-10-06 14:39:32
8c2a6f95-80eb-47db-9e64-ccebb639d0d7,VeVe Logo White Green,collectible,26,2026-10-06 14:39:32
ba623eaa-2499-424b-8a36-3750ae2e509b,Beast,collectible,9,2026-10-06 14:39:32
7865e918-bd8f-4ef9-b529-3ac0d3f85f02,Buzz Lightyear – Laser Lock,collectible,25,2026-10-06 14:39:32
22434091-c9c0-4ed8-b2f5-d9b591efb60e,Foster - Blue Metallic,collectible,500,2026-10-06 14:39:32
9de0fd51-f57e-4888-8fdc-ce7674a9b06a,1938 Benjamin Harrison,collectible,9.95,2026-10-06 14:39:32
f91fbba9-e5f3-4d7d-93b4-91efacbc0b27,Spider-Man 2099 - Genetic Awakening,collectible,9,2026-10-06 14:39:32
8fc5ef65-80b8-4b61-9cad-3a8de0cc472a,Nessie,collectible,2,2026-10-06 14:39:32
9ff15a97-acc4-4053-a3c6-febfed4aa0c2,1851 George Washington (originally 12 cents),collectible,3,2026-10-06 14:39:32
a35a6323-40ba-4c70-b65c-99c166f6c507,Dog,collectible,13,2026-10-06 14:39:32
fdf96808-8a2a-4ff8-b5d9-a395c1b37d00,VeVe Flags - Portugal - 2025,collectible,50,2026-10-06 14:39:32
ad68e422-4e87-41f7-8155-39002803685c,VeVe Flags - UK - 2025,collectible,50,2026-10-06 14:39:32
d0122a89-aac8-4527-a413-7267041c59be,VeVe Reveal,collectible,29.99,2026-10-06 14:39:32
be594ab2-f648-475c-9334-9a50a71d5982,VeVe Heart Logo - Blue,collectible,28,2026-10-06 14:39:32
ac35ac09-cbf8-48a8-82b5-e0604ffe5021,VeVe VIP Ticket - NYCC 2024,collectible,12.3,2026-10-06 14:39:32
6ad91db7-f2d6-4381-8072-cc495342cdf1,Fashionista,collectible,3.95,2026-10-06 14:39:32
ba7151f1-eba5-487d-87c9-3159fbc70bf8,Red Noggles,collectible,33,2026-10-06 14:39:32
af8ea121-6321-4fbd-9958-d03a49fb604f,LA Strong - Black Heart,collectible,25,2026-10-06 14:39:32
09bfcac2-3930-4191-ae89-8aad25d47f69,Nakia,collectible,3,2026-10-06 14:39:32
92aa9444-e4f7-4961-b815-eef04b1313a8,VeVe Christmas Tree - Gold,collectible,1.8,2026-10-06 14:39:32
47803fa0-69bb-4934-9a09-7370a0faa981,Graffi ver. Night,collectible,38,2026-10-06 14:39:32
d8724482-0b99-4818-9a3f-c76bea0e8ee8,Mariachi - Trumpet Player,collectible,2,2026-10-06 14:39:32
6d17c72e-5783-4c86-afd3-95850d625ad7,RUNNING MON ver. VEVE JACKET,collectible,30,2026-10-06 14:39:32
f04b6773-5813-4792-b3ae-8b2b33cefc04,VeVe Maintenance,collectible,15.5,2026-10-06 14:39:32
856227a4-716c-4b50-893c-d16a4fc93e33,Night Trooper Exposed - Unleashed,collectible,21.94,2026-10-06 14:39:32
c0d053ea-02fc-4427-9112-2cfd68aa5fac,Alchemy of Radiance,collectible,40,2026-10-06 14:39:32
38df9c4a-4da8-4271-a861-9f9dcfde2e1a,Single 1d 'Lake Taupo' gummed stamp,collectible,2,2026-10-06 14:39:32
d337ae7f-f785-48e3-b2cb-88d13b3e2469,LA Strong - Blue Heart,collectible,12,2026-10-06 14:39:32
9c59db14-07b4-4fe5-abb8-01470655dbac,LA Strong - Tan Heart,collectible,20,2026-10-06 14:39:32
158cf956-dbe3-48f4-9d41-68fa97acf97e,Kaiju Tokimon,collectible,2,2026-10-06 14:39:32
1915a00c-506e-4cd7-a346-948898bb22c4,Sun,collectible,14.41,2026-10-06 14:39:32
36adfd74-e06b-4b10-a4a3-01fc13113d8d,Foam Machine - Gold Edition,collectible,16.5,2026-10-06 14:39:32
a05e5e16-5e63-4d0c-a429-d67d5bb05e71,Dharma Tiger,collectible,2,2026-10-06 14:39:32
b5ee952e-4674-41a1-a985-17664336e905,"Good Food, Good Fortune",collectible,2.99,2026-10-06 14:39:32
eef9e3ab-a2bd-44ef-b10f-bc58be804cbd,On the Way to Work,collectible,34.97,2026-10-06 14:39:32
8424b8e4-01ad-4c77-b816-d728bc74b647,Bowling,collectible,8.5,2026-10-06 14:39:32
53ff9a39-afb8-4a2e-b9de-516d6ea965d5,Laser Beam Machine,collectible,2.94,2026-10-06 14:39:32
f1de663b-7b08-41a4-8ff9-6e21de97cd36,Giving and Receiving,collectible,2.7,2026-10-06 14:39:32
d773dd14-5717-455c-b3a1-f9ffcacb4a6e,LA Strong - Green Heart,collectible,11,2026-10-06 14:39:32
6f5d6b03-da4c-4121-9024-74221436f214,Shadow Trooper - Crouching,collectible,6,2026-10-06 14:39:32
8684b674-49b4-4ece-aa1e-510ed9e5ebaf,Ash - Dark,collectible,66,2026-10-06 14:39:32
182d55b2-23c7-4270-8f44-16682cc07eec,Record #2 - Fame Finds The Village Idiot - Original,collectible,2,2026-10-06 14:39:32
df4040f2-18a2-42d7-b67b-ede12c684102,BLAM!,collectible,1.9,2026-10-06 14:39:32
c99e3fba-dfdd-4753-82f2-408f461e606c,BAM! - Gold,collectible,28.77,2026-10-06 14:39:32
431c6749-4010-45c0-9af3-8bb0caa5f31c,Taking it Back (7 of 7),collectible,23.5,2026-10-06 14:39:32
39b59988-f8b4-4acd-9dcb-f033503cf234,Galactus - Cosmic Devourer Special Edition,collectible,8500,2026-10-06 15:42:33
0af7304b-acef-4994-86cf-dfb6d2858822,Doodle Dog,collectible,971,2026-10-06 15:42:33
5b468c51-d197-4b45-bd12-418365dc5ee3,Sam Wilson - Heart of a Hero Special Edition,collectible,20,2026-10-06 15:42:33
bf242890-3977-47ba-8cc5-d9ac3b2bf7b3,Rogue - Southern Powerhouse Special Edition,collectible,3000,2026-10-06 15:42:33
da4f0ab8-00be-498e-8784-bde7d0d105e2,#56 Bruce Timm Harley Quinn,collectible,39.95,2026-10-06 15:42:33
f64f5581-0640-4c33-873d-1d798c086e24,Stormtrooper,collectible,11,2026-10-06 15:42:33
75e96af3-d4c4-4823-91ed-ea5fe3b7dcf2,Starfire,collectible,150,2026-10-06 15:42:33
c4c2a04b-7a82-424b-8023-dda25c1b6fe6,LISA – Still Power,collectible,299,2026-10-06 15:42:33
4ecac144-fa6a-4d23-9b8d-36e6f2092499,Darth Vader Samurai - Blade of the Empire,collectible,199,2026-10-06 15:42:33
ca649d00-5d67-405d-829c-afa85411c1fc,#12 Harley Quinn,collectible,10,2026-10-06 15:42:33
57c94f74-1d3c-4bc1-944b-8c5f95634c36,Aladdin,collectible,18.97,2026-10-06 15:42:33
ff4f925c-6495-4ec3-b8fc-c08aaff142a3,Single 2 1/2d 'Lake Wakatipu' gummed stamp,collectible,59,2026-10-06 15:42:33
600c13fe-cdf4-4958-9828-61a97da4cac6,Usagi (Cosmic Multicolor),collectible,149,2026-10-06 15:42:33
4a1211b1-0144-4827-8014-2120901a5b91,Bigfoot,collectible,1.9,2026-10-06 15:42:33
8fc5ef65-80b8-4b61-9cad-3a8de0cc472a,Nessie,collectible,1.9,2026-10-06 15:42:33
de1e9deb-5145-4ca8-8348-43dcd61b8ddf,Green Truck,collectible,6.99,2026-10-06 15:42:33
f27403e1-afcc-4531-873e-96f5d3553d09,JISOO – Steady Gaze,collectible,80,2026-10-06 15:42:33
505e2fdc-930a-4141-a863-fe9638a47cae,Jean Grey - Uncanny,collectible,25,2026-10-06 15:42:33
c0d053ea-02fc-4427-9112-2cfd68aa5fac,Alchemy of Radiance,collectible,63.99,2026-10-06 15:42:33
60decdb0-2864-4979-85ef-714261cbdb2d,Edo Scout Trooper,collectible,6,2026-10-06 15:42:33
1915a00c-506e-4cd7-a346-948898bb22c4,Sun,collectible,27.5,2026-10-06 15:42:33
987e4ada-20fb-47d1-9900-7fdbff0d023c,Coca-Cola – Hobbleskirt Bottle,collectible,4,2026-10-06 15:42:33
df505c53-043a-4b62-98d9-d0ae80daf968,Winter Whimsy - Blue-Green,collectible,5,2026-10-06 15:42:33
1bacdd79-a711-4a24-9bfa-c0927e871e9a,Chris Robots Will Kill - SUYE Special Sky Blue,collectible,22,2026-10-06 15:42:33
f6e15150-641b-4d8e-b7cc-19027a019d1f,Chris Robots Will Kill - OG,collectible,22,2026-10-06 15:42:33
d773dd14-5717-455c-b3a1-f9ffcacb4a6e,LA Strong - Green Heart,collectible,15,2026-10-06 15:42:33
d4788b46-09e9-4528-bfd0-39a1a9ca087e,Cube,collectible,10,2026-10-06 15:42:33
4845bbab-2ecd-454e-bb8b-1b671a31993b,Usagi (Green),collectible,5.5,2026-10-06 15:42:33
6f5d6b03-da4c-4121-9024-74221436f214,Shadow Trooper - Crouching,collectible,8,2026-10-06 15:42:33
98bbca6f-42b0-4694-a886-12589444fc5d,Graffi ver. Navy,collectible,7.9,2026-10-06 15:42:33
855a0885-86cc-4e17-917f-5968793a0d99,Brewsky,collectible,7,2026-10-06 15:42:33
c8f0ded7-7052-4e35-be76-cb7353ad924b,Monovader - Chrome,collectible,2.6,2026-10-06 15:42:33
2e87137d-51b3-41ee-93e1-80e0e799d6ba,Spider-Man – Hangin’ Out,collectible,31.35,2026-10-06 17:45:49
99cf71f8-8c8b-4782-8b32-b5c55919a939,Classics Forever Souvenir Sheet,collectible,65.99,2026-10-06 17:45:49
f5a393e0-13d2-40a3-8c6f-075709139d24,Daisy Duck,collectible,10.95,2026-10-06 17:45:49
8e153737-9c80-4fd6-ad53-ec839a19c564,Winter Soldier,collectible,91,2026-10-06 17:45:49
3de45cbc-3a22-433d-92c0-a8099d775e8d,Green Lantern (Hal Jordan),collectible,23.75,2026-10-06 17:45:49
94d57d40-8f63-4ac0-9dd8-86b82da93d79,Title IX - Block of 4,collectible,25,2026-10-06 17:45:49
36d4a1e9-2398-4262-ad35-251d5a868865,Kingpin,collectible,50,2026-10-06 17:45:49
8fb5ccce-9c4a-49ab-b206-440767b49495,Loki,collectible,4.98,2026-10-06 17:45:49
d2f007b7-bbd9-45a8-a085-7cb1e5edef9a,Cogsworth,collectible,48.5,2026-10-06 17:45:49
5cef19be-1121-4eea-9b2b-4349f2cfaf18,JISOO Silver/Pink,collectible,40.14,2026-10-06 17:45:49
a494f556-ebcd-4252-b4ec-ccd52c331c5c,Mickey,collectible,14.5,2026-10-06 17:45:49
97a369cd-f9db-45b3-aedb-87aaf31a64e4,Lightning McQueen Base,collectible,18,2026-10-06 17:45:49
0baafb78-053e-43ca-a4b7-1608fa7ef736,Big Bird,collectible,9.63,2026-10-06 17:45:49
e70c5b5f-24c2-4a21-9b33-3108dc9b9433,Log,collectible,250,2026-10-06 17:45:49
0ef6bfe9-c054-400f-b47a-e58911839ba0,Galactus,collectible,17.75,2026-10-06 17:45:49
ad5b7ae1-ad36-44e6-9dbd-a57e8b1a94bc,Tesseract,collectible,4,2026-10-06 17:45:49
98f7d0b0-8373-4037-a49f-2db41b24f168,Sokka,collectible,9.98,2026-10-06 17:45:49
f722b975-b19f-4ec4-bfa8-4752c02fa902,Kraven,collectible,5.99,2026-10-06 17:45:49
595f497d-4d6f-4f58-a19e-ce5dcb942696,Ironheart - Riri Williams,collectible,9,2026-10-06 17:45:49
7ed317cf-5b82-47fa-94ca-69d85591d1e8,Hapjeong Dungeon Key,collectible,8,2026-10-06 17:45:49
4630596f-7c97-4356-a89c-ab458a3f0fca,Groot Thor,collectible,3.93,2026-10-06 17:45:49
d37184af-298d-4b47-ae13-819fb234b80d,Episode 12 - Arise,collectible,2.45,2026-10-06 17:45:49
12d7ac8b-dad2-48a4-930f-5abc5399b121,Boy (Color),collectible,220,2026-10-06 17:45:49
383b2411-0ef9-4ec9-8b7a-2825ebeab4c6,Year of the Horse Medallion,collectible,2.2,2026-10-06 17:45:49
2ab60547-aaf6-4120-828d-cc6372ac3335,Sewer Manhole - Silver,collectible,2,2026-10-06 17:45:49
4836f896-a3b1-4539-a79f-1b0a26bd5a25,Rat,collectible,2,2026-10-06 17:45:49
68f18899-e4af-4bc7-b3c7-09ab74ec0a68,Spider-Man Noir,collectible,620000,2026-10-06 18:49:09
10617c75-f9d0-48cb-b164-fe5b192e8cae,Beta Ray Bill,collectible,70.1,2026-10-06 18:49:09
1969839e-04bc-4433-801f-3a2007e410f4,You'll find that I’m full of surprises,collectible,18.9,2026-10-06 18:49:09
4a8e584e-4cd0-47e8-8954-af74c52d90fe,Invisible Woman,collectible,3.2,2026-10-06 18:49:09
4ceba0e1-b6d4-48a0-a9ad-da51cb24f16c,"Focus, Please!",collectible,4,2026-10-06 18:49:09
842e1d51-02b9-4762-9c4d-12f95f0b12d2,Ken Blue,collectible,119.99,2026-10-06 18:49:09
28a1888a-082b-4cd3-9e92-aaec901f84c6,Ghostbear - Blue,collectible,19.99,2026-10-06 18:49:09
c97d900d-5334-45b3-ab56-bafc78e56912,Aang - Earthbender,collectible,25,2026-10-06 18:49:09
0c07f0cf-3bbe-4176-9f12-693cad110d08,Year of the Tiger,collectible,9.99,2026-10-06 18:49:09
193323d3-79fe-4b42-b144-ef1c227aaca1,Death Trooper - E-11D Blaster Rifle,collectible,2.7,2026-10-06 18:49:09
d324d199-8532-4449-b67b-fdad373da71a,Stormtrooper - Running,collectible,5.5,2026-10-06 18:49:09
c5ec6386-9376-404d-829e-c316e1b0d6e0,Spooky Silhouettes - Spider,collectible,4.4,2026-10-06 18:49:09
7f7d3588-103e-414e-a1b1-71b1a1f7a7bd,David’s Doo Gold,collectible,99,2026-10-06 18:49:09
545f8c91-7a0e-4bd4-83d5-c806fe2d832b,Foam Machine,collectible,6.99,2026-10-06 18:49:09
f4ba3117-9a23-4ab7-b489-2908ccb176c6,Sandman,collectible,7.3,2026-10-06 18:49:09
5cd66930-0cc0-4ab5-ad77-9ff7f1e56bf2,Anthony,collectible,40,2026-10-06 18:49:09
7dba3b40-2198-4e9a-92dc-4f4874c30e39,Night Trooper - Unleashed,collectible,19,2026-10-06 18:49:09
b776491b-5416-4d8e-9e82-794e83704b7a,Potball X-1,collectible,10000000,2026-10-06 19:49:39
6b20478c-310f-4e68-85ef-80b6748cbace,KFC Colonel Sanders - NYCC 24 Special Edition,collectible,2500,2026-10-06 19:49:39
2574a367-7ea1-4f57-be52-f226c2ed6e70,#89 Batman,collectible,9,2026-10-06 19:49:39
fc394894-444f-43ad-927b-19390c5eef03,Harley Quinn Deluxe 2,collectible,13,2026-10-06 19:49:39
dd94e937-9be1-4fcb-b2ed-e90951df2213,1985 Coca-Cola Space Can,collectible,26.9,2026-10-06 19:49:39
49bb3164-c4b0-4970-b6b2-740d7829e185,Avengers Tower,collectible,29.9,2026-10-06 19:49:39
37353ee5-47b8-4498-a220-7851c6dd0923,Michelangelo - Classic,collectible,22,2026-10-06 19:49:39
7b39db08-adcb-4dc8-bfc2-4511197c5625,Eye of Agamotto - Open,collectible,9.2,2026-10-06 19:49:39
ad1dc02e-0225-47e8-8cbc-93b5b4a7646e,Iron Man,collectible,16.1,2026-10-06 19:49:39
8fb5ccce-9c4a-49ab-b206-440767b49495,Loki,collectible,4.99,2026-10-06 19:49:39
c00630d3-6aaa-412a-a9d3-ffe68fceba5a,Donatello - Classic,collectible,11.95,2026-10-06 19:49:39
97434abe-b70a-4b53-b748-c727b01bfc60,The Punisher - Armed and Relentless,collectible,21.5,2026-10-06 19:49:39
7b3e117c-fc0e-459f-9792-b131935e3135,1860 George Washington (originally 24 cents),collectible,3.95,2026-10-06 19:49:39
2a1c126f-df51-4957-8f5c-db0b9375ecf8,Shadow Trooper - Squad Leader,collectible,2.5,2026-10-06 19:49:39
de1e9deb-5145-4ca8-8348-43dcd61b8ddf,Green Truck,collectible,6,2026-10-06 19:49:39
158cf956-dbe3-48f4-9d41-68fa97acf97e,Kaiju Tokimon,collectible,2,2026-10-06 19:49:39
39c4b021-c6e7-479d-ab1d-8de90749d729,DJ Big Bot - Rust,collectible,2.89,2026-10-06 19:49:39
36adfd74-e06b-4b10-a4a3-01fc13113d8d,Foam Machine - Gold Edition,collectible,16.5,2026-10-06 19:49:39
8f791d43-a31c-406e-90b1-df084c1498ba,Java Joe,collectible,4,2026-10-06 19:49:39
e075643b-0f54-43dc-b020-755db00e1b3f,Strobe Light Machine,collectible,2.9,2026-10-06 19:49:39
0aed9e36-107d-45dc-b81c-21dc739f946f,Shark Car,collectible,3.77,2026-10-06 19:49:39
6c08d7b3-d794-4fd2-a9c3-1d73f7c740f1,Snail Car,collectible,3.33,2026-10-06 19:49:39
f9b0cd1a-7796-43c4-afcf-ac938ba83f71,Jolene McBean,collectible,2.9,2026-10-06 19:49:39
2e87137d-51b3-41ee-93e1-80e0e799d6ba,Spider-Man – Hangin’ Out,collectible,26.99,2026-10-06 22:55:17
2d319882-cb74-4383-8d91-31ff8fca91c4,Avengers Logo,collectible,55.95,2026-10-06 22:55:17
a642596a-72cb-4e46-97ce-2f2798a3412a,Cogsworth and Lumiere,collectible,20.74,2026-10-06 22:55:17
a23cccf0-e12e-4856-8877-1629e9313ccf,VeVe Logo Gold Silver v2,collectible,400,2026-10-06 22:55:17
9f428e38-ab8d-446b-8037-f58c1a4af078,The London Police x SUYE Utility Coin,collectible,22,2026-10-06 22:55:17
fa0b161c-5a8d-42ed-9baa-1848c7e1a7da,Marvel Logo,collectible,59.99,2026-10-06 22:55:17
c139b711-1f35-40ba-885e-e302c5ea7b66,RUNNING MON ver. VEVE BLUE,collectible,1250,2026-10-06 22:55:17
94e3db13-8cbc-4673-92c0-c75c2d627aa2,Holiday Groot – Ultimate Animated,collectible,11,2026-10-06 22:55:17
a31da526-c03e-49b0-8c10-c93a243a9fb5,Blue - Attack Ready,collectible,17.76,2026-10-06 22:55:17
f35e3e0b-dc86-462d-b06b-9c0abe74b924,ECOMI Logo Red Circle,collectible,7.2,2026-10-06 22:55:17
4c0dba25-adb7-4b5f-88bd-e5939545b656,Ovomorph,collectible,99,2026-10-06 22:55:17
fc394894-444f-43ad-927b-19390c5eef03,Harley Quinn Deluxe 2,collectible,12,2026-10-06 22:55:17
d8bf15a2-5c6c-46ea-97d4-1cbf112c35b5,Captain America – Charging Into Battle,collectible,7,2026-10-06 22:55:17
87f6a7f3-98fc-4c51-bddd-6946a509f760,Too Much Magic!,collectible,6.68,2026-10-06 22:55:17
1fa1a04f-0477-4f7b-a7d5-ba38b85e5bde,Woody,collectible,18.5,2026-10-06 22:55:17
52c66175-587f-4df5-92ea-23dd07836d65,Maui,collectible,28.41,2026-10-06 22:55:17
1049f40a-b3db-42ef-aeec-036b9e4ecd88,Elektra – Lady Daredevil,collectible,7.99,2026-10-06 22:55:17
ee46c303-5b18-4836-b6d8-9865afb2e133,Huracán STO - Bianco Asopo/Blu Le Mans,collectible,16.42,2026-10-06 22:55:17
3ab09024-348e-4e98-9f7d-cbe428fe0d19,Uprising,collectible,12.3,2026-10-06 22:55:17
17e0ad50-e443-46f9-9016-0f79c5753a7a,Kaiju Tokigold,collectible,88.88,2026-10-06 22:55:17
efe5cbdd-b3ed-40e0-9a00-c0c654af5f8e,Goose,collectible,85,2026-10-06 22:55:17
3164f5e3-044d-477d-8022-0a99dead294d,Leonardo - Classic,collectible,12.45,2026-10-06 22:55:17
ecf76de9-38aa-47b0-be70-9cc382a800bb,Howard the Duck - Duckworldian,collectible,90,2026-10-06 22:55:17
12a68b57-417a-46ba-9683-df8a69eb8ba0,Coraline,collectible,3.38,2026-10-06 22:55:17
5648ffff-2516-4782-8c06-a702b06d42a2,Fredzilla,collectible,49,2026-10-06 22:55:17
d6d5078f-5301-4a78-bfe6-e56d90c89b9c,I Am Groot,collectible,9,2026-10-06 22:55:17
a9cf4299-2493-4009-9925-77089d16b4f5,Flying Saucers,collectible,29,2026-10-06 22:55:17
c5b4ed7c-6050-4849-9a62-a2a7f28d1f8e,Larry the Lobster,collectible,3.9,2026-10-06 22:55:17
c9d59609-5b77-4acc-a73d-8a78141e7089,Cap'n Cornstarch,collectible,8.59,2026-10-06 22:55:17
6a2b62f4-4d20-40e5-8676-703921ccf597,Star Wars: Episode VI Return of the Jedi - The Battle of Endor,collectible,21,2026-10-06 22:55:17
a6cc34d4-e9c3-4d8c-8d11-07485d679608,O.G. Greaper - Sket One,collectible,40,2026-10-06 22:55:17
7a50712b-8a87-4d4c-9e0b-90e23cfd7441,Night Trooper Exposed,collectible,5.9,2026-10-06 22:55:17
e8e8f443-c51f-409c-970b-026a7ec7ce20,Ogopogo,collectible,6,2026-10-06 22:55:17
9ff15a97-acc4-4053-a3c6-febfed4aa0c2,1851 George Washington (originally 12 cents),collectible,4,2026-10-06 22:55:17
6002eebd-fe45-402e-89a9-c3eab1233ae1,Larry the Lobster Box,collectible,3.1,2026-10-06 22:55:17
57da1dfd-058b-48db-ab9a-f4fa82eb4db6,Death Trooper Helmet,collectible,8.75,2026-10-06 22:55:17
7b3e117c-fc0e-459f-9792-b131935e3135,1860 George Washington (originally 24 cents),collectible,4.15,2026-10-06 22:55:17
3b91288b-a6ef-475d-8196-e206395749c6,Neapolitan Ting,collectible,22,2026-10-06 22:55:17
49f3c491-5c0e-4976-bef3-076a16e0e54b,Jason Naylor - OPN Heart ANIMATED,collectible,48,2026-10-06 22:55:17
8fc5ef65-80b8-4b61-9cad-3a8de0cc472a,Nessie,collectible,2,2026-10-06 22:55:17
8a23cfee-33f5-4a13-8cff-504d63681262,Trilad,collectible,21.99,2026-10-06 22:55:17
2f4db61b-330b-4322-9a93-ed01a38bb3eb,Savor the Moment,collectible,8.3,2026-10-06 22:55:17
527a3b5d-28c0-430c-bd5b-06c0bbbf8a10,Wet Head,collectible,119,2026-10-06 22:55:17
9e399a2c-e51f-49ed-a1d3-16569550c967,Ultraman - Silent Guardian,collectible,7.5,2026-10-06 22:55:17
cf09e035-d0bd-4ad9-bcab-fd32b5860dcd,Pocahontas,collectible,12.99,2026-10-06 22:55:17
16e8e300-1fa4-4459-9484-a486807cc883,Connor - Assassin's Resolve,collectible,35,2026-10-06 22:55:17
c969fe11-ec20-4f80-ab79-6967f8aa2e16,Happy New Year! 2026 - Tier 7,collectible,85,2026-10-06 22:55:17
1e6de8a0-49ab-4967-a802-5e24b22e92f2,$2.30 Hakeke Harvest Stamp,collectible,6,2026-10-06 22:55:17
cf40be02-2405-42fe-a0f8-5f84a6f21171,VeVe Christmas Tree - Master,collectible,230,2026-10-06 22:55:17
9ed0e046-53f4-4c10-80e9-7cac8a0a01c9,Coca-Cola – 1900 Labeled Bottle,collectible,5.99,2026-10-06 22:55:17
f4ba3117-9a23-4ab7-b489-2908ccb176c6,Sandman,collectible,7.5,2026-10-06 22:55:17
0aed9e36-107d-45dc-b81c-21dc739f946f,Shark Car,collectible,6,2026-10-06 22:55:17
fa602ce7-8fb5-4907-ae1f-d290e852b5b3,$3.30 Garden of Prosperity Stamp,collectible,3.2,2026-10-06 22:55:17
6c08d7b3-d794-4fd2-a9c3-1d73f7c740f1,Snail Car,collectible,6,2026-10-06 22:55:17
2f604b4d-fddf-4120-8dac-8dc4e80db3e3,Crimson Trooper - Crouching,collectible,9.99,2026-10-06 22:55:17
b1ee08d9-b169-4f69-aa6c-51ad7241481b,Stagecoach Dragster,collectible,5.55,2026-10-06 22:55:17
351f7ac8-be07-48d5-9a66-4b2d65982430,Mimban Trooper - Crouching,collectible,8,2026-10-06 22:55:17
1f0a1a89-e8d4-4d4c-a841-3ffa19df4d01,David’s Doo Black,collectible,2.74,2026-10-06 22:55:17
0b30dddf-3574-418d-a501-118c913472bf,Poultry Tank,collectible,3.99,2026-10-06 22:55:17
a42350c5-a1a7-4593-af66-ef91cfeb37a1,Ollie Goodtimes,collectible,6,2026-10-06 22:55:17
10a300f5-9bd8-4d8f-b1d6-82acc9295399,Magic Mike,collectible,5.99,2026-10-06 22:55:17
ff142570-e43a-4f7e-8a15-4668b0e4d332,ZAP!,collectible,4.98,2026-10-06 22:55:17
db6dbd09-d264-4afd-8b2b-030e09e6dcd8,Marco from Queens,collectible,7.68,2026-10-06 22:55:17
ec00071b-05f6-4fbd-9b35-cbcbfb88c996,Mr. V,collectible,2.56,2026-10-06 22:55:17
2e31455d-8c38-405d-b2f6-50b2e5d27ea0,Iron Man,collectible,64.95,2026-10-07 00:03:16
2d319882-cb74-4383-8d91-31ff8fca91c4,Avengers Logo,collectible,55.9,2026-10-07 00:03:16
f772a5b4-03af-444d-a608-c2c271def046,Deadpool – Ultimate Animated,collectible,205,2026-10-07 00:03:16
a31da526-c03e-49b0-8c10-c93a243a9fb5,Blue - Attack Ready,collectible,14.99,2026-10-07 00:03:16
22a75249-d8f6-417d-8061-7ea04df54e46,Moon Knight 1,collectible,5,2026-10-07 00:03:16
3ab09024-348e-4e98-9f7d-cbe428fe0d19,Uprising,collectible,11.28,2026-10-07 00:03:16
6a2b62f4-4d20-40e5-8676-703921ccf597,Star Wars: Episode VI Return of the Jedi - The Battle of Endor,collectible,19,2026-10-07 00:03:16
1fdd304a-5e0d-4ca6-9972-ed4b4da02efd,ODDY ver. GREY,collectible,14.99,2026-10-07 00:03:16
545f8c91-7a0e-4bd4-83d5-c806fe2d832b,Foam Machine,collectible,7.98,2026-10-07 00:03:16
856227a4-716c-4b50-893c-d16a4fc93e33,Night Trooper Exposed - Unleashed,collectible,30,2026-10-07 00:03:16
7f8db4ca-e2d2-4750-80dc-92f122da0bd0,Birdie,collectible,9.5,2026-10-07 00:03:16
36adfd74-e06b-4b10-a4a3-01fc13113d8d,Foam Machine - Gold Edition,collectible,15.99,2026-10-07 00:03:16
8424b8e4-01ad-4c77-b816-d728bc74b647,Bowling,collectible,9,2026-10-07 00:03:16
ec00071b-05f6-4fbd-9b35-cbcbfb88c996,Mr. V,collectible,2.99,2026-10-07 00:03:16
f108a1b1-62eb-473c-88d0-3d340255f4d7,Beach Prank,collectible,2.22,2026-10-07 00:03:16
b504ad62-91e3-485a-861b-023fa09a5f12,BLACKPINK - Sound On,collectible,14.99,2026-10-07 00:03:16
900388bb-8847-4334-8d1a-508de81c4a4d,Superman,collectible,179,2026-10-07 01:04:59
5ab59120-1b5b-473c-9c80-3144d9a6e1d5,"All Together, Now!",collectible,210,2026-10-07 01:04:59
2e31455d-8c38-405d-b2f6-50b2e5d27ea0,Iron Man,collectible,61.9,2026-10-07 01:04:59
a23cccf0-e12e-4856-8877-1629e9313ccf,VeVe Logo Gold Silver v2,collectible,567,2026-10-07 01:04:59
be044aa7-1495-4b34-a3a6-b7303affcdae,Thor - Animated,collectible,39.99,2026-10-07 01:04:59
2975026b-9d14-475b-a356-d35855637309,Hulk - Animated,collectible,38.8,2026-10-07 01:04:59
7e595273-5759-492c-b95d-4db62eaaef88,On Guard,collectible,6.99,2026-10-07 01:04:59
440ef232-772c-441a-8db1-b077a55f445a,Tinker Bell,collectible,99.99,2026-10-07 01:04:59
6b921b0c-6764-4e2f-afd8-75deb784e77e,AT-AT - March of the Empire,collectible,19,2026-10-07 01:04:59
cdcce4ca-2e6f-4f31-bf6a-d91ea7dec3d7,LISA Pink Venom 4,collectible,150,2026-10-07 01:04:59
3481427c-7ec6-4129-8adf-f241937581ce,ROSÉ Pink/Silver,collectible,200,2026-10-07 01:04:59
43f8507e-4ad6-420b-b6ca-1c1b86d9e275,Captain America – The First Avenger,collectible,4.99,2026-10-07 01:04:59
6f38d107-f584-49fc-9679-f2b881a37abe,ROSÉ Pink Venom 4,collectible,150,2026-10-07 01:04:59
88bd7b23-fa5f-4eca-9fb7-a110950cfc9d,Robocop: Jetpack Edition - Animated,collectible,38,2026-10-07 01:04:59
3ab1419c-6ca1-403b-ab70-65d2e8e8ce19,Diamond Light Stick,collectible,189.99,2026-10-07 01:04:59
0baafb78-053e-43ca-a4b7-1608fa7ef736,Big Bird,collectible,9.18,2026-10-07 01:04:59
2da43376-465d-4b88-868d-ce8701f497e1,Human Torch - Fully Ignited,collectible,29,2026-10-07 01:04:59
8fc5ef65-80b8-4b61-9cad-3a8de0cc472a,Nessie,collectible,2.38,2026-10-07 01:04:59
7c6ae06f-0c37-4d39-9129-4ae99b28d93d,Magik - Uncanny X-Men 2013,collectible,40,2026-10-07 01:04:59
769ec7c1-d048-4967-8747-e64114ecc51a,D&D Pepperoni Problems,collectible,75,2026-10-07 01:04:59
4ac4ba4e-9932-4d0e-b085-f6289a8681ff,"Mais Oui, Grand Prix!",collectible,19.5,2026-10-07 01:04:59
52106634-c0eb-445c-a09e-7aa34e05e8d1,Emma Frost - Uncanny 1980,collectible,32,2026-10-07 01:04:59
5df2f9ab-f9d0-4aff-af42-f468a8e0c2bb,Emma Frost - Marauders #21 (2021),collectible,24.99,2026-10-07 01:04:59
ebb6a9d6-fdce-4bba-bcb2-ba30d20fd890,Alert,collectible,7,2026-10-07 01:04:59
0f73e72f-8bc1-48c4-8b70-4e9b4e372003,Namor - Saga of the Sub-Mariner 1988,collectible,25,2026-10-07 01:04:59
d0cb8b88-f65c-4441-9ae9-2b9e63379817,"Ready, Aim, Fire",collectible,19.99,2026-10-07 01:04:59
d3165771-9cad-4a28-b22a-0b2b4208036d,AT-AT - HOTH Deployment,collectible,9500,2026-10-07 02:07:14
7a736163-6ff5-446d-9a74-c73fa1959e2c,Dragon Girl - Gold,collectible,98,2026-10-07 02:07:14
66bf871d-a8d4-474e-a0f2-b1ceb28c7b94,Millennium Falcon,collectible,99,2026-10-07 02:07:14
3ba00608-759f-4b4f-9984-2c6b3e6da842,No Time To Die — Aston Martin DB5,collectible,50,2026-10-07 02:07:14
1b223239-3efd-4140-9791-1e7106f048bc,Starcatcher The Little Prince,collectible,99.99,2026-10-07 02:07:14
32f655e8-3376-411e-8c6d-feedce03890c,Stormtrooper - Shooting,collectible,1010,2026-10-07 02:07:14
53c4a149-6786-4946-a052-7267e8eb7feb,#06 Mike Mignola Batman - Blue & Yellow Variant,collectible,60,2026-10-07 02:07:14
de47a00b-94ce-4df2-ae57-e9f850b2206c,LISA Gold/Silver,collectible,175,2026-10-07 02:07:14
f53a28ee-991b-4401-ab56-c434c96c9453,Chun-Li,collectible,58.95,2026-10-07 02:07:14
cdcce4ca-2e6f-4f31-bf6a-d91ea7dec3d7,LISA Pink Venom 4,collectible,125,2026-10-07 02:07:14
611ca783-461f-4b52-8eb3-d9aeb29613ca,Kate Bishop,collectible,65,2026-10-07 02:07:14
2155ec3c-d999-4fcc-9e79-b204da2319ab,Hawkeye,collectible,69,2026-10-07 02:07:14
cc9e5fc8-50b8-4d65-86d7-3eff279f65cf,Green Goblin - Action,collectible,140,2026-10-07 02:07:14
3481427c-7ec6-4129-8adf-f241937581ce,ROSÉ Pink/Silver,collectible,148,2026-10-07 02:07:14
be8452a6-baa2-4adf-9049-31887af1fa80,Wolverine - Rage Unleashed,collectible,60,2026-10-07 02:07:14
88bd7b23-fa5f-4eca-9fb7-a110950cfc9d,Robocop: Jetpack Edition - Animated,collectible,37,2026-10-07 02:07:14
6f38d107-f584-49fc-9679-f2b881a37abe,ROSÉ Pink Venom 4,collectible,100,2026-10-07 02:07:14
3ab1419c-6ca1-403b-ab70-65d2e8e8ce19,Diamond Light Stick,collectible,150,2026-10-07 02:07:14
ac7aac0b-877e-47de-9b01-06b58030f8a0,The Classic,collectible,85,2026-10-07 02:07:14
3bb4a28b-e7ef-49a7-9930-f5c042f1fbe9,Guile,collectible,43.45,2026-10-07 02:07:14
8afcff93-6e98-44aa-8b60-e3cc0274d76a,The Diamond of the Mines,collectible,40,2026-10-07 02:07:14
0b5e951b-09bd-4b29-9db9-d7ca4814d92c,Janie,collectible,7.75,2026-10-07 02:07:14
b07a5ea1-421a-44ea-b0cf-1236e057a0d3,The Jellyfish Jaunte,collectible,15,2026-10-07 02:07:14
f4434ef5-ee33-4aa1-a039-cee7071fcb6b,The Haunted Window,collectible,20,2026-10-07 02:07:14
fc039424-1fd9-4fe1-aeef-c015a7d284a0,Gamer Rabbid,collectible,5,2026-10-07 02:07:14
d1bed232-54cd-4cd7-a75c-feaaca1cbd80,The Air Dancing Tentacle,collectible,8,2026-10-07 02:07:14
90dc4c4d-7177-4fde-9bae-a42dc5ff7e5c,Foster,collectible,6.5,2026-10-07 02:07:14
7f8db4ca-e2d2-4750-80dc-92f122da0bd0,Birdie,collectible,9.3,2026-10-07 02:07:14
3eaf1638-5c0c-487e-9ceb-ec8e9871e817,The Proof of Greed,collectible,17,2026-10-07 02:07:14
02ab1567-e3b7-4862-bd09-4115bcfed9fc,Max,collectible,4.7,2026-10-07 02:07:14
e075643b-0f54-43dc-b020-755db00e1b3f,Strobe Light Machine,collectible,2.75,2026-10-07 02:07:14
53ff9a39-afb8-4a2e-b9de-516d6ea965d5,Laser Beam Machine,collectible,2.75,2026-10-07 02:07:14
9f428e38-ab8d-446b-8037-f58c1a4af078,The London Police x SUYE Utility Coin,collectible,24,2026-10-07 03:09:28
c01b071c-962a-48d4-9a6a-9a5e73d40abd,Obi-Wan Kenobi,collectible,29,2026-10-07 03:09:28
27227527-80c8-4345-849e-cb9b72893c82,A Darling Little Block,collectible,77.67,2026-10-07 03:09:28
499c8aca-e5c2-45f8-a330-2f773ce0d67e,BLACKPINK NEON LIGHT - ROSÉ,collectible,500,2026-10-07 03:09:28
a512f767-6f55-42d5-b489-a5dfaf7b0cc3,"Lights, Camera, Hijinks!",collectible,7.39,2026-10-07 03:09:28
d98cd2ce-46f0-46bc-b5ca-72e9737c8a44,E-Rank Hunter - Frame,collectible,575,2026-10-07 03:09:28
8a23cfee-33f5-4a13-8cff-504d63681262,Trilad,collectible,40,2026-10-07 03:09:28
f6894d7e-b148-4f5a-a848-b366a5edaa29,Edward - Pirate’s Rest,collectible,21.11,2026-10-07 03:09:28
a9a3706c-32e5-414f-b6f9-3510caa9d855,Weapon Racks – Silver Black,collectible,5,2026-10-07 03:09:28
04b39949-c8f8-4033-9408-0c6e83db4440,Corey - Blue Metallic,collectible,200,2026-10-07 03:09:28
262ca5c3-d806-421d-aa0a-05207e5ea59c,Donatello - IncogNinja,collectible,31.56,2026-10-07 03:09:28
64cf903a-bdb0-4bcd-8d1d-f18f362afecd,Darth Vader Samurai - Eyes of the Empire,collectible,25.25,2026-10-07 03:09:28
60decdb0-2864-4979-85ef-714261cbdb2d,Edo Scout Trooper,collectible,8,2026-10-07 03:09:28
9e399a2c-e51f-49ed-a1d3-16569550c967,Ultraman - Silent Guardian,collectible,6.16,2026-10-07 03:09:28
867dc17b-9dbd-4fe5-818d-d7b02c34f79f,The ADDICTION Silver Logo,collectible,29.29,2026-10-07 03:09:28
97eaad27-9a3e-4b8a-a7ff-96a2789ce00b,The Awakened - Frame,collectible,14.5,2026-10-07 03:09:28
900388bb-8847-4334-8d1a-508de81c4a4d,Superman,collectible,195,2026-10-07 04:11:14
aadb24d5-07a5-4630-a937-60af8a8ef08e,Edo,collectible,63,2026-10-07 04:11:14
1c16c026-5fee-490f-96e5-919636558b8f,Admiral Ackbar,collectible,34,2026-10-07 04:11:14
499c8aca-e5c2-45f8-a330-2f773ce0d67e,BLACKPINK NEON LIGHT - ROSÉ,collectible,399,2026-10-07 04:11:14
efe5cbdd-b3ed-40e0-9a00-c0c654af5f8e,Goose,collectible,79,2026-10-07 04:11:14
8d14679c-ef72-4a0d-ab39-617170e2e2e5,Quaritch's Banshee,collectible,55,2026-10-07 04:11:14
856227a4-716c-4b50-893c-d16a4fc93e33,Night Trooper Exposed - Unleashed,collectible,35,2026-10-07 04:11:14
53ff9a39-afb8-4a2e-b9de-516d6ea965d5,Laser Beam Machine,collectible,2.94,2026-10-07 04:11:14
e075643b-0f54-43dc-b020-755db00e1b3f,Strobe Light Machine,collectible,2.9,2026-10-07 04:11:14
3a179b42-be8c-4239-86a0-3bd5674cf304,ROSÉ – Open Heart,collectible,19.99,2026-10-07 04:11:14
3a179b42-be8c-4239-86a0-3bd5674cf304,ROSÉ – Open Heart,collectible,2999,2026-10-07 05:13:22
c6c4987d-df55-48bf-b727-655b73668c06,Red Skull,collectible,25.5,2026-10-07 05:13:22
11bc19eb-ef1b-4fa0-8e0d-1a8281197e90,Ghost-Spider,collectible,8,2026-10-07 05:13:22
fa0b161c-5a8d-42ed-9baa-1848c7e1a7da,Marvel Logo,collectible,55,2026-10-07 05:13:22
2dfee68d-a04c-4bfa-8a0f-5147384bc37d,Torch it Up,collectible,437.16,2026-10-07 05:13:22
a86cc68d-be1a-49c8-a123-96c5959b7ca3,Sewer Manhole - Gold,collectible,559,2026-10-07 05:13:22
fe54f61c-cb18-4d85-bd0f-cb9305e4c463,Iron Man - Marvel Metallic Red,collectible,87,2026-10-07 05:13:22
918a85ae-0c95-4769-9f0a-935330b7cc3b,Boba Fett’s Gauntlets,collectible,300,2026-10-07 05:13:22
ba623eaa-2499-424b-8a36-3750ae2e509b,Beast,collectible,8,2026-10-07 05:13:22
86ad416a-57ac-491a-b31a-f587acdc0894,Sweet Release,collectible,65,2026-10-07 05:13:22
c453fdaf-e57f-4a45-88a6-487d999916b9,Fall,collectible,32,2026-10-07 05:13:22
92635283-99b4-4597-ba69-01e39ccba334,Master Splinter - Father Figure,collectible,4.4,2026-10-07 05:13:22
d4ec084d-812b-4a3c-958f-d691f0060ff9,Master Splinter - Battle Ready,collectible,40,2026-10-07 05:13:22
ba7151f1-eba5-487d-87c9-3159fbc70bf8,Red Noggles,collectible,31,2026-10-07 05:13:22
ad62bc36-b967-40cb-8b10-5dd30054dd4e,Russell,collectible,7,2026-10-07 05:13:22
545f8c91-7a0e-4bd4-83d5-c806fe2d832b,Foam Machine,collectible,6.99,2026-10-07 05:13:22
8a50b96b-5408-4e5e-bb40-23961d9ed8d8,Magik - Hellfire Gala #1 (2022),collectible,7,2026-10-07 05:13:22
df3027cc-2f9f-4cac-a583-d62792578d10,Coral Reef,collectible,3,2026-10-07 05:13:22
12d7ac8b-dad2-48a4-930f-5abc5399b121,Boy (Color),collectible,190,2026-10-07 05:13:22
8684b674-49b4-4ece-aa1e-510ed9e5ebaf,Ash - Dark,collectible,56,2026-10-07 05:13:22
2cf09235-f140-422e-a800-d0b049fbaff0,C-3PO,collectible,65,2026-10-07 06:13:59
407c2658-6e20-471f-b677-95e95dffd4a3,Community Events Participant Award,collectible,500,2026-10-07 06:13:59
883f2d9e-0fd7-4454-be5d-839e8b56bbd3,John F. Walker - On Guard,collectible,19.98,2026-10-07 06:13:59
9f428e38-ab8d-446b-8037-f58c1a4af078,The London Police x SUYE Utility Coin,collectible,33.2,2026-10-07 06:13:59
fa0b161c-5a8d-42ed-9baa-1848c7e1a7da,Marvel Logo,collectible,49.99,2026-10-07 06:13:59
12d7ac8b-dad2-48a4-930f-5abc5399b121,Boy (Color),collectible,2850,2026-10-07 06:13:59
1c16c026-5fee-490f-96e5-919636558b8f,Admiral Ackbar,collectible,24.13,2026-10-07 06:13:59
c62142c0-cf6b-4d96-92dd-ad0140ab0a41,Miles Morales,collectible,9.99,2026-10-07 06:13:59
aa8ace2b-3356-421c-8bfc-d77fb68b703b,Blue Noggles,collectible,52,2026-10-07 06:13:59
a35a6323-40ba-4c70-b65c-99c166f6c507,Dog,collectible,11.99,2026-10-07 06:13:59
ab837c48-11e4-4fe9-b99a-0fd17f62e599,Death Trooper - SE-14r Blaster,collectible,2.45,2026-10-07 06:13:59
cac60134-17f8-40d5-988f-f911652e1a12,VeVe Common General Admission Ticket - NYCC 2024,collectible,2.5,2026-10-07 06:13:59
ec00071b-05f6-4fbd-9b35-cbcbfb88c996,Mr. V,collectible,4.2,2026-10-07 06:13:59
98bbca6f-42b0-4694-a886-12589444fc5d,Graffi ver. Navy,collectible,6.98,2026-10-07 06:13:59
